Workbook

Sheet 1_50J
A1: 40_500_0.2 | B1: 40_800_0.2 | C1: 40_1000_0.2 | D1: 40_500_0.3 | E1: 40_800_0.3 | F1: 40_1000_0.3 | G1: 40_500_0.5 | H1: 40_800_0.5 | I1: 40_1000_0.5 | J1: 50_500_0.2 | K1: 50_800_0.2 | L1: 50_1000_0.2 | M1: 50_500_0.3 | N1: 50_800_0.3 | O1: 50_1000_0.3 | P1: 50_500_0.5 | Q1: 50_800_0.5 | R1: 50_1000_0.5 | S1: 70_500_0.2 | T1: 70_800_0.2 | U1: 70_1000_0.2 | V1: 70_500_0.3 | W1: 70_800_0.3 | X1: 70_1000_0.3 | Y1: 70_500_0.5 | Z1: 70_800_0.5 | AA1: 70_1000_0.5 | AB1: OVER_1 | AC1: OVER_2 | AD1: OVER_3 | AE1: OVER_4 | AF1: OVER_5 | AG1: OVER_6 | AH1: OVER_7 | AI1: OVER_8 | AJ1: OVER_9 | AK1: OVER_10 | AL1: OVER_11 | AM1: OVER_12 | AN1: OVER_13 | AO1: OVER_14 | AP1: OVER_15 | AQ1: OVER_16 | AR1: OVER_17 | AS1: OVER_18 | AT1: OVER_19 | AU1: OVER_20 | AV1: OVER_21 | AW1: OVER_22 | AX1: OVER_23 | AY1: OVER_24 | AZ1: OVER_25 | BA1: OVER_26 | BB1: OVER_27 | BC1: TIME_1 | BD1: TIME_2 | BE1: TIME_3 | BF1: TIME_4 | BG1: TIME_5 | BH1: TIME_6 | BI1: TIME_7 | BJ1: TIME_8 | BK1: TIME_9 | BL1: TIME_10 | BM1: TIME_11 | BN1: TIME_12 | BO1: TIME_13 | BP1: TIME_14 | BQ1: TIME_15 | BR1: TIME_16 | BS1: TIME_17 | BT1: TIME_18 | BU1: TIME_19 | BV1: TIME_20 | BW1: TIME_21 | BX1: TIME_22 | BY1: TIME_23 | BZ1: TIME_24 | CA1: TIME_25 | CB1: TIME_26 | CC1: TIME_27
A2: 323282 | B2: 316952 | C2: 328928 | D2: 321786 | E2: 333387 | F2: 316602 | G2: 334567 | H2: 318923 | I2: 326988 | J2: 333808 | K2: 371988 | L2: 336519 | M2: 336537 | N2: 333994 | O2: 322604 | P2: 313733 | Q2: 333697 | R2: 307310 | S2: 315224 | T2: 313271 | U2: 314792 | V2: 351306 | W2: 322938 | X2: 321158 | Y2: 326939 | Z2: 314428 | AA2: 314368 | AB2: 0 | AC2: 0 | AD2: 0 | AE2: 0 | AF2: 0 | AG2: 0 | AH2: 0 | AI2: 0 | AJ2: 0 | AK2: 0 | AL2: 13 | AM2: 0 | AN2: 0 | AO2: 0 | AP2: 0 | AQ2: 0 | AR2: 0 | AS2: 0 | AT2: 0 | AU2: 0 | AV2: 0 | AW2: 31 | AX2: 0 | AY2: 0 | AZ2: 0 | BA2: 0 | BB2: 0 | BC2: 0 | BD2: 0 | BE2: 1 | BF2: 0 | BG2: 1 | BH2: 0 | BI2: 1 | BJ2: 0 | BK2: 1 | BL2: 0 | BM2: 1 | BN2: 0 | BO2: 1 | BP2: 0 | BQ2: 1 | BR2: 0 | BS2: 1 | BT2: 1 | BU2: 0 | BV2: 1 | BW2: 1 | BX2: 0 | BY2: 1 | BZ2: 1 | CA2: 1 | CB2: 0 | CC2: 2
A3: 328196 | B3: 322148 | C3: 336634 | D3: 312781 | E3: 343476 | F3: 316942 | G3: 319421 | H3: 324218 | I3: 306254 | J3: 359104 | K3: 317862 | L3: 322044 | M3: 334607 | N3: 326470 | O3: 387778 | P3: 314701 | Q3: 333646 | R3: 363637 | S3: 335702 | T3: 299899 | U3: 337266 | V3: 334856 | W3: 322578 | X3: 317492 | Y3: 323630 | Z3: 295155 | AA3: 298900 | AB3: 11 | AC3: 0 | AD3: 0 | AE3: 0 | AF3: 6 | AG3: 0 | AH3: 0 | AI3: 0 | AJ3: 0 | AK3: 1 | AL3: 0 | AM3: 0 | AN3: 0 | AO3: 1 | AP3: 57 | AQ3: 0 | AR3: 0 | AS3: 50 | AT3: 0 | AU3: 0 | AV3: 0 | AW3: 0 | AX3: 0 | AY3: 0 | AZ3: 0 | BA3: 0 | BB3: 0 | BC3: 0 | BD3: 0 | BE3: 1 | BF3: 0 | BG3: 1 | BH3: 0 | BI3: 0 | BJ3: 1 | BK3: 1 | BL3: 0 | BM3: 0 | BN3: 1 | BO3: 0 | BP3: 1 | BQ3: 1 | BR3: 0 | BS3: 1 | BT3: 1 | BU3: 0 | BV3: 1 | BW3: 1 | BX3: 0 | BY3: 1 | BZ3: 1 | CA3: 1 | CB3: 0 | CC3: 2
A4: 374018 | B4: 345454 | C4: 335814 | D4: 350573 | E4: 335030 | F4: 350866 | G4: 307802 | H4: 354425 | I4: 325619 | J4: 339467 | K4: 380134 | L4: 348722 | M4: 340837 | N4: 361393 | O4: 343487 | P4: 411425 | Q4: 418222 | R4: 329685 | S4: 375039 | T4: 341142 | U4: 322272 | V4: 361074 | W4: 351664 | X4: 358384 | Y4: 341738 | Z4: 441481 | AA4: 364948 | AB4: 0 | AC4: 0 | AD4: 0 | AE4: 0 | AF4: 0 | AG4: 0 | AH4: 0 | AI4: 0 | AJ4: 0 | AK4: 0 | AL4: 0 | AM4: 0 | AN4: 0 | AO4: 0 | AP4: 0 | AQ4: 56 | AR4: 69 | AS4: 0 | AT4: 25 | AU4: 0 | AV4: 0 | AW4: 0 | AX4: 0 | AY4: 0 | AZ4: 0 | BA4: 92 | BB4: 25 | BC4: 0 | BD4: 0 | BE4: 1 | BF4: 0 | BG4: 0 | BH4: 1 | BI4: 0 | BJ4: 1 | BK4: 0 | BL4: 1 | BM4: 0 | BN4: 1 | BO4: 0 | BP4: 1 | BQ4: 1 | BR4: 0 | BS4: 1 | BT4: 0 | BU4: 1 | BV4: 1 | BW4: 1 | BX4: 0 | BY4: 1 | BZ4: 1 | CA4: 0 | CB4: 2 | CC4: 1
A5: 413696 | B5: 373944 | C5: 348558 | D5: 376658 | E5: 369338 | F5: 363721 | G5: 357354 | H5: 352257 | I5: 339495 | J5: 356170 | K5: 479722 | L5: 373721 | M5: 356236 | N5: 342143 | O5: 350725 | P5: 334684 | Q5: 338054 | R5: 350166 | S5: 339846 | T5: 353942 | U5: 358031 | V5: 375291 | W5: 339016 | X5: 357740 | Y5: 351029 | Z5: 361780 | AA5: 338894 | AB5: 31 | AC5: 30 | AD5: 0 | AE5: 0 | AF5: 0 | AG5: 0 | AH5: 0 | AI5: 0 | AJ5: 0 | AK5: 0 | AL5: 129 | AM5: 0 | AN5: 0 | AO5: 0 | AP5: 0 | AQ5: 0 | AR5: 0 | AS5: 0 | AT5: 6 | AU5: 17 | AV5: 0 | AW5: 0 | AX5: 0 | AY5: 0 | AZ5: 0 | BA5: 0 | BB5: 0 | BC5: 0 | BD5: 1 | BE5: 0 | BF5: 0 | BG5: 1 | BH5: 0 | BI5: 1 | BJ5: 0 | BK5: 1 | BL5: 0 | BM5: 1 | BN5: 0 | BO5: 1 | BP5: 0 | BQ5: 1 | BR5: 0 | BS5: 1 | BT5: 1 | BU5: 0 | BV5: 1 | BW5: 1 | BX5: 1 | BY5: 0 | BZ5: 1 | CA5: 1 | CB5: 1 | CC5: 1
A6: 338559 | B6: 303590 | C6: 403299 | D6: 342818 | E6: 317418 | F6: 328295 | G6: 339591 | H6: 321941 | I6: 320073 | J6: 322576 | K6: 328651 | L6: 325140 | M6: 351699 | N6: 317650 | O6: 308140 | P6: 320718 | Q6: 301009 | R6: 316607 | S6: 348861 | T6: 338601 | U6: 326626 | V6: 307277 | W6: 329203 | X6: 318469 | Y6: 300587 | Z6: 357779 | AA6: 324034 | AB6: 0 | AC6: 0 | AD6: 83 | AE6: 18 | AF6: 0 | AG6: 12 | AH6: 0 | AI6: 0 | AJ6: 0 | AK6: 4 | AL6: 0 | AM6: 0 | AN6: 0 | AO6: 0 | AP6: 0 | AQ6: 0 | AR6: 0 | AS6: 0 | AT6: 22 | AU6: 0 | AV6: 0 | AW6: 0 | AX6: 0 | AY6: 0 | AZ6: 0 | BA6: 42 | BB6: 2 | BC6: 0 | BD6: 0 | BE6: 1 | BF6: 0 | BG6: 1 | BH6: 1 | BI6: 0 | BJ6: 0 | BK6: 1 | BL6: 0 | BM6: 1 | BN6: 1 | BO6: 0 | BP6: 0 | BQ6: 1 | BR6: 1 | BS6: 0 | BT6: 1 | BU6: 0 | BV6: 1 | BW6: 1 | BX6: 1 | BY6: 0 | BZ6: 1 | CA6: 1 | CB6: 1 | CC6: 1
A7: 457408 | B7: 394170 | C7: 374064 | D7: 399686 | E7: 361523 | F7: 381836 | G7: 378400 | H7: 382778 | I7: 362704 | J7: 395261 | K7: 370746 | L7: 371233 | M7: 354300 | N7: 389632 | O7: 349672 | P7: 418713 | Q7: 359307 | R7: 358940 | S7: 377713 | T7: 389839 | U7: 376268 | V7: 368854 | W7: 368737 | X7: 373689 | Y7: 355299 | Z7: 365342 | AA7: 399425 | AB7: 50 | AC7: 0 | AD7: 0 | AE7: 0 | AF7: 0 | AG7: 0 | AH7: 0 | AI7: 0 | AJ7: 0 | AK7: 0 | AL7: 0 | AM7: 0 | AN7: 0 | AO7: 0 | AP7: 0 | AQ7: 36 | AR7: 0 | AS7: 0 | AT7: 0 | AU7: 0 | AV7: 0 | AW7: 0 | AX7: 0 | AY7: 0 | AZ7: 0 | BA7: 0 | BB7: 46 | BC7: 0 | BD7: 1 | BE7: 0 | BF7: 1 | BG7: 0 | BH7: 1 | BI7: 0 | BJ7: 0 | BK7: 1 | BL7: 0 | BM7: 1 | BN7: 1 | BO7: 0 | BP7: 0 | BQ7: 1 | BR7: 1 | BS7: 0 | BT7: 1 | BU7: 0 | BV7: 1 | BW7: 1 | BX7: 1 | BY7: 0 | BZ7: 1 | CA7: 1 | CB7: 1 | CC7: 1
A8: 383138 | B8: 394711 | C8: 401105 | D8: 392605 | E8: 383075 | F8: 387531 | G8: 378141 | H8: 392238 | I8: 396529 | J8: 384882 | K8: 407512 | L8: 384766 | M8: 389184 | N8: 402838 | O8: 389800 | P8: 400443 | Q8: 389759 | R8: 370259 | S8: 420676 | T8: 419551 | U8: 426133 | V8: 412418 | W8: 388737 | X8: 387254 | Y8: 367655 | Z8: 363350 | AA8: 389676 | AB8: 0 | AC8: 0 | AD8: 0 | AE8: 0 | AF8: 0 | AG8: 0 | AH8: 0 | AI8: 0 | AJ8: 0 | AK8: 0 | AL8: 0 | AM8: 0 | AN8: 0 | AO8: 0 | AP8: 0 | AQ8: 0 | AR8: 0 | AS8: 0 | AT8: 7 | AU8: 0 | AV8: 0 | AW8: 0 | AX8: 0 | AY8: 0 | AZ8: 0 | BA8: 0 | BB8: 0 | BC8: 0 | BD8: 1 | BE8: 0 | BF8: 0 | BG8: 1 | BH8: 0 | BI8: 1 | BJ8: 0 | BK8: 1 | BL8: 0 | BM8: 1 | BN8: 0 | BO8: 1 | BP8: 0 | BQ8: 1 | BR8: 0 | BS8: 1 | BT8: 1 | BU8: 0 | BV8: 1 | BW8: 1 | BX8: 0 | BY8: 1 | BZ8: 1 | CA8: 1 | CB8: 1 | CC8: 1
A9: 312069 | B9: 318162 | C9: 348387 | D9: 320907 | E9: 320315 | F9: 343429 | G9: 397213 | H9: 304333 | I9: 391300 | J9: 326748 | K9: 326956 | L9: 333055 | M9: 316031 | N9: 320488 | O9: 320450 | P9: 327819 | Q9: 319276 | R9: 403759 | S9: 325881 | T9: 336570 | U9: 304132 | V9: 360065 | W9: 336728 | X9: 327822 | Y9: 298207 | Z9: 309414 | AA9: 315299 | AB9: 0 | AC9: 0 | AD9: 0 | AE9: 0 | AF9: 0 | AG9: 11 | AH9: 75 | AI9: 0 | AJ9: 58 | AK9: 0 | AL9: 0 | AM9: 0 | AN9: 0 | AO9: 0 | AP9: 0 | AQ9: 0 | AR9: 0 | AS9: 86 | AT9: 0 | AU9: 40 | AV9: 0 | AW9: 36 | AX9: 0 | AY9: 0 | AZ9: 0 | BA9: 0 | BB9: 0 | BC9: 0 | BD9: 0 | BE9: 1 | BF9: 0 | BG9: 1 | BH9: 0 | BI9: 1 | BJ9: 0 | BK9: 1 | BL9: 0 | BM9: 1 | BN9: 0 | BO9: 1 | BP9: 0 | BQ9: 1 | BR9: 0 | BS9: 1 | BT9: 1 | BU9: 0 | BV9: 1 | BW9: 1 | BX9: 1 | BY9: 0 | BZ9: 1 | CA9: 1 | CB9: 1 | CC9: 1
A10: 406996 | B10: 365990 | C10: 365290 | D10: 373484 | E10: 374612 | F10: 359990 | G10: 352998 | H10: 376624 | I10: 354065 | J10: 432573 | K10: 383838 | L10: 386749 | M10: 367231 | N10: 372204 | O10: 342038 | P10: 345178 | Q10: 355724 | R10: 360248 | S10: 360600 | T10: 365510 | U10: 373045 | V10: 364981 | W10: 386062 | X10: 368585 | Y10: 353834 | Z10: 344963 | AA10: 361982 | AB10: 37 | AC10: 0 | AD10: 0 | AE10: 0 | AF10: 0 | AG10: 0 | AH10: 0 | AI10: 56 | AJ10: 0 | AK10: 64 | AL10: 0 | AM10: 0 | AN10: 0 | AO10: 0 | AP10: 0 | AQ10: 0 | AR10: 0 | AS10: 0 | AT10: 0 | AU10: 0 | AV10: 0 | AW10: 0 | AX10: 0 | AY10: 0 | AZ10: 0 | BA10: 0 | BB10: 0 | BC10: 0 | BD10: 0 | BE10: 1 | BF10: 0 | BG10: 1 | BH10: 0 | BI10: 1 | BJ10: 0 | BK10: 1 | BL10: 0 | BM10: 1 | BN10: 0 | BO10: 1 | BP10: 0 | BQ10: 1 | BR10: 0 | BS10: 1 | BT10: 1 | BU10: 0 | BV10: 1 | BW10: 1 | BX10: 0 | BY10: 1 | BZ10: 1 | CA10: 1 | CB10: 1 | CC10: 1
A11: 373120 | B11: 345891 | C11: 365852 | D11: 377083 | E11: 379991 | F11: 384397 | G11: 358430 | H11: 373381 | I11: 341521 | J11: 374395 | K11: 373710 | L11: 372944 | M11: 373340 | N11: 346719 | O11: 339817 | P11: 336670 | Q11: 352176 | R11: 370020 | S11: 365632 | T11: 358394 | U11: 353481 | V11: 376162 | W11: 347232 | X11: 345341 | Y11: 361925 | Z11: 362386 | AA11: 360611 | AB11: 0 | AC11: 0 | AD11: 0 | AE11: 0 | AF11: 0 | AG11: 0 | AH11: 0 | AI11: 0 | AJ11: 0 | AK11: 0 | AL11: 0 | AM11: 0 | AN11: 0 | AO11: 0 | AP11: 0 | AQ11: 0 | AR11: 0 | AS11: 0 | AT11: 0 | AU11: 0 | AV11: 0 | AW11: 7 | AX11: 0 | AY11: 0 | AZ11: 0 | BA11: 0 | BB11: 0 | BC11: 0 | BD11: 0 | BE11: 1 | BF11: 0 | BG11: 1 | BH11: 0 | BI11: 0 | BJ11: 1 | BK11: 0 | BL11: 1 | BM11: 0 | BN11: 1 | BO11: 0 | BP11: 1 | BQ11: 1 | BR11: 0 | BS11: 1 | BT11: 0 | BU11: 1 | BV11: 1 | BW11: 0 | BX11: 1 | BY11: 1 | BZ11: 1 | CA11: 0 | CB11: 1 | CC11: 1
A12: 397458 | B12: 430060 | C12: 432076 | D12: 401354 | E12: 417616 | F12: 406221 | G12: 409222 | H12: 398235 | I12: 441786 | J12: 404728 | K12: 401141 | L12: 390318 | M12: 406398 | N12: 417908 | O12: 410255 | P12: 380489 | Q12: 414914 | R12: 420756 | S12: 394891 | T12: 413598 | U12: 383296 | V12: 416111 | W12: 413799 | X12: 416136 | Y12: 417777 | Z12: 410469 | AA12: 407025 | AB12: 0 | AC12: 0 | AD12: 0 | AE12: 0 | AF12: 0 | AG12: 0 | AH12: 0 | AI12: 0 | AJ12: 0 | AK12: 0 | AL12: 0 | AM12: 0 | AN12: 0 | AO12: 0 | AP12: 0 | AQ12: 0 | AR12: 0 | AS12: 0 | AT12: 0 | AU12: 0 | AV12: 0 | AW12: 0 | AX12: 0 | AY12: 0 | AZ12: 0 | BA12: 0 | BB12: 0 | BC12: 0 | BD12: 1 | BE12: 0 | BF12: 1 | BG12: 0 | BH12: 1 | BI12: 0 | BJ12: 0 | BK12: 1 | BL12: 0 | BM12: 1 | BN12: 1 | BO12: 0 | BP12: 0 | BQ12: 1 | BR12: 1 | BS12: 0 | BT12: 1 | BU12: 0 | BV12: 1 | BW12: 1 | BX12: 0 | BY12: 1 | BZ12: 1 | CA12: 1 | CB12: 1 | CC12: 1
A13: 367005 | B13: 388478 | C13: 428204 | D13: 407925 | E13: 356846 | F13: 364026 | G13: 350194 | H13: 342390 | I13: 355440 | J13: 370010 | K13: 352030 | L13: 358832 | M13: 364965 | N13: 341908 | O13: 342118 | P13: 379484 | Q13: 356273 | R13: 336107 | S13: 349737 | T13: 362710 | U13: 350520 | V13: 370144 | W13: 332112 | X13: 373906 | Y13: 368351 | Z13: 355136 | AA13: 337456 | AB13: 0 | AC13: 0 | AD13: 35 | AE13: 19 | AF13: 0 | AG13: 0 | AH13: 1 | AI13: 16 | AJ13: 0 | AK13: 0 | AL13: 0 | AM13: 0 | AN13: 0 | AO13: 0 | AP13: 0 | AQ13: 0 | AR13: 0 | AS13: 0 | AT13: 0 | AU13: 0 | AV13: 0 | AW13: 0 | AX13: 0 | AY13: 16 | AZ13: 0 | BA13: 0 | BB13: 0 | BC13: 0 | BD13: 0 | BE13: 1 | BF13: 1 | BG13: 0 | BH13: 1 | BI13: 0 | BJ13: 1 | BK13: 0 | BL13: 0 | BM13: 1 | BN13: 1 | BO13: 0 | BP13: 1 | BQ13: 0 | BR13: 1 | BS13: 0 | BT13: 1 | BU13: 1 | BV13: 0 | BW13: 1 | BX13: 1 | BY13: 1 | BZ13: 1 | CA13: 0 | CB13: 1 | CC13: 1
... A61: 343742 | B61: 330136 | C61: 335913 | D61: 351427 | E61: 332393 | F61: 331753 | G61: 327475 | H61: 334753 | I61: 343715 | J61: 339612 | K61: 340511 | L61: 337016 | M61: 324786 | N61: 336941 | O61: 335842 | P61: 323284 | Q61: 324092 | R61: 327854 | S61: 337727 | T61: 331341 | U61: 328672 | V61: 321775 | W61: 326565 | X61: 322986 | Y61: 322182 | Z61: 338664 | AA61: 330040 | AB61: 0 | AC61: 0 | AD61: 0 | AE61: 0 | AF61: 0 | AG61: 0 | AH61: 0 | AI61: 0 | AJ61: 0 | AK61: 0 | AL61: 0 | AM61: 0 | AN61: 0 | AO61: 0 | AP61: 0 | AQ61: 0 | AR61: 0 | AS61: 0 | AT61: 0 | AU61: 0 | AV61: 0 | AW61: 0 | AX61: 0 | AY61: 0 | AZ61: 0 | BA61: 0 | BB61: 0 | BC61: 1 | BD61: 0 | BE61: 1 | BF61: 0 | BG61: 1 | BH61: 0 | BI61: 1 | BJ61: 0 | BK61: 1 | BL61: 1 | BM61: 0 | BN61: 1 | BO61: 0 | BP61: 1 | BQ61: 1 | BR61: 0 | BS61: 1 | BT61: 1 | BU61: 1 | BV61: 1 | BW61: 1 | BX61: 0 | BY61: 1 | BZ61: 1 | CA61: 1 | CB61: 1 | CC61: 1

Sheet 2_50J
A1: 40_500_0.2 | B1: 40_800_0.2 | C1: 40_1000_0.2 | D1: 40_500_0.3 | E1: 40_800_0.3 | F1: 40_1000_0.3 | G1: 40_500_0.5 | H1: 40_800_0.5 | I1: 40_1000_0.5 | J1: 50_500_0.2 | K1: 50_800_0.2 | L1: 50_1000_0.2 | M1: 50_500_0.3 | N1: 50_800_0.3 | O1: 50_1000_0.3 | P1: 50_500_0.5 | Q1: 50_800_0.5 | R1: 50_1000_0.5 | S1: 70_500_0.2 | T1: 70_800_0.2 | U1: 70_1000_0.2 | V1: 70_500_0.3 | W1: 70_800_0.3 | X1: 70_1000_0.3 | Y1: 70_500_0.5 | Z1: 70_800_0.5 | AA1: 70_1000_0.5 | AB1: OVER_1 | AC1: OVER_2 | AD1: OVER_3 | AE1: OVER_4 | AF1: OVER_5 | AG1: OVER_6 | AH1: OVER_7 | AI1: OVER_8 | AJ1: OVER_9 | AK1: OVER_10 | AL1: OVER_11 | AM1: OVER_12 | AN1: OVER_13 | AO1: OVER_14 | AP1: OVER_15 | AQ1: OVER_16 | AR1: OVER_17 | AS1: OVER_18 | AT1: OVER_19 | AU1: OVER_20 | AV1: OVER_21 | AW1: OVER_22 | AX1: OVER_23 | AY1: OVER_24 | AZ1: OVER_25 | BA1: OVER_26 | BB1: OVER_27 | BC1: TIME_1 | BD1: TIME_2 | BE1: TIME_3 | BF1: TIME_4 | BG1: TIME_5 | BH1: TIME_6 | BI1: TIME_7 | BJ1: TIME_8 | BK1: TIME_9 | BL1: TIME_10 | BM1: TIME_11 | BN1: TIME_12 | BO1: TIME_13 | BP1: TIME_14 | BQ1: TIME_15 | BR1: TIME_16 | BS1: TIME_17 | BT1: TIME_18 | BU1: TIME_19 | BV1: TIME_20 | BW1: TIME_21 | BX1: TIME_22 | BY1: TIME_23 | BZ1: TIME_24 | CA1: TIME_25 | CB1: TIME_26 | CC1: TIME_27
A2: 349713 | B2: 340532 | C2: 344568 | D2: 335556 | E2: 341275 | F2: 324709 | G2: 338593 | H2: 343290 | I2: 343662 | J2: 315054 | K2: 324380 | L2: 322009 | M2: 343473 | N2: 320328 | O2: 336852 | P2: 331018 | Q2: 324423 | R2: 328429 | S2: 344348 | T2: 313810 | U2: 326900 | V2: 328896 | W2: 373567 | X2: 339720 | Y2: 325241 | Z2: 304741 | AA2: 312670 | AB2: 18 | AC2: 0 | AD2: 0 | AE2: 0 | AF2: 0 | AG2: 0 | AH2: 0 | AI2: 0 | AJ2: 0 | AK2: 0 | AL2: 0 | AM2: 0 | AN2: 0 | AO2: 0 | AP2: 0 | AQ2: 17 | AR2: 0 | AS2: 0 | AT2: 0 | AU2: 0 | AV2: 18 | AW2: 0 | AX2: 61 | AY2: 0 | AZ2: 0 | BA2: 0 | BB2: 0 | BC2: 1 | BD2: 0 | BE2: 0 | BF2: 1 | BG2: 0 | BH2: 1 | BI2: 0 | BJ2: 1 | BK2: 0 | BL2: 0 | BM2: 1 | BN2: 1 | BO2: 0 | BP2: 1 | BQ2: 0 | BR2: 1 | BS2: 0 | BT2: 1 | BU2: 1 | BV2: 0 | BW2: 1 | BX2: 1 | BY2: 1 | BZ2: 1 | CA2: 0 | CB2: 1 | CC2: 1
A3: 321666 | B3: 314923 | C3: 324547 | D3: 321244 | E3: 337264 | F3: 356825 | G3: 327038 | H3: 354219 | I3: 312804 | J3: 347845 | K3: 341830 | L3: 308369 | M3: 356247 | N3: 335044 | O3: 327185 | P3: 423807 | Q3: 314317 | R3: 335054 | S3: 316017 | T3: 322137 | U3: 347281 | V3: 323650 | W3: 329000 | X3: 304342 | Y3: 328190 | Z3: 347474 | AA3: 304875 | AB3: 0 | AC3: 0 | AD3: 0 | AE3: 0 | AF3: 0 | AG3: 36 | AH3: 0 | AI3: 24 | AJ3: 0 | AK3: 5 | AL3: 3 | AM3: 0 | AN3: 0 | AO3: 22 | AP3: 0 | AQ3: 96 | AR3: 0 | AS3: 0 | AT3: 0 | AU3: 4 | AV3: 27 | AW3: 0 | AX3: 15 | AY3: 0 | AZ3: 9 | BA3: 44 | BB3: 4 | BC3: 0 | BD3: 1 | BE3: 0 | BF3: 1 | BG3: 0 | BH3: 1 | BI3: 0 | BJ3: 1 | BK3: 0 | BL3: 0 | BM3: 1 | BN3: 1 | BO3: 0 | BP3: 1 | BQ3: 1 | BR3: 0 | BS3: 1 | BT3: 0 | BU3: 1 | BV3: 1 | BW3: 1 | BX3: 0 | BY3: 1 | BZ3: 1 | CA3: 1 | CB3: 1 | CC3: 1
A4: 424067 | B4: 379112 | C4: 353102 | D4: 365016 | E4: 335800 | F4: 372729 | G4: 360440 | H4: 336878 | I4: 393013 | J4: 353706 | K4: 340676 | L4: 337397 | M4: 346437 | N4: 330758 | O4: 323334 | P4: 329397 | Q4: 324942 | R4: 337094 | S4: 341941 | T4: 364946 | U4: 319136 | V4: 350781 | W4: 354547 | X4: 344558 | Y4: 343748 | Z4: 339996 | AA4: 334161 | AB4: 38 | AC4: 22 | AD4: 0 | AE4: 36 | AF4: 0 | AG4: 0 | AH4: 0 | AI4: 0 | AJ4: 41 | AK4: 0 | AL4: 0 | AM4: 0 | AN4: 0 | AO4: 0 | AP4: 0 | AQ4: 0 | AR4: 0 | AS4: 0 | AT4: 0 | AU4: 0 | AV4: 0 | AW4: 0 | AX4: 0 | AY4: 0 | AZ4: 0 | BA4: 0 | BB4: 0 | BC4: 0 | BD4: 1 | BE4: 0 | BF4: 1 | BG4: 0 | BH4: 1 | BI4: 0 | BJ4: 1 | BK4: 0 | BL4: 1 | BM4: 0 | BN4: 1 | BO4: 0 | BP4: 1 | BQ4: 0 | BR4: 1 | BS4: 0 | BT4: 1 | BU4: 1 | BV4: 0 | BW4: 1 | BX4: 1 | BY4: 1 | BZ4: 1 | CA4: 0 | CB4: 1 | CC4: 1
A5: 350026 | B5: 346831 | C5: 376291 | D5: 355905 | E5: 483000 | F5: 391742 | G5: 338500 | H5: 367063 | I5: 346330 | J5: 352068 | K5: 367186 | L5: 361075 | M5: 367189 | N5: 356828 | O5: 368634 | P5: 351329 | Q5: 354820 | R5: 451169 | S5: 373479 | T5: 344968 | U5: 383948 | V5: 424624 | W5: 357732 | X5: 351720 | Y5: 355305 | Z5: 319229 | AA5: 352141 | AB5: 0 | AC5: 0 | AD5: 0 | AE5: 0 | AF5: 110 | AG5: 0 | AH5: 0 | AI5: 0 | AJ5: 0 | AK5: 0 | AL5: 0 | AM5: 0 | AN5: 0 | AO5: 0 | AP5: 0 | AQ5: 0 | AR5: 0 | AS5: 105 | AT5: 0 | AU5: 5 | AV5: 0 | AW5: 44 | AX5: 0 | AY5: 0 | AZ5: 0 | BA5: 0 | BB5: 0 | BC5: 0 | BD5: 1 | BE5: 0 | BF5: 1 | BG5: 0 | BH5: 1 | BI5: 0 | BJ5: 1 | BK5: 0 | BL5: 0 | BM5: 1 | BN5: 1 | BO5: 0 | BP5: 1 | BQ5: 0 | BR5: 1 | BS5: 0 | BT5: 1 | BU5: 1 | BV5: 1 | BW5: 0 | BX5: 1 | BY5: 1 | BZ5: 1 | CA5: 0 | CB5: 1 | CC5: 1
A6: 338613 | B6: 326658 | C6: 315886 | D6: 320005 | E6: 321512 | F6: 327521 | G6: 336724 | H6: 333764 | I6: 317962 | J6: 326232 | K6: 343710 | L6: 323014 | M6: 321841 | N6: 342084 | O6: 322678 | P6: 334892 | Q6: 322995 | R6: 327614 | S6: 325021 | T6: 322857 | U6: 315663 | V6: 311244 | W6: 315667 | X6: 317333 | Y6: 296284 | Z6: 316657 | AA6: 337044 | AB6: 0 | AC6: 0 | AD6: 0 | AE6: 0 | AF6: 0 | AG6: 0 | AH6: 0 | AI6: 0 | AJ6: 0 | AK6: 0 | AL6: 0 | AM6: 0 | AN6: 0 | AO6: 0 | AP6: 0 | AQ6: 0 | AR6: 9 | AS6: 6 | AT6: 0 | AU6: 0 | AV6: 0 | AW6: 0 | AX6: 0 | AY6: 0 | AZ6: 0 | BA6: 0 | BB6: 0 | BC6: 0 | BD6: 1 | BE6: 0 | BF6: 1 | BG6: 0 | BH6: 1 | BI6: 0 | BJ6: 0 | BK6: 1 | BL6: 0 | BM6: 1 | BN6: 1 | BO6: 0 | BP6: 1 | BQ6: 0 | BR6: 1 | BS6: 0 | BT6: 1 | BU6: 1 | BV6: 0 | BW6: 1 | BX6: 1 | BY6: 1 | BZ6: 1 | CA6: 0 | CB6: 1 | CC6: 1
A7: 424679 | B7: 377837 | C7: 366368 | D7: 398210 | E7: 392652 | F7: 380602 | G7: 385218 | H7: 379957 | I7: 360734 | J7: 369008 | K7: 386352 | L7: 376906 | M7: 380296 | N7: 361219 | O7: 388427 | P7: 394424 | Q7: 401124 | R7: 374494 | S7: 418702 | T7: 396717 | U7: 378527 | V7: 498332 | W7: 378576 | X7: 364970 | Y7: 373017 | Z7: 384087 | AA7: 383039 | AB7: 5 | AC7: 0 | AD7: 0 | AE7: 0 | AF7: 7 | AG7: 0 | AH7: 21 | AI7: 0 | AJ7: 0 | AK7: 0 | AL7: 0 | AM7: 0 | AN7: 0 | AO7: 0 | AP7: 0 | AQ7: 18 | AR7: 38 | AS7: 0 | AT7: 0 | AU7: 0 | AV7: 0 | AW7: 122 | AX7: 0 | AY7: 0 | AZ7: 0 | BA7: 0 | BB7: 0 | BC7: 0 | BD7: 1 | BE7: 0 | BF7: 1 | BG7: 0 | BH7: 1 | BI7: 0 | BJ7: 0 | BK7: 1 | BL7: 0 | BM7: 1 | BN7: 1 | BO7: 0 | BP7: 1 | BQ7: 0 | BR7: 1 | BS7: 0 | BT7: 1 | BU7: 1 | BV7: 0 | BW7: 1 | BX7: 1 | BY7: 1 | BZ7: 1 | CA7: 0 | CB7: 1 | CC7: 1
A8: 383458 | B8: 393410 | C8: 383294 | D8: 373830 | E8: 394987 | F8: 361641 | G8: 438726 | H8: 360749 | I8: 362040 | J8: 419760 | K8: 393660 | L8: 408880 | M8: 401969 | N8: 442904 | O8: 417241 | P8: 411010 | Q8: 379655 | R8: 374288 | S8: 400789 | T8: 385367 | U8: 390090 | V8: 382347 | W8: 391528 | X8: 393811 | Y8: 359618 | Z8: 383513 | AA8: 382611 | AB8: 0 | AC8: 0 | AD8: 0 | AE8: 0 | AF8: 0 | AG8: 0 | AH8: 48 | AI8: 0 | AJ8: 0 | AK8: 0 | AL8: 0 | AM8: 0 | AN8: 0 | AO8: 37 | AP8: 0 | AQ8: 0 | AR8: 0 | AS8: 0 | AT8: 0 | AU8: 0 | AV8: 0 | AW8: 0 | AX8: 0 | AY8: 0 | AZ8: 0 | BA8: 0 | BB8: 0 | BC8: 0 | BD8: 1 | BE8: 0 | BF8: 1 | BG8: 0 | BH8: 1 | BI8: 0 | BJ8: 1 | BK8: 0 | BL8: 0 | BM8: 1 | BN8: 1 | BO8: 0 | BP8: 1 | BQ8: 0 | BR8: 1 | BS8: 0 | BT8: 1 | BU8: 1 | BV8: 0 | BW8: 1 | BX8: 1 | BY8: 1 | BZ8: 1 | CA8: 0 | CB8: 1 | CC8: 1
A9: 313967 | B9: 322950 | C9: 315586 | D9: 338172 | E9: 326008 | F9: 330597 | G9: 321366 | H9: 474648 | I9: 307726 | J9: 310127 | K9: 361321 | L9: 350023 | M9: 321773 | N9: 345492 | O9: 302501 | P9: 305232 | Q9: 326686 | R9: 323870 | S9: 330784 | T9: 328668 | U9: 323933 | V9: 328807 | W9: 320229 | X9: 382657 | Y9: 305152 | Z9: 317082 | AA9: 302486 | AB9: 0 | AC9: 0 | AD9: 0 | AE9: 0 | AF9: 0 | AG9: 0 | AH9: 0 | AI9: 141 | AJ9: 0 | AK9: 0 | AL9: 0 | AM9: 0 | AN9: 0 | AO9: 0 | AP9: 0 | AQ9: 0 | AR9: 0 | AS9: 0 | AT9: 0 | AU9: 2 | AV9: 0 | AW9: 0 | AX9: 0 | AY9: 40 | AZ9: 0 | BA9: 0 | BB9: 0 | BC9: 0 | BD9: 1 | BE9: 0 | BF9: 1 | BG9: 0 | BH9: 1 | BI9: 0 | BJ9: 0 | BK9: 1 | BL9: 0 | BM9: 1 | BN9: 1 | BO9: 0 | BP9: 0 | BQ9: 1 | BR9: 1 | BS9: 0 | BT9: 1 | BU9: 0 | BV9: 1 | BW9: 1 | BX9: 1 | BY9: 1 | BZ9: 1 | CA9: 0 | CB9: 1 | CC9: 1
A10: 380731 | B10: 369162 | C10: 381751 | D10: 356554 | E10: 399986 | F10: 334211 | G10: 364785 | H10: 364698 | I10: 357270 | J10: 375558 | K10: 370651 | L10: 360736 | M10: 368944 | N10: 411931 | O10: 359994 | P10: 345148 | Q10: 353550 | R10: 382171 | S10: 366636 | T10: 400100 | U10: 376402 | V10: 376681 | W10: 375716 | X10: 375958 | Y10: 354532 | Z10: 363359 | AA10: 358310 | AB10: 0 | AC10: 0 | AD10: 0 | AE10: 0 | AF10: 0 | AG10: 0 | AH10: 0 | AI10: 0 | AJ10: 0 | AK10: 0 | AL10: 0 | AM10: 0 | AN10: 0 | AO10: 48 | AP10: 0 | AQ10: 0 | AR10: 0 | AS10: 0 | AT10: 0 | AU10: 29 | AV10: 18 | AW10: 19 | AX10: 0 | AY10: 5 | AZ10: 0 | BA10: 0 | BB10: 0 | BC10: 1 | BD10: 0 | BE10: 1 | BF10: 0 | BG10: 0 | BH10: 1 | BI10: 0 | BJ10: 1 | BK10: 0 | BL10: 1 | BM10: 0 | BN10: 1 | BO10: 0 | BP10: 1 | BQ10: 0 | BR10: 1 | BS10: 0 | BT10: 1 | BU10: 1 | BV10: 0 | BW10: 2 | BX10: 0 | BY10: 1 | BZ10: 1 | CA10: 1 | CB10: 1 | CC10: 1
A11: 356004 | B11: 369544 | C11: 359055 | D11: 341881 | E11: 365078 | F11: 351627 | G11: 351070 | H11: 370020 | I11: 361618 | J11: 433681 | K11: 378290 | L11: 365676 | M11: 362059 | N11: 365961 | O11: 380801 | P11: 369636 | Q11: 342323 | R11: 361821 | S11: 364749 | T11: 366553 | U11: 358460 | V11: 376989 | W11: 356398 | X11: 390839 | Y11: 363246 | Z11: 365673 | AA11: 345610 | AB11: 0 | AC11: 0 | AD11: 0 | AE11: 0 | AF11: 0 | AG11: 0 | AH11: 0 | AI11: 0 | AJ11: 0 | AK11: 79 | AL11: 0 | AM11: 0 | AN11: 0 | AO11: 0 | AP11: 0 | AQ11: 0 | AR11: 0 | AS11: 23 | AT11: 0 | AU11: 0 | AV11: 0 | AW11: 0 | AX11: 0 | AY11: 24 | AZ11: 0 | BA11: 0 | BB11: 0 | BC11: 0 | BD11: 0 | BE11: 1 | BF11: 0 | BG11: 1 | BH11: 0 | BI11: 0 | BJ11: 1 | BK11: 1 | BL11: 0 | BM11: 0 | BN11: 1 | BO11: 0 | BP11: 1 | BQ11: 1 | BR11: 0 | BS11: 1 | BT11: 1 | BU11: 0 | BV11: 1 | BW11: 1 | BX11: 0 | BY11: 1 | BZ11: 1 | CA11: 1 | CB11: 0 | CC11: 2
A12: 400348 | B12: 434543 | C12: 383698 | D12: 384520 | E12: 413350 | F12: 419430 | G12: 398264 | H12: 387555 | I12: 389032 | J12: 420481 | K12: 415025 | L12: 386360 | M12: 384640 | N12: 432893 | O12: 378624 | P12: 418630 | Q12: 378529 | R12: 421859 | S12: 415461 | T12: 406766 | U12: 393746 | V12: 405619 | W12: 392272 | X12: 414455 | Y12: 383619 | Z12: 382640 | AA12: 397192 | AB12: 0 | AC12: 0 | AD12: 0 | AE12: 0 | AF12: 0 | AG12: 0 | AH12: 0 | AI12: 0 | AJ12: 0 | AK12: 0 | AL12: 0 | AM12: 0 | AN12: 0 | AO12: 0 | AP12: 0 | AQ12: 0 | AR12: 0 | AS12: 0 | AT12: 0 | AU12: 0 | AV12: 0 | AW12: 0 | AX12: 0 | AY12: 0 | AZ12: 0 | BA12: 0 | BB12: 0 | BC12: 0 | BD12: 0 | BE12: 1 | BF12: 0 | BG12: 0 | BH12: 1 | BI12: 0 | BJ12: 1 | BK12: 0 | BL12: 1 | BM12: 0 | BN12: 1 | BO12: 0 | BP12: 1 | BQ12: 1 | BR12: 0 | BS12: 1 | BT12: 0 | BU12: 1 | BV12: 0 | BW12: 1 | BX12: 1 | BY12: 1 | BZ12: 1 | CA12: 0 | CB12: 1 | CC12: 1
A13: 397464 | B13: 383580 | C13: 361698 | D13: 389942 | E13: 392806 | F13: 363549 | G13: 363819 | H13: 379826 | I13: 351104 | J13: 353072 | K13: 353733 | L13: 369784 | M13: 364891 | N13: 366762 | O13: 342293 | P13: 362217 | Q13: 342473 | R13: 377216 | S13: 368084 | T13: 352074 | U13: 339505 | V13: 371838 | W13: 369574 | X13: 361201 | Y13: 350333 | Z13: 376329 | AA13: 367761 | AB13: 0 | AC13: 0 | AD13: 0 | AE13: 0 | AF13: 0 | AG13: 0 | AH13: 0 | AI13: 0 | AJ13: 0 | AK13: 0 | AL13: 0 | AM13: 0 | AN13: 0 | AO13: 0 | AP13: 0 | AQ13: 0 | AR13: 0 | AS13: 31 | AT13: 0 | AU13: 0 | AV13: 0 | AW13: 0 | AX13: 0 | AY13: 0 | AZ13: 0 | BA13: 0 | BB13: 30 | BC13: 0 | BD13: 1 | BE13: 0 | BF13: 1 | BG13: 0 | BH13: 1 | BI13: 0 | BJ13: 0 | BK13: 1 | BL13: 0 | BM13: 1 | BN13: 1 | BO13: 0 | BP13: 0 | BQ13: 1 | BR13: 1 | BS13: 0 | BT13: 1 | BU13: 0 | BV13: 1 | BW13: 1 | BX13: 1 | BY13: 1 | BZ13: 0 | CA13: 1 | CB13: 1 | CC13: 1
... A61: 325565 | B61: 334590 | C61: 328047 | D61: 319422 | E61: 320659 | F61: 345647 | G61: 344356 | H61: 308282 | I61: 331020 | J61: 338825 | K61: 320996 | L61: 327754 | M61: 335388 | N61: 341194 | O61: 330736 | P61: 330767 | Q61: 325305 | R61: 336653 | S61: 318599 | T61: 334848 | U61: 327973 | V61: 333957 | W61: 332397 | X61: 330811 | Y61: 333666 | Z61: 321494 | AA61: 335875 | AB61: 0 | AC61: 0 | AD61: 0 | AE61: 0 | AF61: 0 | AG61: 0 | AH61: 0 | AI61: 0 | AJ61: 0 | AK61: 0 | AL61: 0 | AM61: 0 | AN61: 0 | AO61: 0 | AP61: 0 | AQ61: 0 | AR61: 0 | AS61: 0 | AT61: 0 | AU61: 0 | AV61: 0 | AW61: 0 | AX61: 1 | AY61: 0 | AZ61: 0 | BA61: 0 | BB61: 0 | BC61: 0 | BD61: 1 | BE61: 1 | BF61: 0 | BG61: 0 | BH61: 1 | BI61: 0 | BJ61: 1 | BK61: 1 | BL61: 0 | BM61: 1 | BN61: 1 | BO61: 0 | BP61: 1 | BQ61: 1 | BR61: 0 | BS61: 1 | BT61: 1 | BU61: 0 | BV61: 1 | BW61: 1 | BX61: 1 | BY61: 1 | BZ61: 1 | CA61: 1 | CB61: 1 | CC61: 1

Sheet 3_50J
A1: 40_500_0.2 | B1: 40_800_0.2 | C1: 40_1000_0.2 | D1: 40_500_0.3 | E1: 40_800_0.3 | F1: 40_1000_0.3 | G1: 40_500_0.5 | H1: 40_800_0.5 | I1: 40_1000_0.5 | J1: 50_500_0.2 | K1: 50_800_0.2 | L1: 50_1000_0.2 | M1: 50_500_0.3 | N1: 50_800_0.3 | O1: 50_1000_0.3 | P1: 50_500_0.5 | Q1: 50_800_0.5 | R1: 50_1000_0.5 | S1: 70_500_0.2 | T1: 70_800_0.2 | U1: 70_1000_0.2 | V1: 70_500_0.3 | W1: 70_800_0.3 | X1: 70_1000_0.3 | Y1: 70_500_0.5 | Z1: 70_800_0.5 | AA1: 70_1000_0.5 | AB1: OVER_1 | AC1: OVER_2 | AD1: OVER_3 | AE1: OVER_4 | AF1: OVER_5 | AG1: OVER_6 | AH1: OVER_7 | AI1: OVER_8 | AJ1: OVER_9 | AK1: OVER_10 | AL1: OVER_11 | AM1: OVER_12 | AN1: OVER_13 | AO1: OVER_14 | AP1: OVER_15 | AQ1: OVER_16 | AR1: OVER_17 | AS1: OVER_18 | AT1: OVER_19 | AU1: OVER_20 | AV1: OVER_21 | AW1: OVER_22 | AX1: OVER_23 | AY1: OVER_24 | AZ1: OVER_25 | BA1: OVER_26 | BB1: OVER_27 | BC1: TIME_1 | BD1: TIME_2 | BE1: TIME_3 | BF1: TIME_4 | BG1: TIME_5 | BH1: TIME_6 | BI1: TIME_7 | BJ1: TIME_8 | BK1: TIME_9 | BL1: TIME_10 | BM1: TIME_11 | BN1: TIME_12 | BO1: TIME_13 | BP1: TIME_14 | BQ1: TIME_15 | BR1: TIME_16 | BS1: TIME_17 | BT1: TIME_18 | BU1: TIME_19 | BV1: TIME_20 | BW1: TIME_21 | BX1: TIME_22 | BY1: TIME_23 | BZ1: TIME_24 | CA1: TIME_25 | CB1: TIME_26 | CC1: TIME_27
A2: 337224 | B2: 339857 | C2: 325064 | D2: 351716 | E2: 391579 | F2: 327308 | G2: 308579 | H2: 308700 | I2: 338978 | J2: 357792 | K2: 340333 | L2: 306100 | M2: 316787 | N2: 354201 | O2: 350723 | P2: 295860 | Q2: 324088 | R2: 312588 | S2: 352973 | T2: 319089 | U2: 326293 | V2: 311401 | W2: 323520 | X2: 320275 | Y2: 353222 | Z2: 298917 | AA2: 335125 | AB2: 0 | AC2: 0 | AD2: 11 | AE2: 0 | AF2: 62 | AG2: 0 | AH2: 0 | AI2: 0 | AJ2: 0 | AK2: 39 | AL2: 0 | AM2: 0 | AN2: 0 | AO2: 0 | AP2: 0 | AQ2: 0 | AR2: 0 | AS2: 0 | AT2: 0 | AU2: 0 | AV2: 0 | AW2: 0 | AX2: 0 | AY2: 0 | AZ2: 48 | BA2: 0 | BB2: 0 | BC2: 0 | BD2: 1 | BE2: 0 | BF2: 1 | BG2: 0 | BH2: 1 | BI2: 0 | BJ2: 1 | BK2: 0 | BL2: 1 | BM2: 0 | BN2: 1 | BO2: 0 | BP2: 1 | BQ2: 0 | BR2: 1 | BS2: 0 | BT2: 1 | BU2: 1 | BV2: 0 | BW2: 1 | BX2: 1 | BY2: 1 | BZ2: 1 | CA2: 0 | CB2: 1 | CC2: 1
A3: 338199 | B3: 340162 | C3: 310534 | D3: 321275 | E3: 345236 | F3: 300762 | G3: 307805 | H3: 310154 | I3: 326287 | J3: 342206 | K3: 340457 | L3: 329293 | M3: 332230 | N3: 341656 | O3: 309459 | P3: 311333 | Q3: 332750 | R3: 316468 | S3: 321913 | T3: 313980 | U3: 317720 | V3: 344545 | W3: 320500 | X3: 320014 | Y3: 327252 | Z3: 326671 | AA3: 317852 | AB3: 0 | AC3: 2 | AD3: 0 | AE3: 0 | AF3: 0 | AG3: 0 | AH3: 0 | AI3: 0 | AJ3: 0 | AK3: 11 | AL3: 4 | AM3: 0 | AN3: 0 | AO3: 0 | AP3: 0 | AQ3: 0 | AR3: 8 | AS3: 0 | AT3: 0 | AU3: 0 | AV3: 1 | AW3: 13 | AX3: 0 | AY3: 0 | AZ3: 0 | BA3: 0 | BB3: 0 | BC3: 0 | BD3: 1 | BE3: 0 | BF3: 1 | BG3: 0 | BH3: 1 | BI3: 0 | BJ3: 0 | BK3: 1 | BL3: 0 | BM3: 1 | BN3: 1 | BO3: 0 | BP3: 0 | BQ3: 1 | BR3: 1 | BS3: 0 | BT3: 1 | BU3: 0 | BV3: 1 | BW3: 1 | BX3: 1 | BY3: 1 | BZ3: 1 | CA3: 0 | CB3: 1 | CC3: 1
A4: 355625 | B4: 343472 | C4: 353624 | D4: 335869 | E4: 361880 | F4: 335507 | G4: 336353 | H4: 375567 | I4: 359797 | J4: 378793 | K4: 367008 | L4: 319202 | M4: 336679 | N4: 335241 | O4: 356417 | P4: 338165 | Q4: 338474 | R4: 350628 | S4: 360382 | T4: 345580 | U4: 349087 | V4: 365036 | W4: 337164 | X4: 375700 | Y4: 337748 | Z4: 338324 | AA4: 329256 | AB4: 0 | AC4: 0 | AD4: 0 | AE4: 0 | AF4: 0 | AG4: 0 | AH4: 0 | AI4: 51 | AJ4: 0 | AK4: 9 | AL4: 0 | AM4: 0 | AN4: 0 | AO4: 0 | AP4: 0 | AQ4: 0 | AR4: 0 | AS4: 0 | AT4: 14 | AU4: 0 | AV4: 0 | AW4: 38 | AX4: 0 | AY4: 24 | AZ4: 0 | BA4: 0 | BB4: 0 | BC4: 0 | BD4: 1 | BE4: 0 | BF4: 1 | BG4: 0 | BH4: 1 | BI4: 0 | BJ4: 0 | BK4: 1 | BL4: 0 | BM4: 1 | BN4: 1 | BO4: 0 | BP4: 1 | BQ4: 0 | BR4: 1 | BS4: 0 | BT4: 1 | BU4: 1 | BV4: 0 | BW4: 1 | BX4: 1 | BY4: 1 | BZ4: 1 | CA4: 0 | CB4: 1 | CC4: 1
A5: 386931 | B5: 355662 | C5: 373501 | D5: 362810 | E5: 365282 | F5: 350248 | G5: 358173 | H5: 343700 | I5: 337632 | J5: 412139 | K5: 376431 | L5: 349743 | M5: 361564 | N5: 376560 | O5: 365034 | P5: 345712 | Q5: 375066 | R5: 349113 | S5: 420361 | T5: 365065 | U5: 340081 | V5: 360693 | W5: 381112 | X5: 346893 | Y5: 355454 | Z5: 325618 | AA5: 354874 | AB5: 0 | AC5: 0 | AD5: 0 | AE5: 0 | AF5: 0 | AG5: 0 | AH5: 0 | AI5: 0 | AJ5: 0 | AK5: 54 | AL5: 0 | AM5: 0 | AN5: 0 | AO5: 0 | AP5: 0 | AQ5: 0 | AR5: 0 | AS5: 0 | AT5: 54 | AU5: 0 | AV5: 0 | AW5: 10 | AX5: 10 | AY5: 0 | AZ5: 0 | BA5: 0 | BB5: 0 | BC5: 0 | BD5: 1 | BE5: 0 | BF5: 1 | BG5: 0 | BH5: 1 | BI5: 0 | BJ5: 1 | BK5: 0 | BL5: 0 | BM5: 1 | BN5: 1 | BO5: 0 | BP5: 1 | BQ5: 0 | BR5: 1 | BS5: 0 | BT5: 1 | BU5: 1 | BV5: 0 | BW5: 1 | BX5: 1 | BY5: 1 | BZ5: 1 | CA5: 0 | CB5: 1 | CC5: 1
A6: 326097 | B6: 310144 | C6: 329856 | D6: 301690 | E6: 337623 | F6: 306303 | G6: 364695 | H6: 320721 | I6: 312552 | J6: 327732 | K6: 321356 | L6: 340182 | M6: 343928 | N6: 299034 | O6: 315512 | P6: 321366 | Q6: 314011 | R6: 344168 | S6: 341199 | T6: 338827 | U6: 312582 | V6: 329613 | W6: 318788 | X6: 290630 | Y6: 308620 | Z6: 319312 | AA6: 326495 | AB6: 0 | AC6: 0 | AD6: 0 | AE6: 0 | AF6: 0 | AG6: 0 | AH6: 0 | AI6: 0 | AJ6: 0 | AK6: 0 | AL6: 0 | AM6: 0 | AN6: 0 | AO6: 0 | AP6: 0 | AQ6: 0 | AR6: 0 | AS6: 0 | AT6: 0 | AU6: 0 | AV6: 0 | AW6: 0 | AX6: 0 | AY6: 0 | AZ6: 0 | BA6: 0 | BB6: 0 | BC6: 1 | BD6: 0 | BE6: 1 | BF6: 0 | BG6: 0 | BH6: 1 | BI6: 0 | BJ6: 1 | BK6: 0 | BL6: 1 | BM6: 0 | BN6: 1 | BO6: 0 | BP6: 1 | BQ6: 0 | BR6: 1 | BS6: 0 | BT6: 1 | BU6: 1 | BV6: 0 | BW6: 1 | BX6: 1 | BY6: 1 | BZ6: 1 | CA6: 0 | CB6: 1 | CC6: 1
A7: 386394 | B7: 377838 | C7: 380591 | D7: 431405 | E7: 369337 | F7: 363936 | G7: 367000 | H7: 372920 | I7: 376253 | J7: 449387 | K7: 385698 | L7: 390102 | M7: 385635 | N7: 358160 | O7: 354541 | P7: 390853 | Q7: 357979 | R7: 371634 | S7: 369119 | T7: 381601 | U7: 383255 | V7: 351750 | W7: 361036 | X7: 385566 | Y7: 381029 | Z7: 368534 | AA7: 384414 | AB7: 0 | AC7: 0 | AD7: 0 | AE7: 35 | AF7: 0 | AG7: 0 | AH7: 0 | AI7: 0 | AJ7: 0 | AK7: 30 | AL7: 0 | AM7: 0 | AN7: 0 | AO7: 0 | AP7: 0 | AQ7: 0 | AR7: 0 | AS7: 0 | AT7: 0 | AU7: 0 | AV7: 0 | AW7: 0 | AX7: 0 | AY7: 0 | AZ7: 0 | BA7: 0 | BB7: 0 | BC7: 0 | BD7: 1 | BE7: 0 | BF7: 1 | BG7: 0 | BH7: 1 | BI7: 0 | BJ7: 1 | BK7: 0 | BL7: 1 | BM7: 0 | BN7: 1 | BO7: 0 | BP7: 1 | BQ7: 1 | BR7: 0 | BS7: 1 | BT7: 0 | BU7: 1 | BV7: 1 | BW7: 0 | BX7: 1 | BY7: 1 | BZ7: 1 | CA7: 0 | CB7: 1 | CC7: 1
A8: 420900 | B8: 380930 | C8: 391561 | D8: 378578 | E8: 391386 | F8: 408342 | G8: 390620 | H8: 382028 | I8: 393496 | J8: 397162 | K8: 397272 | L8: 405025 | M8: 397751 | N8: 395584 | O8: 370416 | P8: 401451 | Q8: 373165 | R8: 435585 | S8: 391402 | T8: 398314 | U8: 430770 | V8: 402534 | W8: 402549 | X8: 513053 | Y8: 376625 | Z8: 385943 | AA8: 432602 | AB8: 7 | AC8: 0 | AD8: 0 | AE8: 0 | AF8: 0 | AG8: 0 | AH8: 0 | AI8: 0 | AJ8: 0 | AK8: 0 | AL8: 0 | AM8: 0 | AN8: 0 | AO8: 0 | AP8: 0 | AQ8: 0 | AR8: 0 | AS8: 38 | AT8: 0 | AU8: 0 | AV8: 23 | AW8: 0 | AX8: 0 | AY8: 120 | AZ8: 0 | BA8: 0 | BB8: 46 | BC8: 1 | BD8: 0 | BE8: 1 | BF8: 0 | BG8: 0 | BH8: 1 | BI8: 0 | BJ8: 1 | BK8: 0 | BL8: 1 | BM8: 0 | BN8: 1 | BO8: 0 | BP8: 1 | BQ8: 0 | BR8: 1 | BS8: 0 | BT8: 1 | BU8: 1 | BV8: 0 | BW8: 1 | BX8: 1 | BY8: 1 | BZ8: 1 | CA8: 1 | CB8: 0 | CC8: 2
A9: 326912 | B9: 350374 | C9: 317853 | D9: 310083 | E9: 321465 | F9: 383040 | G9: 319429 | H9: 327626 | I9: 306081 | J9: 326645 | K9: 423725 | L9: 302990 | M9: 333255 | N9: 331976 | O9: 331808 | P9: 327866 | Q9: 317642 | R9: 321170 | S9: 309309 | T9: 324402 | U9: 348893 | V9: 314048 | W9: 312999 | X9: 330758 | Y9: 337989 | Z9: 321565 | AA9: 319069 | AB9: 0 | AC9: 3 | AD9: 0 | AE9: 0 | AF9: 0 | AG9: 56 | AH9: 0 | AI9: 0 | AJ9: 0 | AK9: 0 | AL9: 87 | AM9: 0 | AN9: 0 | AO9: 0 | AP9: 0 | AQ9: 0 | AR9: 0 | AS9: 0 | AT9: 0 | AU9: 0 | AV9: 28 | AW9: 0 | AX9: 0 | AY9: 0 | AZ9: 0 | BA9: 0 | BB9: 22 | BC9: 0 | BD9: 0 | BE9: 1 | BF9: 0 | BG9: 1 | BH9: 0 | BI9: 1 | BJ9: 0 | BK9: 1 | BL9: 0 | BM9: 1 | BN9: 0 | BO9: 1 | BP9: 0 | BQ9: 1 | BR9: 0 | BS9: 1 | BT9: 1 | BU9: 0 | BV9: 1 | BW9: 1 | BX9: 0 | BY9: 1 | BZ9: 1 | CA9: 1 | CB9: 1 | CC9: 1
A10: 353672 | B10: 372652 | C10: 367114 | D10: 377327 | E10: 377200 | F10: 382982 | G10: 359679 | H10: 358049 | I10: 379706 | J10: 388135 | K10: 342260 | L10: 360798 | M10: 361642 | N10: 370855 | O10: 425078 | P10: 347593 | Q10: 358520 | R10: 354899 | S10: 376308 | T10: 370090 | U10: 386562 | V10: 349154 | W10: 389408 | X10: 365166 | Y10: 346363 | Z10: 356262 | AA10: 365816 | AB10: 0 | AC10: 0 | AD10: 10 | AE10: 0 | AF10: 0 | AG10: 0 | AH10: 0 | AI10: 0 | AJ10: 0 | AK10: 0 | AL10: 0 | AM10: 0 | AN10: 3 | AO10: 0 | AP10: 65 | AQ10: 0 | AR10: 0 | AS10: 0 | AT10: 0 | AU10: 0 | AV10: 0 | AW10: 0 | AX10: 18 | AY10: 0 | AZ10: 0 | BA10: 0 | BB10: 0 | BC10: 0 | BD10: 1 | BE10: 0 | BF10: 0 | BG10: 1 | BH10: 0 | BI10: 1 | BJ10: 0 | BK10: 1 | BL10: 0 | BM10: 1 | BN10: 1 | BO10: 0 | BP10: 0 | BQ10: 1 | BR10: 1 | BS10: 0 | BT10: 1 | BU10: 0 | BV10: 1 | BW10: 1 | BX10: 1 | BY10: 0 | BZ10: 1 | CA10: 1 | CB10: 1 | CC10: 1
A11: 358087 | B11: 364625 | C11: 368160 | D11: 422898 | E11: 336761 | F11: 386009 | G11: 367448 | H11: 348697 | I11: 347381 | J11: 372653 | K11: 359978 | L11: 366429 | M11: 376099 | N11: 326499 | O11: 338520 | P11: 343890 | Q11: 360168 | R11: 354526 | S11: 357750 | T11: 373270 | U11: 344757 | V11: 351907 | W11: 358801 | X11: 369741 | Y11: 357748 | Z11: 330422 | AA11: 332270 | AB11: 0 | AC11: 0 | AD11: 1 | AE11: 46 | AF11: 0 | AG11: 0 | AH11: 0 | AI11: 0 | AJ11: 0 | AK11: 0 | AL11: 0 | AM11: 0 | AN11: 0 | AO11: 0 | AP11: 0 | AQ11: 0 | AR11: 0 | AS11: 0 | AT11: 0 | AU11: 0 | AV11: 0 | AW11: 0 | AX11: 0 | AY11: 0 | AZ11: 0 | BA11: 0 | BB11: 0 | BC11: 0 | BD11: 1 | BE11: 0 | BF11: 1 | BG11: 0 | BH11: 0 | BI11: 1 | BJ11: 0 | BK11: 1 | BL11: 0 | BM11: 1 | BN11: 0 | BO11: 1 | BP11: 0 | BQ11: 1 | BR11: 0 | BS11: 1 | BT11: 1 | BU11: 0 | BV11: 1 | BW11: 1 | BX11: 0 | BY11: 1 | BZ11: 1 | CA11: 1 | CB11: 1 | CC11: 1
A12: 411614 | B12: 427177 | C12: 396390 | D12: 382870 | E12: 414802 | F12: 411215 | G12: 404856 | H12: 372598 | I12: 400574 | J12: 402929 | K12: 438573 | L12: 403999 | M12: 409797 | N12: 402317 | O12: 434276 | P12: 403599 | Q12: 375120 | R12: 432137 | S12: 395502 | T12: 384946 | U12: 416638 | V12: 399566 | W12: 394470 | X12: 390864 | Y12: 428355 | Z12: 409620 | AA12: 391830 | AB12: 0 | AC12: 0 | AD12: 0 | AE12: 0 | AF12: 0 | AG12: 0 | AH12: 0 | AI12: 0 | AJ12: 0 | AK12: 0 | AL12: 0 | AM12: 0 | AN12: 0 | AO12: 0 | AP12: 0 | AQ12: 0 | AR12: 0 | AS12: 0 | AT12: 0 | AU12: 0 | AV12: 0 | AW12: 0 | AX12: 0 | AY12: 0 | AZ12: 0 | BA12: 0 | BB12: 0 | BC12: 0 | BD12: 0 | BE12: 1 | BF12: 0 | BG12: 1 | BH12: 0 | BI12: 0 | BJ12: 1 | BK12: 1 | BL12: 0 | BM12: 0 | BN12: 1 | BO12: 0 | BP12: 1 | BQ12: 1 | BR12: 0 | BS12: 1 | BT12: 0 | BU12: 1 | BV12: 1 | BW12: 1 | BX12: 0 | BY12: 1 | BZ12: 1 | CA12: 0 | CB12: 1 | CC12: 1
A13: 360390 | B13: 376381 | C13: 344259 | D13: 385273 | E13: 337282 | F13: 336375 | G13: 373615 | H13: 359786 | I13: 359252 | J13: 393859 | K13: 345813 | L13: 358964 | M13: 379443 | N13: 368999 | O13: 352732 | P13: 388813 | Q13: 363653 | R13: 331728 | S13: 361118 | T13: 359216 | U13: 359009 | V13: 357558 | W13: 351420 | X13: 339174 | Y13: 354388 | Z13: 341464 | AA13: 322924 | AB13: 0 | AC13: 0 | AD13: 0 | AE13: 0 | AF13: 0 | AG13: 0 | AH13: 0 | AI13: 0 | AJ13: 1 | AK13: 0 | AL13: 0 | AM13: 0 | AN13: 0 | AO13: 0 | AP13: 0 | AQ13: 0 | AR13: 0 | AS13: 0 | AT13: 0 | AU13: 0 | AV13: 0 | AW13: 0 | AX13: 0 | AY13: 0 | AZ13: 0 | BA13: 0 | BB13: 0 | BC13: 1 | BD13: 0 | BE13: 1 | BF13: 0 | BG13: 0 | BH13: 1 | BI13: 0 | BJ13: 1 | BK13: 0 | BL13: 1 | BM13: 0 | BN13: 1 | BO13: 0 | BP13: 1 | BQ13: 1 | BR13: 0 | BS13: 1 | BT13: 0 | BU13: 1 | BV13: 1 | BW13: 1 | BX13: 0 | BY13: 1 | BZ13: 1 | CA13: 0 | CB13: 1 | CC13: 1
... A61: 341204 | B61: 339862 | C61: 338603 | D61: 339655 | E61: 335927 | F61: 332935 | G61: 330257 | H61: 332202 | I61: 334600 | J61: 329497 | K61: 338020 | L61: 332678 | M61: 338310 | N61: 326548 | O61: 335171 | P61: 317539 | Q61: 348332 | R61: 325144 | S61: 344742 | T61: 345191 | U61: 322174 | V61: 326353 | W61: 333222 | X61: 324958 | Y61: 328553 | Z61: 349236 | AA61: 328390 | AB61: 0 | AC61: 0 | AD61: 0 | AE61: 0 | AF61: 0 | AG61: 0 | AH61: 0 | AI61: 0 | AJ61: 0 | AK61: 0 | AL61: 0 | AM61: 0 | AN61: 0 | AO61: 0 | AP61: 0 | AQ61: 0 | AR61: 27 | AS61: 0 | AT61: 0 | AU61: 0 | AV61: 0 | AW61: 0 | AX61: 0 | AY61: 0 | AZ61: 0 | BA61: 0 | BB61: 0 | BC61: 0 | BD61: 1 | BE61: 0 | BF61: 1 | BG61: 0 | BH61: 1 | BI61: 0 | BJ61: 1 | BK61: 0 | BL61: 1 | BM61: 1 | BN61: 0 | BO61: 1 | BP61: 0 | BQ61: 1 | BR61: 1 | BS61: 1 | BT61: 0 | BU61: 1 | BV61: 1 | BW61: 1 | BX61: 1 | BY61: 1 | BZ61: 1 | CA61: 0 | CB61: 1 | CC61: 2

Sheet 4_50J
A1: 40_500_0.2 | B1: 40_800_0.2 | C1: 40_1000_0.2 | D1: 40_500_0.3 | E1: 40_800_0.3 | F1: 40_1000_0.3 | G1: 40_500_0.5 | H1: 40_800_0.5 | I1: 40_1000_0.5 | J1: 50_500_0.2 | K1: 50_800_0.2 | L1: 50_1000_0.2 | M1: 50_500_0.3 | N1: 50_800_0.3 | O1: 50_1000_0.3 | P1: 50_500_0.5 | Q1: 50_800_0.5 | R1: 50_1000_0.5 | S1: 70_500_0.2 | T1: 70_800_0.2 | U1: 70_1000_0.2 | V1: 70_500_0.3 | W1: 70_800_0.3 | X1: 70_1000_0.3 | Y1: 70_500_0.5 | Z1: 70_800_0.5 | AA1: 70_1000_0.5 | AB1: OVER_1 | AC1: OVER_2 | AD1: OVER_3 | AE1: OVER_4 | AF1: OVER_5 | AG1: OVER_6 | AH1: OVER_7 | AI1: OVER_8 | AJ1: OVER_9 | AK1: OVER_10 | AL1: OVER_11 | AM1: OVER_12 | AN1: OVER_13 | AO1: OVER_14 | AP1: OVER_15 | AQ1: OVER_16 | AR1: OVER_17 | AS1: OVER_18 | AT1: OVER_19 | AU1: OVER_20 | AV1: OVER_21 | AW1: OVER_22 | AX1: OVER_23 | AY1: OVER_24 | AZ1: OVER_25 | BA1: OVER_26 | BB1: OVER_27 | BC1: TIME_1 | BD1: TIME_2 | BE1: TIME_3 | BF1: TIME_4 | BG1: TIME_5 | BH1: TIME_6 | BI1: TIME_7 | BJ1: TIME_8 | BK1: TIME_9 | BL1: TIME_10 | BM1: TIME_11 | BN1: TIME_12 | BO1: TIME_13 | BP1: TIME_14 | BQ1: TIME_15 | BR1: TIME_16 | BS1: TIME_17 | BT1: TIME_18 | BU1: TIME_19 | BV1: TIME_20 | BW1: TIME_21 | BX1: TIME_22 | BY1: TIME_23 | BZ1: TIME_24 | CA1: TIME_25 | CB1: TIME_26 | CC1: TIME_27
A2: 334904 | B2: 342793 | C2: 328210 | D2: 316226 | E2: 328126 | F2: 293548 | G2: 320225 | H2: 302894 | I2: 315135 | J2: 340559 | K2: 325287 | L2: 316290 | M2: 340436 | N2: 324625 | O2: 341288 | P2: 331522 | Q2: 309674 | R2: 323264 | S2: 329165 | T2: 339365 | U2: 312691 | V2: 319187 | W2: 331986 | X2: 330049 | Y2: 307622 | Z2: 365608 | AA2: 325434 | AB2: 0 | AC2: 0 | AD2: 0 | AE2: 0 | AF2: 0 | AG2: 0 | AH2: 0 | AI2: 0 | AJ2: 0 | AK2: 0 | AL2: 0 | AM2: 0 | AN2: 0 | AO2: 0 | AP2: 0 | AQ2: 0 | AR2: 0 | AS2: 0 | AT2: 0 | AU2: 0 | AV2: 0 | AW2: 0 | AX2: 0 | AY2: 0 | AZ2: 0 | BA2: 43 | BB2: 0 | BC2: 0 | BD2: 0 | BE2: 1 | BF2: 0 | BG2: 1 | BH2: 0 | BI2: 1 | BJ2: 0 | BK2: 1 | BL2: 0 | BM2: 0 | BN2: 1 | BO2: 0 | BP2: 1 | BQ2: 1 | BR2: 0 | BS2: 1 | BT2: 1 | BU2: 0 | BV2: 1 | BW2: 1 | BX2: 0 | BY2: 1 | BZ2: 1 | CA2: 0 | CB2: 1 | CC2: 2
A3: 368430 | B3: 330089 | C3: 308056 | D3: 346641 | E3: 336182 | F3: 311698 | G3: 311593 | H3: 324259 | I3: 290101 | J3: 322135 | K3: 318377 | L3: 308963 | M3: 317208 | N3: 357026 | O3: 377937 | P3: 321710 | Q3: 328596 | R3: 320922 | S3: 337907 | T3: 318704 | U3: 330011 | V3: 317632 | W3: 346326 | X3: 322817 | Y3: 303799 | Z3: 342349 | AA3: 335117 | AB3: 32 | AC3: 0 | AD3: 0 | AE3: 15 | AF3: 0 | AG3: 0 | AH3: 0 | AI3: 0 | AJ3: 0 | AK3: 0 | AL3: 0 | AM3: 0 | AN3: 0 | AO3: 12 | AP3: 39 | AQ3: 0 | AR3: 0 | AS3: 0 | AT3: 12 | AU3: 0 | AV3: 0 | AW3: 0 | AX3: 23 | AY3: 0 | AZ3: 0 | BA3: 15 | BB3: 0 | BC3: 0 | BD3: 0 | BE3: 1 | BF3: 0 | BG3: 1 | BH3: 0 | BI3: 0 | BJ3: 1 | BK3: 1 | BL3: 0 | BM3: 0 | BN3: 1 | BO3: 0 | BP3: 1 | BQ3: 1 | BR3: 0 | BS3: 1 | BT3: 1 | BU3: 0 | BV3: 1 | BW3: 1 | BX3: 0 | BY3: 1 | BZ3: 1 | CA3: 1 | CB3: 1 | CC3: 1
A4: 356949 | B4: 339011 | C4: 357919 | D4: 356594 | E4: 358344 | F4: 353196 | G4: 389884 | H4: 360322 | I4: 347014 | J4: 365786 | K4: 367783 | L4: 352865 | M4: 405713 | N4: 350827 | O4: 375206 | P4: 365106 | Q4: 347247 | R4: 342950 | S4: 328796 | T4: 344502 | U4: 314540 | V4: 362616 | W4: 359262 | X4: 349493 | Y4: 379943 | Z4: 321572 | AA4: 336416 | AB4: 0 | AC4: 0 | AD4: 0 | AE4: 0 | AF4: 0 | AG4: 0 | AH4: 33 | AI4: 0 | AJ4: 16 | AK4: 19 | AL4: 0 | AM4: 0 | AN4: 33 | AO4: 0 | AP4: 23 | AQ4: 0 | AR4: 0 | AS4: 0 | AT4: 0 | AU4: 0 | AV4: 0 | AW4: 0 | AX4: 0 | AY4: 0 | AZ4: 38 | BA4: 0 | BB4: 0 | BC4: 0 | BD4: 0 | BE4: 1 | BF4: 0 | BG4: 1 | BH4: 0 | BI4: 1 | BJ4: 0 | BK4: 1 | BL4: 0 | BM4: 1 | BN4: 0 | BO4: 1 | BP4: 0 | BQ4: 1 | BR4: 0 | BS4: 1 | BT4: 1 | BU4: 0 | BV4: 1 | BW4: 1 | BX4: 0 | BY4: 1 | BZ4: 1 | CA4: 1 | CB4: 1 | CC4: 1
A5: 362914 | B5: 366126 | C5: 335000 | D5: 387862 | E5: 346321 | F5: 339522 | G5: 348526 | H5: 344829 | I5: 361282 | J5: 362375 | K5: 376512 | L5: 364561 | M5: 335461 | N5: 353498 | O5: 360748 | P5: 375008 | Q5: 361690 | R5: 337593 | S5: 368279 | T5: 351110 | U5: 406420 | V5: 347141 | W5: 343426 | X5: 348698 | Y5: 356340 | Z5: 405888 | AA5: 360339 | AB5: 0 | AC5: 0 | AD5: 0 | AE5: 0 | AF5: 0 | AG5: 0 | AH5: 0 | AI5: 0 | AJ5: 0 | AK5: 0 | AL5: 0 | AM5: 0 | AN5: 0 | AO5: 0 | AP5: 0 | AQ5: 0 | AR5: 0 | AS5: 0 | AT5: 0 | AU5: 0 | AV5: 45 | AW5: 0 | AX5: 0 | AY5: 0 | AZ5: 0 | BA5: 56 | BB5: 0 | BC5: 0 | BD5: 0 | BE5: 1 | BF5: 0 | BG5: 1 | BH5: 0 | BI5: 1 | BJ5: 0 | BK5: 1 | BL5: 0 | BM5: 1 | BN5: 0 | BO5: 1 | BP5: 0 | BQ5: 1 | BR5: 0 | BS5: 1 | BT5: 1 | BU5: 0 | BV5: 1 | BW5: 1 | BX5: 0 | BY5: 1 | BZ5: 1 | CA5: 1 | CB5: 1 | CC5: 1
A6: 332344 | B6: 350645 | C6: 332872 | D6: 339201 | E6: 328631 | F6: 339821 | G6: 335971 | H6: 341894 | I6: 317222 | J6: 308521 | K6: 294428 | L6: 299942 | M6: 331534 | N6: 328848 | O6: 336203 | P6: 310251 | Q6: 298594 | R6: 315742 | S6: 329198 | T6: 318075 | U6: 326751 | V6: 320104 | W6: 330554 | X6: 326002 | Y6: 336325 | Z6: 333594 | AA6: 332161 | AB6: 0 | AC6: 0 | AD6: 0 | AE6: 0 | AF6: 0 | AG6: 0 | AH6: 0 | AI6: 0 | AJ6: 0 | AK6: 0 | AL6: 0 | AM6: 0 | AN6: 0 | AO6: 0 | AP6: 7 | AQ6: 0 | AR6: 0 | AS6: 0 | AT6: 0 | AU6: 0 | AV6: 11 | AW6: 0 | AX6: 0 | AY6: 0 | AZ6: 0 | BA6: 1 | BB6: 0 | BC6: 0 | BD6: 1 | BE6: 0 | BF6: 0 | BG6: 1 | BH6: 0 | BI6: 1 | BJ6: 0 | BK6: 1 | BL6: 0 | BM6: 1 | BN6: 0 | BO6: 1 | BP6: 0 | BQ6: 1 | BR6: 0 | BS6: 1 | BT6: 1 | BU6: 0 | BV6: 1 | BW6: 1 | BX6: 0 | BY6: 1 | BZ6: 1 | CA6: 1 | CB6: 1 | CC6: 1
A7: 386256 | B7: 385152 | C7: 389799 | D7: 393624 | E7: 386107 | F7: 387356 | G7: 462067 | H7: 390769 | I7: 443255 | J7: 378248 | K7: 384121 | L7: 360643 | M7: 380885 | N7: 354594 | O7: 383491 | P7: 375800 | Q7: 370020 | R7: 376024 | S7: 372496 | T7: 369345 | U7: 408320 | V7: 362009 | W7: 358375 | X7: 380441 | Y7: 399123 | Z7: 383746 | AA7: 366583 | AB7: 0 | AC7: 0 | AD7: 0 | AE7: 0 | AF7: 0 | AG7: 0 | AH7: 85 | AI7: 0 | AJ7: 66 | AK7: 0 | AL7: 0 | AM7: 0 | AN7: 0 | AO7: 0 | AP7: 15 | AQ7: 0 | AR7: 0 | AS7: 0 | AT7: 12 | AU7: 0 | AV7: 0 | AW7: 0 | AX7: 0 | AY7: 0 | AZ7: 12 | BA7: 0 | BB7: 0 | BC7: 0 | BD7: 1 | BE7: 0 | BF7: 0 | BG7: 1 | BH7: 0 | BI7: 1 | BJ7: 0 | BK7: 1 | BL7: 0 | BM7: 1 | BN7: 0 | BO7: 1 | BP7: 0 | BQ7: 1 | BR7: 1 | BS7: 0 | BT7: 1 | BU7: 0 | BV7: 1 | BW7: 1 | BX7: 1 | BY7: 0 | BZ7: 1 | CA7: 1 | CB7: 1 | CC7: 1
A8: 402277 | B8: 368740 | C8: 394491 | D8: 407838 | E8: 363901 | F8: 374371 | G8: 383418 | H8: 394511 | I8: 368026 | J8: 384654 | K8: 413899 | L8: 422508 | M8: 393215 | N8: 389905 | O8: 387794 | P8: 416145 | Q8: 374078 | R8: 416109 | S8: 396237 | T8: 385840 | U8: 389370 | V8: 394012 | W8: 379609 | X8: 373553 | Y8: 394362 | Z8: 410515 | AA8: 416035 | AB8: 0 | AC8: 0 | AD8: 0 | AE8: 0 | AF8: 0 | AG8: 0 | AH8: 0 | AI8: 0 | AJ8: 0 | AK8: 0 | AL8: 0 | AM8: 0 | AN8: 0 | AO8: 0 | AP8: 3 | AQ8: 39 | AR8: 0 | AS8: 0 | AT8: 0 | AU8: 0 | AV8: 0 | AW8: 0 | AX8: 0 | AY8: 0 | AZ8: 0 | BA8: 0 | BB8: 29 | BC8: 0 | BD8: 1 | BE8: 0 | BF8: 0 | BG8: 1 | BH8: 0 | BI8: 1 | BJ8: 0 | BK8: 1 | BL8: 0 | BM8: 1 | BN8: 0 | BO8: 1 | BP8: 0 | BQ8: 1 | BR8: 0 | BS8: 1 | BT8: 1 | BU8: 0 | BV8: 1 | BW8: 1 | BX8: 0 | BY8: 1 | BZ8: 1 | CA8: 1 | CB8: 1 | CC8: 1
A9: 340302 | B9: 342711 | C9: 336413 | D9: 316346 | E9: 297532 | F9: 326516 | G9: 342986 | H9: 325816 | I9: 310954 | J9: 329470 | K9: 315748 | L9: 324971 | M9: 306778 | N9: 332304 | O9: 316451 | P9: 331482 | Q9: 306487 | R9: 298819 | S9: 327284 | T9: 348203 | U9: 340079 | V9: 324146 | W9: 330990 | X9: 311060 | Y9: 298564 | Z9: 334510 | AA9: 303610 | AB9: 0 | AC9: 0 | AD9: 13 | AE9: 0 | AF9: 0 | AG9: 0 | AH9: 0 | AI9: 0 | AJ9: 0 | AK9: 10 | AL9: 0 | AM9: 0 | AN9: 0 | AO9: 0 | AP9: 0 | AQ9: 0 | AR9: 0 | AS9: 0 | AT9: 0 | AU9: 0 | AV9: 17 | AW9: 0 | AX9: 0 | AY9: 0 | AZ9: 0 | BA9: 0 | BB9: 0 | BC9: 0 | BD9: 0 | BE9: 1 | BF9: 0 | BG9: 1 | BH9: 0 | BI9: 1 | BJ9: 0 | BK9: 1 | BL9: 0 | BM9: 1 | BN9: 0 | BO9: 1 | BP9: 0 | BQ9: 1 | BR9: 0 | BS9: 1 | BT9: 1 | BU9: 0 | BV9: 1 | BW9: 1 | BX9: 0 | BY9: 1 | BZ9: 1 | CA9: 1 | CB9: 1 | CC9: 1
A10: 387196 | B10: 368571 | C10: 503964 | D10: 342224 | E10: 356170 | F10: 375219 | G10: 377385 | H10: 350081 | I10: 347185 | J10: 369993 | K10: 377660 | L10: 401639 | M10: 395027 | N10: 348099 | O10: 357954 | P10: 384866 | Q10: 360338 | R10: 345670 | S10: 369388 | T10: 374317 | U10: 357254 | V10: 350892 | W10: 357921 | X10: 393846 | Y10: 375341 | Z10: 342968 | AA10: 350434 | AB10: 0 | AC10: 0 | AD10: 120 | AE10: 0 | AF10: 0 | AG10: 0 | AH10: 0 | AI10: 0 | AJ10: 0 | AK10: 0 | AL10: 0 | AM10: 53 | AN10: 0 | AO10: 0 | AP10: 0 | AQ10: 0 | AR10: 0 | AS10: 0 | AT10: 0 | AU10: 0 | AV10: 0 | AW10: 0 | AX10: 0 | AY10: 0 | AZ10: 0 | BA10: 0 | BB10: 0 | BC10: 0 | BD10: 0 | BE10: 1 | BF10: 0 | BG10: 1 | BH10: 0 | BI10: 1 | BJ10: 0 | BK10: 1 | BL10: 0 | BM10: 1 | BN10: 0 | BO10: 1 | BP10: 0 | BQ10: 1 | BR10: 0 | BS10: 1 | BT10: 1 | BU10: 0 | BV10: 1 | BW10: 1 | BX10: 0 | BY10: 1 | BZ10: 1 | CA10: 1 | CB10: 0 | CC10: 2
A11: 400139 | B11: 350514 | C11: 355518 | D11: 373919 | E11: 401364 | F11: 358761 | G11: 357593 | H11: 356600 | I11: 338375 | J11: 383352 | K11: 352636 | L11: 353395 | M11: 360179 | N11: 341782 | O11: 355564 | P11: 371112 | Q11: 337438 | R11: 345691 | S11: 366818 | T11: 389789 | U11: 401036 | V11: 363943 | W11: 352080 | X11: 373475 | Y11: 349393 | Z11: 355724 | AA11: 354450 | AB11: 0 | AC11: 0 | AD11: 0 | AE11: 0 | AF11: 29 | AG11: 0 | AH11: 0 | AI11: 0 | AJ11: 0 | AK11: 0 | AL11: 0 | AM11: 0 | AN11: 0 | AO11: 0 | AP11: 0 | AQ11: 0 | AR11: 0 | AS11: 0 | AT11: 0 | AU11: 0 | AV11: 41 | AW11: 0 | AX11: 0 | AY11: 0 | AZ11: 0 | BA11: 0 | BB11: 0 | BC11: 0 | BD11: 0 | BE11: 1 | BF11: 0 | BG11: 1 | BH11: 0 | BI11: 0 | BJ11: 1 | BK11: 1 | BL11: 0 | BM11: 0 | BN11: 1 | BO11: 0 | BP11: 1 | BQ11: 1 | BR11: 0 | BS11: 1 | BT11: 0 | BU11: 1 | BV11: 1 | BW11: 1 | BX11: 0 | BY11: 1 | BZ11: 1 | CA11: 0 | CB11: 1 | CC11: 1
A12: 406143 | B12: 424920 | C12: 434163 | D12: 445417 | E12: 397147 | F12: 398578 | G12: 400691 | H12: 411441 | I12: 412240 | J12: 406190 | K12: 395406 | L12: 425630 | M12: 395466 | N12: 388305 | O12: 420127 | P12: 412147 | Q12: 382714 | R12: 393699 | S12: 414368 | T12: 414214 | U12: 403650 | V12: 400205 | W12: 407472 | X12: 390581 | Y12: 434712 | Z12: 421787 | AA12: 389010 | AB12: 0 | AC12: 0 | AD12: 0 | AE12: 0 | AF12: 0 | AG12: 0 | AH12: 0 | AI12: 0 | AJ12: 0 | AK12: 0 | AL12: 0 | AM12: 0 | AN12: 0 | AO12: 0 | AP12: 0 | AQ12: 0 | AR12: 0 | AS12: 0 | AT12: 0 | AU12: 0 | AV12: 0 | AW12: 0 | AX12: 0 | AY12: 0 | AZ12: 0 | BA12: 0 | BB12: 0 | BC12: 1 | BD12: 0 | BE12: 1 | BF12: 0 | BG12: 0 | BH12: 1 | BI12: 0 | BJ12: 1 | BK12: 0 | BL12: 1 | BM12: 0 | BN12: 1 | BO12: 0 | BP12: 1 | BQ12: 0 | BR12: 1 | BS12: 0 | BT12: 1 | BU12: 1 | BV12: 0 | BW12: 1 | BX12: 1 | BY12: 0 | BZ12: 1 | CA12: 1 | CB12: 1 | CC12: 1
A13: 374261 | B13: 355753 | C13: 359340 | D13: 355949 | E13: 344830 | F13: 360651 | G13: 347246 | H13: 351557 | I13: 344572 | J13: 361013 | K13: 378946 | L13: 355011 | M13: 369016 | N13: 382538 | O13: 344780 | P13: 351527 | Q13: 345803 | R13: 362436 | S13: 337645 | T13: 340727 | U13: 368258 | V13: 354956 | W13: 358048 | X13: 368714 | Y13: 351326 | Z13: 362557 | AA13: 382826 | AB13: 0 | AC13: 0 | AD13: 0 | AE13: 0 | AF13: 0 | AG13: 0 | AH13: 0 | AI13: 0 | AJ13: 0 | AK13: 0 | AL13: 0 | AM13: 0 | AN13: 0 | AO13: 0 | AP13: 0 | AQ13: 0 | AR13: 0 | AS13: 0 | AT13: 0 | AU13: 0 | AV13: 0 | AW13: 0 | AX13: 0 | AY13: 0 | AZ13: 0 | BA13: 0 | BB13: 0 | BC13: 0 | BD13: 1 | BE13: 0 | BF13: 0 | BG13: 1 | BH13: 0 | BI13: 1 | BJ13: 0 | BK13: 1 | BL13: 0 | BM13: 1 | BN13: 0 | BO13: 1 | BP13: 0 | BQ13: 1 | BR13: 0 | BS13: 1 | BT13: 1 | BU13: 0 | BV13: 1 | BW13: 1 | BX13: 0 | BY13: 1 | BZ13: 1 | CA13: 1 | CB13: 0 | CC13: 2
... A61: 363968 | B61: 330583 | C61: 329102 | D61: 328634 | E61: 335478 | F61: 326069 | G61: 335601 | H61: 334966 | I61: 330912 | J61: 337999 | K61: 327723 | L61: 332589 | M61: 345331 | N61: 312702 | O61: 318031 | P61: 325798 | Q61: 326596 | R61: 328233 | S61: 332545 | T61: 338242 | U61: 325960 | V61: 333053 | W61: 322337 | X61: 332745 | Y61: 333783 | Z61: 324000 | AA61: 323963 | AB61: 33 | AC61: 0 | AD61: 0 | AE61: 0 | AF61: 0 | AG61: 0 | AH61: 0 | AI61: 0 | AJ61: 0 | AK61: 0 | AL61: 0 | AM61: 0 | AN61: 0 | AO61: 0 | AP61: 0 | AQ61: 0 | AR61: 0 | AS61: 0 | AT61: 0 | AU61: 0 | AV61: 0 | AW61: 0 | AX61: 0 | AY61: 0 | AZ61: 0 | BA61: 0 | BB61: 0 | BC61: 1 | BD61: 0 | BE61: 1 | BF61: 0 | BG61: 1 | BH61: 0 | BI61: 1 | BJ61: 0 | BK61: 1 | BL61: 1 | BM61: 0 | BN61: 1 | BO61: 0 | BP61: 1 | BQ61: 1 | BR61: 0 | BS61: 1 | BT61: 1 | BU61: 1 | BV61: 1 | BW61: 1 | BX61: 0 | BY61: 1 | BZ61: 1 | CA61: 1 | CB61: 1 | CC61: 1

Sheet 5_50J
A1: 40_500_0.2 | B1: 40_800_0.2 | C1: 40_1000_0.2 | D1: 40_500_0.3 | E1: 40_800_0.3 | F1: 40_1000_0.3 | G1: 40_500_0.5 | H1: 40_800_0.5 | I1: 40_1000_0.5 | J1: 50_500_0.2 | K1: 50_800_0.2 | L1: 50_1000_0.2 | M1: 50_500_0.3 | N1: 50_800_0.3 | O1: 50_1000_0.3 | P1: 50_500_0.5 | Q1: 50_800_0.5 | R1: 50_1000_0.5 | S1: 70_500_0.2 | T1: 70_800_0.2 | U1: 70_1000_0.2 | V1: 70_500_0.3 | W1: 70_800_0.3 | X1: 70_1000_0.3 | Y1: 70_500_0.5 | Z1: 70_800_0.5 | AA1: 70_1000_0.5 | AB1: OVER_1 | AC1: OVER_2 | AD1: OVER_3 | AE1: OVER_4 | AF1: OVER_5 | AG1: OVER_6 | AH1: OVER_7 | AI1: OVER_8 | AJ1: OVER_9 | AK1: OVER_10 | AL1: OVER_11 | AM1: OVER_12 | AN1: OVER_13 | AO1: OVER_14 | AP1: OVER_15 | AQ1: OVER_16 | AR1: OVER_17 | AS1: OVER_18 | AT1: OVER_19 | AU1: OVER_20 | AV1: OVER_21 | AW1: OVER_22 | AX1: OVER_23 | AY1: OVER_24 | AZ1: OVER_25 | BA1: OVER_26 | BB1: OVER_27 | BC1: TIME_1 | BD1: TIME_2 | BE1: TIME_3 | BF1: TIME_4 | BG1: TIME_5 | BH1: TIME_6 | BI1: TIME_7 | BJ1: TIME_8 | BK1: TIME_9 | BL1: TIME_10 | BM1: TIME_11 | BN1: TIME_12 | BO1: TIME_13 | BP1: TIME_14 | BQ1: TIME_15 | BR1: TIME_16 | BS1: TIME_17 | BT1: TIME_18 | BU1: TIME_19 | BV1: TIME_20 | BW1: TIME_21 | BX1: TIME_22 | BY1: TIME_23 | BZ1: TIME_24 | CA1: TIME_25 | CB1: TIME_26 | CC1: TIME_27
A2: 353921 | B2: 377712 | C2: 343983 | D2: 312334 | E2: 331887 | F2: 322919 | G2: 321823 | H2: 301496 | I2: 306853 | J2: 315140 | K2: 318516 | L2: 362446 | M2: 313572 | N2: 314308 | O2: 293476 | P2: 323989 | Q2: 325526 | R2: 310640 | S2: 310502 | T2: 316240 | U2: 302924 | V2: 334123 | W2: 326276 | X2: 312613 | Y2: 329179 | Z2: 330090 | AA2: 311864 | AB2: 0 | AC2: 56 | AD2: 0 | AE2: 0 | AF2: 0 | AG2: 0 | AH2: 0 | AI2: 0 | AJ2: 0 | AK2: 0 | AL2: 0 | AM2: 0 | AN2: 0 | AO2: 0 | AP2: 0 | AQ2: 0 | AR2: 0 | AS2: 0 | AT2: 0 | AU2: 1 | AV2: 0 | AW2: 0 | AX2: 0 | AY2: 0 | AZ2: 0 | BA2: 0 | BB2: 0 | BC2: 1 | BD2: 0 | BE2: 1 | BF2: 0 | BG2: 0 | BH2: 1 | BI2: 0 | BJ2: 1 | BK2: 0 | BL2: 1 | BM2: 0 | BN2: 1 | BO2: 0 | BP2: 1 | BQ2: 1 | BR2: 0 | BS2: 1 | BT2: 0 | BU2: 1 | BV2: 1 | BW2: 0 | BX2: 1 | BY2: 1 | BZ2: 1 | CA2: 0 | CB2: 1 | CC2: 1
A3: 342957 | B3: 331373 | C3: 333812 | D3: 340847 | E3: 338830 | F3: 321822 | G3: 316478 | H3: 319179 | I3: 316587 | J3: 313372 | K3: 327296 | L3: 333119 | M3: 325972 | N3: 351272 | O3: 304670 | P3: 313256 | Q3: 324998 | R3: 321543 | S3: 294932 | T3: 326781 | U3: 325419 | V3: 357144 | W3: 347516 | X3: 319761 | Y3: 292635 | Z3: 316757 | AA3: 305528 | AB3: 0 | AC3: 20 | AD3: 21 | AE3: 6 | AF3: 0 | AG3: 0 | AH3: 0 | AI3: 0 | AJ3: 0 | AK3: 0 | AL3: 0 | AM3: 0 | AN3: 0 | AO3: 31 | AP3: 0 | AQ3: 0 | AR3: 0 | AS3: 0 | AT3: 0 | AU3: 0 | AV3: 0 | AW3: 38 | AX3: 17 | AY3: 0 | AZ3: 0 | BA3: 0 | BB3: 0 | BC3: 0 | BD3: 1 | BE3: 1 | BF3: 0 | BG3: 0 | BH3: 1 | BI3: 0 | BJ3: 1 | BK3: 0 | BL3: 1 | BM3: 0 | BN3: 1 | BO3: 0 | BP3: 1 | BQ3: 1 | BR3: 0 | BS3: 1 | BT3: 0 | BU3: 1 | BV3: 0 | BW3: 1 | BX3: 1 | BY3: 1 | BZ3: 1 | CA3: 0 | CB3: 1 | CC3: 1
A4: 359028 | B4: 340842 | C4: 348489 | D4: 337887 | E4: 358395 | F4: 337949 | G4: 360076 | H4: 378375 | I4: 335848 | J4: 380670 | K4: 355444 | L4: 383213 | M4: 419072 | N4: 345643 | O4: 352650 | P4: 330273 | Q4: 341992 | R4: 328921 | S4: 336376 | T4: 324470 | U4: 334995 | V4: 332818 | W4: 362376 | X4: 319068 | Y4: 373884 | Z4: 364540 | AA4: 347940 | AB4: 0 | AC4: 0 | AD4: 0 | AE4: 0 | AF4: 19 | AG4: 0 | AH4: 0 | AI4: 33 | AJ4: 0 | AK4: 0 | AL4: 0 | AM4: 0 | AN4: 63 | AO4: 0 | AP4: 0 | AQ4: 0 | AR4: 0 | AS4: 0 | AT4: 0 | AU4: 0 | AV4: 0 | AW4: 0 | AX4: 0 | AY4: 0 | AZ4: 10 | BA4: 0 | BB4: 0 | BC4: 1 | BD4: 0 | BE4: 1 | BF4: 0 | BG4: 0 | BH4: 1 | BI4: 0 | BJ4: 1 | BK4: 0 | BL4: 1 | BM4: 0 | BN4: 1 | BO4: 0 | BP4: 1 | BQ4: 0 | BR4: 1 | BS4: 1 | BT4: 0 | BU4: 1 | BV4: 0 | BW4: 1 | BX4: 1 | BY4: 1 | BZ4: 1 | CA4: 0 | CB4: 1 | CC4: 1
A5: 375649 | B5: 381079 | C5: 362582 | D5: 348918 | E5: 364568 | F5: 362360 | G5: 363563 | H5: 370527 | I5: 368227 | J5: 351698 | K5: 365735 | L5: 355246 | M5: 355591 | N5: 363750 | O5: 371754 | P5: 357621 | Q5: 354314 | R5: 401556 | S5: 360070 | T5: 367518 | U5: 372205 | V5: 350837 | W5: 354269 | X5: 346229 | Y5: 352015 | Z5: 335074 | AA5: 350962 | AB5: 0 | AC5: 24 | AD5: 0 | AE5: 0 | AF5: 0 | AG5: 16 | AH5: 0 | AI5: 0 | AJ5: 0 | AK5: 0 | AL5: 0 | AM5: 0 | AN5: 0 | AO5: 0 | AP5: 26 | AQ5: 0 | AR5: 0 | AS5: 60 | AT5: 0 | AU5: 0 | AV5: 0 | AW5: 0 | AX5: 0 | AY5: 0 | AZ5: 0 | BA5: 0 | BB5: 0 | BC5: 0 | BD5: 1 | BE5: 1 | BF5: 0 | BG5: 0 | BH5: 1 | BI5: 0 | BJ5: 1 | BK5: 0 | BL5: 1 | BM5: 0 | BN5: 1 | BO5: 0 | BP5: 1 | BQ5: 1 | BR5: 0 | BS5: 1 | BT5: 0 | BU5: 1 | BV5: 1 | BW5: 1 | BX5: 0 | BY5: 1 | BZ5: 1 | CA5: 0 | CB5: 1 | CC5: 1
A6: 373560 | B6: 330417 | C6: 343923 | D6: 325718 | E6: 319260 | F6: 326380 | G6: 337647 | H6: 321362 | I6: 343405 | J6: 351464 | K6: 348178 | L6: 324079 | M6: 338552 | N6: 327806 | O6: 323644 | P6: 296492 | Q6: 343096 | R6: 317614 | S6: 319611 | T6: 309850 | U6: 317854 | V6: 324918 | W6: 347205 | X6: 327951 | Y6: 342398 | Z6: 343686 | AA6: 305395 | AB6: 14 | AC6: 0 | AD6: 17 | AE6: 0 | AF6: 0 | AG6: 0 | AH6: 0 | AI6: 0 | AJ6: 0 | AK6: 0 | AL6: 23 | AM6: 0 | AN6: 0 | AO6: 0 | AP6: 0 | AQ6: 0 | AR6: 0 | AS6: 0 | AT6: 0 | AU6: 0 | AV6: 0 | AW6: 0 | AX6: 0 | AY6: 0 | AZ6: 11 | BA6: 0 | BB6: 0 | BC6: 1 | BD6: 0 | BE6: 1 | BF6: 0 | BG6: 0 | BH6: 1 | BI6: 0 | BJ6: 1 | BK6: 0 | BL6: 1 | BM6: 0 | BN6: 1 | BO6: 0 | BP6: 1 | BQ6: 1 | BR6: 0 | BS6: 1 | BT6: 0 | BU6: 1 | BV6: 1 | BW6: 0 | BX6: 1 | BY6: 1 | BZ6: 1 | CA6: 0 | CB6: 1 | CC6: 1
A7: 425299 | B7: 401562 | C7: 422969 | D7: 392722 | E7: 400041 | F7: 388743 | G7: 352115 | H7: 379548 | I7: 399957 | J7: 369292 | K7: 380369 | L7: 395910 | M7: 354272 | N7: 377348 | O7: 368563 | P7: 395019 | Q7: 418723 | R7: 386997 | S7: 388454 | T7: 382944 | U7: 388166 | V7: 387921 | W7: 389057 | X7: 377419 | Y7: 383225 | Z7: 365349 | AA7: 382535 | AB7: 15 | AC7: 9 | AD7: 0 | AE7: 0 | AF7: 0 | AG7: 0 | AH7: 0 | AI7: 0 | AJ7: 0 | AK7: 0 | AL7: 0 | AM7: 12 | AN7: 0 | AO7: 32 | AP7: 0 | AQ7: 0 | AR7: 31 | AS7: 18 | AT7: 0 | AU7: 0 | AV7: 26 | AW7: 0 | AX7: 18 | AY7: 0 | AZ7: 0 | BA7: 0 | BB7: 0 | BC7: 1 | BD7: 0 | BE7: 1 | BF7: 0 | BG7: 0 | BH7: 1 | BI7: 0 | BJ7: 1 | BK7: 0 | BL7: 1 | BM7: 0 | BN7: 1 | BO7: 0 | BP7: 1 | BQ7: 1 | BR7: 0 | BS7: 1 | BT7: 1 | BU7: 0 | BV7: 1 | BW7: 1 | BX7: 0 | BY7: 1 | BZ7: 1 | CA7: 1 | CB7: 1 | CC7: 1
A8: 437913 | B8: 387918 | C8: 369863 | D8: 402489 | E8: 404759 | F8: 389753 | G8: 368565 | H8: 383422 | I8: 389272 | J8: 393152 | K8: 389242 | L8: 365362 | M8: 373670 | N8: 387816 | O8: 394485 | P8: 366568 | Q8: 403010 | R8: 388257 | S8: 402443 | T8: 373960 | U8: 379863 | V8: 403717 | W8: 371087 | X8: 388242 | Y8: 373910 | Z8: 381368 | AA8: 371106 | AB8: 39 | AC8: 0 | AD8: 0 | AE8: 0 | AF8: 0 | AG8: 0 | AH8: 0 | AI8: 0 | AJ8: 0 | AK8: 0 | AL8: 0 | AM8: 0 | AN8: 0 | AO8: 0 | AP8: 0 | AQ8: 0 | AR8: 0 | AS8: 0 | AT8: 0 | AU8: 0 | AV8: 0 | AW8: 0 | AX8: 0 | AY8: 0 | AZ8: 0 | BA8: 0 | BB8: 0 | BC8: 0 | BD8: 0 | BE8: 1 | BF8: 0 | BG8: 1 | BH8: 0 | BI8: 1 | BJ8: 0 | BK8: 1 | BL8: 0 | BM8: 1 | BN8: 0 | BO8: 1 | BP8: 0 | BQ8: 1 | BR8: 0 | BS8: 1 | BT8: 1 | BU8: 0 | BV8: 1 | BW8: 1 | BX8: 0 | BY8: 1 | BZ8: 1 | CA8: 0 | CB8: 1 | CC8: 1
A9: 324286 | B9: 314744 | C9: 331515 | D9: 310244 | E9: 307865 | F9: 334879 | G9: 320578 | H9: 318089 | I9: 321535 | J9: 315334 | K9: 371121 | L9: 317273 | M9: 320470 | N9: 311266 | O9: 333178 | P9: 307500 | Q9: 295276 | R9: 319426 | S9: 332511 | T9: 319271 | U9: 315392 | V9: 343104 | W9: 328554 | X9: 334925 | Y9: 320897 | Z9: 307332 | AA9: 307254 | AB9: 0 | AC9: 0 | AD9: 0 | AE9: 0 | AF9: 0 | AG9: 0 | AH9: 0 | AI9: 0 | AJ9: 25 | AK9: 0 | AL9: 25 | AM9: 0 | AN9: 0 | AO9: 0 | AP9: 0 | AQ9: 0 | AR9: 0 | AS9: 0 | AT9: 0 | AU9: 0 | AV9: 0 | AW9: 18 | AX9: 0 | AY9: 23 | AZ9: 1 | BA9: 0 | BB9: 0 | BC9: 1 | BD9: 0 | BE9: 1 | BF9: 0 | BG9: 0 | BH9: 1 | BI9: 0 | BJ9: 1 | BK9: 0 | BL9: 1 | BM9: 0 | BN9: 1 | BO9: 0 | BP9: 1 | BQ9: 1 | BR9: 0 | BS9: 1 | BT9: 0 | BU9: 1 | BV9: 1 | BW9: 1 | BX9: 0 | BY9: 1 | BZ9: 1 | CA9: 1 | CB9: 1 | CC9: 1
A10: 408308 | B10: 366454 | C10: 372048 | D10: 377644 | E10: 371281 | F10: 370140 | G10: 364900 | H10: 369849 | I10: 366496 | J10: 359791 | K10: 362810 | L10: 346467 | M10: 382629 | N10: 385457 | O10: 364318 | P10: 350374 | Q10: 413193 | R10: 440305 | S10: 385602 | T10: 360223 | U10: 352636 | V10: 371148 | W10: 363843 | X10: 353314 | Y10: 359718 | Z10: 338980 | AA10: 354514 | AB10: 0 | AC10: 6 | AD10: 0 | AE10: 0 | AF10: 0 | AG10: 0 | AH10: 0 | AI10: 0 | AJ10: 0 | AK10: 11 | AL10: 0 | AM10: 0 | AN10: 0 | AO10: 10 | AP10: 0 | AQ10: 0 | AR10: 44 | AS10: 75 | AT10: 0 | AU10: 0 | AV10: 0 | AW10: 0 | AX10: 0 | AY10: 0 | AZ10: 0 | BA10: 0 | BB10: 0 | BC10: 0 | BD10: 0 | BE10: 1 | BF10: 0 | BG10: 1 | BH10: 0 | BI10: 0 | BJ10: 1 | BK10: 1 | BL10: 0 | BM10: 0 | BN10: 1 | BO10: 0 | BP10: 1 | BQ10: 1 | BR10: 0 | BS10: 1 | BT10: 1 | BU10: 0 | BV10: 1 | BW10: 1 | BX10: 0 | BY10: 1 | BZ10: 1 | CA10: 1 | CB10: 1 | CC10: 1
A11: 378322 | B11: 368788 | C11: 358035 | D11: 380421 | E11: 382047 | F11: 378179 | G11: 454983 | H11: 369122 | I11: 352026 | J11: 371344 | K11: 362695 | L11: 338692 | M11: 361022 | N11: 363845 | O11: 341393 | P11: 362908 | Q11: 354525 | R11: 350405 | S11: 355278 | T11: 372824 | U11: 368898 | V11: 359781 | W11: 402199 | X11: 425926 | Y11: 359796 | Z11: 336180 | AA11: 366053 | AB11: 0 | AC11: 0 | AD11: 0 | AE11: 0 | AF11: 0 | AG11: 0 | AH11: 93 | AI11: 0 | AJ11: 0 | AK11: 0 | AL11: 0 | AM11: 0 | AN11: 0 | AO11: 0 | AP11: 0 | AQ11: 0 | AR11: 0 | AS11: 0 | AT11: 7 | AU11: 0 | AV11: 0 | AW11: 0 | AX11: 0 | AY11: 73 | AZ11: 0 | BA11: 0 | BB11: 0 | BC11: 0 | BD11: 0 | BE11: 1 | BF11: 0 | BG11: 1 | BH11: 0 | BI11: 1 | BJ11: 0 | BK11: 1 | BL11: 0 | BM11: 1 | BN11: 0 | BO11: 1 | BP11: 0 | BQ11: 1 | BR11: 0 | BS11: 1 | BT11: 1 | BU11: 0 | BV11: 1 | BW11: 1 | BX11: 0 | BY11: 1 | BZ11: 1 | CA11: 1 | CB11: 1 | CC11: 1
A12: 417955 | B12: 413226 | C12: 419366 | D12: 428437 | E12: 419863 | F12: 407364 | G12: 444197 | H12: 388989 | I12: 400404 | J12: 413732 | K12: 405798 | L12: 401335 | M12: 407015 | N12: 404596 | O12: 385462 | P12: 405481 | Q12: 422582 | R12: 421662 | S12: 405911 | T12: 409184 | U12: 391184 | V12: 409673 | W12: 373961 | X12: 395915 | Y12: 407521 | Z12: 360062 | AA12: 402777 | AB12: 0 | AC12: 0 | AD12: 0 | AE12: 0 | AF12: 0 | AG12: 0 | AH12: 0 | AI12: 0 | AJ12: 0 | AK12: 0 | AL12: 0 | AM12: 0 | AN12: 0 | AO12: 0 | AP12: 0 | AQ12: 0 | AR12: 0 | AS12: 0 | AT12: 0 | AU12: 0 | AV12: 0 | AW12: 0 | AX12: 0 | AY12: 0 | AZ12: 0 | BA12: 0 | BB12: 0 | BC12: 0 | BD12: 0 | BE12: 1 | BF12: 0 | BG12: 1 | BH12: 0 | BI12: 0 | BJ12: 1 | BK12: 1 | BL12: 0 | BM12: 0 | BN12: 1 | BO12: 0 | BP12: 1 | BQ12: 1 | BR12: 0 | BS12: 1 | BT12: 0 | BU12: 1 | BV12: 1 | BW12: 0 | BX12: 1 | BY12: 1 | BZ12: 1 | CA12: 0 | CB12: 1 | CC12: 1
A13: 364079 | B13: 346297 | C13: 364735 | D13: 364018 | E13: 362653 | F13: 407543 | G13: 370326 | H13: 387226 | I13: 361315 | J13: 370080 | K13: 377925 | L13: 363731 | M13: 349385 | N13: 350989 | O13: 363229 | P13: 351028 | Q13: 376050 | R13: 362826 | S13: 366756 | T13: 362127 | U13: 348723 | V13: 372539 | W13: 360625 | X13: 358695 | Y13: 339411 | Z13: 368424 | AA13: 341387 | AB13: 0 | AC13: 0 | AD13: 0 | AE13: 0 | AF13: 0 | AG13: 47 | AH13: 0 | AI13: 8 | AJ13: 0 | AK13: 0 | AL13: 0 | AM13: 0 | AN13: 0 | AO13: 0 | AP13: 0 | AQ13: 0 | AR13: 0 | AS13: 0 | AT13: 0 | AU13: 0 | AV13: 0 | AW13: 0 | AX13: 0 | AY13: 0 | AZ13: 0 | BA13: 0 | BB13: 0 | BC13: 0 | BD13: 1 | BE13: 0 | BF13: 1 | BG13: 0 | BH13: 1 | BI13: 0 | BJ13: 1 | BK13: 0 | BL13: 1 | BM13: 0 | BN13: 1 | BO13: 0 | BP13: 1 | BQ13: 0 | BR13: 1 | BS13: 0 | BT13: 1 | BU13: 1 | BV13: 0 | BW13: 1 | BX13: 1 | BY13: 1 | BZ13: 1 | CA13: 0 | CB13: 1 | CC13: 1
... A61: 339989 | B61: 337912 | C61: 338980 | D61: 348208 | E61: 336495 | F61: 328396 | G61: 332820 | H61: 331580 | I61: 337910 | J61: 338261 | K61: 345555 | L61: 344975 | M61: 329464 | N61: 331799 | O61: 341729 | P61: 331786 | Q61: 338896 | R61: 325890 | S61: 327636 | T61: 333685 | U61: 334432 | V61: 339153 | W61: 333594 | X61: 322242 | Y61: 334365 | Z61: 328885 | AA61: 336849 | AB61: 0 | AC61: 0 | AD61: 0 | AE61: 0 | AF61: 0 | AG61: 0 | AH61: 0 | AI61: 0 | AJ61: 0 | AK61: 0 | AL61: 0 | AM61: 0 | AN61: 0 | AO61: 0 | AP61: 0 | AQ61: 0 | AR61: 0 | AS61: 0 | AT61: 0 | AU61: 0 | AV61: 0 | AW61: 0 | AX61: 0 | AY61: 0 | AZ61: 0 | BA61: 0 | BB61: 0 | BC61: 0 | BD61: 1 | BE61: 1 | BF61: 0 | BG61: 0 | BH61: 1 | BI61: 1 | BJ61: 0 | BK61: 1 | BL61: 0 | BM61: 1 | BN61: 1 | BO61: 0 | BP61: 1 | BQ61: 1 | BR61: 0 | BS61: 1 | BT61: 1 | BU61: 0 | BV61: 1 | BW61: 1 | BX61: 1 | BY61: 1 | BZ61: 1 | CA61: 1 | CB61: 1 | CC61: 1

Sheet AVG_50
B1: Avg.obj.1 | C1: Avg.obj.2 | D1: Avg.obj.3 | E1: Avg.obj.4 | F1: Avg.obj.5 | G1: Avg.obj.6 | H1: Avg.obj.7 | I1: Avg.obj.8 | J1: Avg.obj.9 | K1: Avg.obj.10 | L1: Avg.obj.11 | M1: Avg.obj.12 | N1: Avg.obj.13 | O1: Avg.obj.14 | P1: Avg.obj.15 | Q1: Avg.obj.16 | R1: Avg.obj.17 | S1: Avg.obj.18 | T1: Avg.obj.19 | U1: Avg.obj.20 | V1: Avg.obj.21 | W1: Avg.obj.22 | X1: Avg.obj.23 | Y1: Avg.obj.24 | Z1: Avg.obj.25 | AA1: Avg.obj.26 | AB1: Avg.obj.27 | AC1: Avg.over.1 | AD1: Avg.over.2 | AE1: Avg.over.3 | AF1: Avg.over.4 | AG1: Avg.over.5 | AH1: Avg.over.6 | AI1: Avg.over.7 | AJ1: Avg.over.8 | AK1: Avg.over.9 | AL1: Avg.over.10 | AM1: Avg.over.11 | AN1: Avg.over.12 | AO1: Avg.over.13 | AP1: Avg.over.14 | AQ1: Avg.over.15 | AR1: Avg.over.16 | AS1: Avg.over.17 | AT1: Avg.over.18 | AU1: Avg.over.19 | AV1: Avg.over.20 | AW1: Avg.over.21 | AX1: Avg.over.22 | AY1: Avg.over.23 | AZ1: Avg.over.24 | BA1: Avg.over.25 | BB1: Avg.over.26 | BC1: Avg.over.27 | BD1: Avg.time.1 | BE1: Avg.time.2 | BF1: Avg.time.3 | BG1: Avg.time.4 | BH1: Avg.time.5 | BI1: Avg.time.6 | BJ1: Avg.time.7 | BK1: Avg.time.8 | BL1: Avg.time.9 | BM1: Avg.time.10 | BN1: Avg.time.11 | BO1: Avg.time.12 | BP1: Avg.time.13 | BQ1: Avg.time.14 | BR1: Avg.time.15 | BS1: Avg.time.16 | BT1: Avg.time.17 | BU1: Avg.time.18 | BV1: Avg.time.19 | BW1: Avg.time.20 | BX1: Avg.time.21 | BY1: Avg.time.22 | BZ1: Avg.time.23 | CA1: Avg.time.24 | CB1: Avg.time.25 | CC1: Avg.time.26 | CD1: Avg.time.27
B2: =AVERAGE('1_50J'!A2,'2_50J'!A2,'3_50J'!A2,'4_50J'!A2,'5_50J'!A2) -> 339808.8 | C2: =AVERAGE('1_50J'!B2,'2_50J'!B2,'3_50J'!B2,'4_50J'!B2,'5_50J'!B2) -> 343569.2 | D2: =AVERAGE('1_50J'!C2,'2_50J'!C2,'3_50J'!C2,'4_50J'!C2,'5_50J'!C2) -> 334150.6 | E2: =AVERAGE('1_50J'!D2,'2_50J'!D2,'3_50J'!D2,'4_50J'!D2,'5_50J'!D2) -> 327523.6 | F2: =AVERAGE('1_50J'!E2,'2_50J'!E2,'3_50J'!E2,'4_50J'!E2,'5_50J'!E2) -> 345250.8 | G2: =AVERAGE('1_50J'!F2,'2_50J'!F2,'3_50J'!F2,'4_50J'!F2,'5_50J'!F2) -> 317017.2 | H2: =AVERAGE('1_50J'!G2,'2_50J'!G2,'3_50J'!G2,'4_50J'!G2,'5_50J'!G2) -> 324757.4 | I2: =AVERAGE('1_50J'!H2,'2_50J'!H2,'3_50J'!H2,'4_50J'!H2,'5_50J'!H2) -> 315060.6 | ... CD2: =AVERAGE('1_50J'!CC2,'2_50J'!CC2,'3_50J'!CC2,'4_50J'!CC2,'5_50J'!CC2) -> 1.4
B3: =AVERAGE('1_50J'!A3,'2_50J'!A3,'3_50J'!A3,'4_50J'!A3,'5_50J'!A3) -> 339889.6 | C3: =AVERAGE('1_50J'!B3,'2_50J'!B3,'3_50J'!B3,'4_50J'!B3,'5_50J'!B3) -> 327739 | D3: =AVERAGE('1_50J'!C3,'2_50J'!C3,'3_50J'!C3,'4_50J'!C3,'5_50J'!C3) -> 322716.6 | E3: =AVERAGE('1_50J'!D3,'2_50J'!D3,'3_50J'!D3,'4_50J'!D3,'5_50J'!D3) -> 328557.6 | F3: =AVERAGE('1_50J'!E3,'2_50J'!E3,'3_50J'!E3,'4_50J'!E3,'5_50J'!E3) -> 340197.6 | G3: =AVERAGE('1_50J'!F3,'2_50J'!F3,'3_50J'!F3,'4_50J'!F3,'5_50J'!F3) -> 321609.8 | H3: =AVERAGE('1_50J'!G3,'2_50J'!G3,'3_50J'!G3,'4_50J'!G3,'5_50J'!G3) -> 316467 | I3: =AVERAGE('1_50J'!H3,'2_50J'!H3,'3_50J'!H3,'4_50J'!H3,'5_50J'!H3) -> 326405.8 | ... CD3: =AVERAGE('1_50J'!CC3,'2_50J'!CC3,'3_50J'!CC3,'4_50J'!CC3,'5_50J'!CC3) -> 1.2
B4: =AVERAGE('1_50J'!A4,'2_50J'!A4,'3_50J'!A4,'4_50J'!A4,'5_50J'!A4) -> 373937.4 | C4: =AVERAGE('1_50J'!B4,'2_50J'!B4,'3_50J'!B4,'4_50J'!B4,'5_50J'!B4) -> 349578.2 | D4: =AVERAGE('1_50J'!C4,'2_50J'!C4,'3_50J'!C4,'4_50J'!C4,'5_50J'!C4) -> 349789.6 | E4: =AVERAGE('1_50J'!D4,'2_50J'!D4,'3_50J'!D4,'4_50J'!D4,'5_50J'!D4) -> 349187.8 | F4: =AVERAGE('1_50J'!E4,'2_50J'!E4,'3_50J'!E4,'4_50J'!E4,'5_50J'!E4) -> 349889.8 | G4: =AVERAGE('1_50J'!F4,'2_50J'!F4,'3_50J'!F4,'4_50J'!F4,'5_50J'!F4) -> 350049.4 | H4: =AVERAGE('1_50J'!G4,'2_50J'!G4,'3_50J'!G4,'4_50J'!G4,'5_50J'!G4) -> 350911 | I4: =AVERAGE('1_50J'!H4,'2_50J'!H4,'3_50J'!H4,'4_50J'!H4,'5_50J'!H4) -> 361113.4 | ... CD4: =AVERAGE('1_50J'!CC4,'2_50J'!CC4,'3_50J'!CC4,'4_50J'!CC4,'5_50J'!CC4) -> 1
B5: =AVERAGE('1_50J'!A5,'2_50J'!A5,'3_50J'!A5,'4_50J'!A5,'5_50J'!A5) -> 377843.2 | C5: =AVERAGE('1_50J'!B5,'2_50J'!B5,'3_50J'!B5,'4_50J'!B5,'5_50J'!B5) -> 364728.4 | D5: =AVERAGE('1_50J'!C5,'2_50J'!C5,'3_50J'!C5,'4_50J'!C5,'5_50J'!C5) -> 359186.4 | E5: =AVERAGE('1_50J'!D5,'2_50J'!D5,'3_50J'!D5,'4_50J'!D5,'5_50J'!D5) -> 366430.6 | F5: =AVERAGE('1_50J'!E5,'2_50J'!E5,'3_50J'!E5,'4_50J'!E5,'5_50J'!E5) -> 385701.8 | G5: =AVERAGE('1_50J'!F5,'2_50J'!F5,'3_50J'!F5,'4_50J'!F5,'5_50J'!F5) -> 361518.6 | H5: =AVERAGE('1_50J'!G5,'2_50J'!G5,'3_50J'!G5,'4_50J'!G5,'5_50J'!G5) -> 353223.2 | I5: =AVERAGE('1_50J'!H5,'2_50J'!H5,'3_50J'!H5,'4_50J'!H5,'5_50J'!H5) -> 355675.2 | ... CD5: =AVERAGE('1_50J'!CC5,'2_50J'!CC5,'3_50J'!CC5,'4_50J'!CC5,'5_50J'!CC5) -> 1
B6: =AVERAGE('1_50J'!A6,'2_50J'!A6,'3_50J'!A6,'4_50J'!A6,'5_50J'!A6) -> 341834.6 | C6: =AVERAGE('1_50J'!B6,'2_50J'!B6,'3_50J'!B6,'4_50J'!B6,'5_50J'!B6) -> 324290.8 | D6: =AVERAGE('1_50J'!C6,'2_50J'!C6,'3_50J'!C6,'4_50J'!C6,'5_50J'!C6) -> 345167.2 | E6: =AVERAGE('1_50J'!D6,'2_50J'!D6,'3_50J'!D6,'4_50J'!D6,'5_50J'!D6) -> 325886.4 | F6: =AVERAGE('1_50J'!E6,'2_50J'!E6,'3_50J'!E6,'4_50J'!E6,'5_50J'!E6) -> 324888.8 | G6: =AVERAGE('1_50J'!F6,'2_50J'!F6,'3_50J'!F6,'4_50J'!F6,'5_50J'!F6) -> 325664 | H6: =AVERAGE('1_50J'!G6,'2_50J'!G6,'3_50J'!G6,'4_50J'!G6,'5_50J'!G6) -> 342925.6 | I6: =AVERAGE('1_50J'!H6,'2_50J'!H6,'3_50J'!H6,'4_50J'!H6,'5_50J'!H6) -> 327936.4 | ... CD6: =AVERAGE('1_50J'!CC6,'2_50J'!CC6,'3_50J'!CC6,'4_50J'!CC6,'5_50J'!CC6) -> 1
B7: =AVERAGE('1_50J'!A7,'2_50J'!A7,'3_50J'!A7,'4_50J'!A7,'5_50J'!A7) -> 416007.2 | C7: =AVERAGE('1_50J'!B7,'2_50J'!B7,'3_50J'!B7,'4_50J'!B7,'5_50J'!B7) -> 387311.8 | D7: =AVERAGE('1_50J'!C7,'2_50J'!C7,'3_50J'!C7,'4_50J'!C7,'5_50J'!C7) -> 386758.2 | E7: =AVERAGE('1_50J'!D7,'2_50J'!D7,'3_50J'!D7,'4_50J'!D7,'5_50J'!D7) -> 403129.4 | F7: =AVERAGE('1_50J'!E7,'2_50J'!E7,'3_50J'!E7,'4_50J'!E7,'5_50J'!E7) -> 381932 | G7: =AVERAGE('1_50J'!F7,'2_50J'!F7,'3_50J'!F7,'4_50J'!F7,'5_50J'!F7) -> 380494.6 | H7: =AVERAGE('1_50J'!G7,'2_50J'!G7,'3_50J'!G7,'4_50J'!G7,'5_50J'!G7) -> 388960 | I7: =AVERAGE('1_50J'!H7,'2_50J'!H7,'3_50J'!H7,'4_50J'!H7,'5_50J'!H7) -> 381194.4 | ... CD7: =AVERAGE('1_50J'!CC7,'2_50J'!CC7,'3_50J'!CC7,'4_50J'!CC7,'5_50J'!CC7) -> 1
B8: =AVERAGE('1_50J'!A8,'2_50J'!A8,'3_50J'!A8,'4_50J'!A8,'5_50J'!A8) -> 405537.2 | C8: =AVERAGE('1_50J'!B8,'2_50J'!B8,'3_50J'!B8,'4_50J'!B8,'5_50J'!B8) -> 385141.8 | D8: =AVERAGE('1_50J'!C8,'2_50J'!C8,'3_50J'!C8,'4_50J'!C8,'5_50J'!C8) -> 388062.8 | E8: =AVERAGE('1_50J'!D8,'2_50J'!D8,'3_50J'!D8,'4_50J'!D8,'5_50J'!D8) -> 391068 | F8: =AVERAGE('1_50J'!E8,'2_50J'!E8,'3_50J'!E8,'4_50J'!E8,'5_50J'!E8) -> 387621.6 | G8: =AVERAGE('1_50J'!F8,'2_50J'!F8,'3_50J'!F8,'4_50J'!F8,'5_50J'!F8) -> 384327.6 | H8: =AVERAGE('1_50J'!G8,'2_50J'!G8,'3_50J'!G8,'4_50J'!G8,'5_50J'!G8) -> 391894 | I8: =AVERAGE('1_50J'!H8,'2_50J'!H8,'3_50J'!H8,'4_50J'!H8,'5_50J'!H8) -> 382589.6 | ... CD8: =AVERAGE('1_50J'!CC8,'2_50J'!CC8,'3_50J'!CC8,'4_50J'!CC8,'5_50J'!CC8) -> 1.2
B9: =AVERAGE('1_50J'!A9,'2_50J'!A9,'3_50J'!A9,'4_50J'!A9,'5_50J'!A9) -> 323507.2 | C9: =AVERAGE('1_50J'!B9,'2_50J'!B9,'3_50J'!B9,'4_50J'!B9,'5_50J'!B9) -> 329788.2 | D9: =AVERAGE('1_50J'!C9,'2_50J'!C9,'3_50J'!C9,'4_50J'!C9,'5_50J'!C9) -> 329950.8 | E9: =AVERAGE('1_50J'!D9,'2_50J'!D9,'3_50J'!D9,'4_50J'!D9,'5_50J'!D9) -> 319150.4 | F9: =AVERAGE('1_50J'!E9,'2_50J'!E9,'3_50J'!E9,'4_50J'!E9,'5_50J'!E9) -> 314637 | G9: =AVERAGE('1_50J'!F9,'2_50J'!F9,'3_50J'!F9,'4_50J'!F9,'5_50J'!F9) -> 343692.2 | H9: =AVERAGE('1_50J'!G9,'2_50J'!G9,'3_50J'!G9,'4_50J'!G9,'5_50J'!G9) -> 340314.4 | I9: =AVERAGE('1_50J'!H9,'2_50J'!H9,'3_50J'!H9,'4_50J'!H9,'5_50J'!H9) -> 350102.4 | ... CD9: =AVERAGE('1_50J'!CC9,'2_50J'!CC9,'3_50J'!CC9,'4_50J'!CC9,'5_50J'!CC9) -> 1
B10: =AVERAGE('1_50J'!A10,'2_50J'!A10,'3_50J'!A10,'4_50J'!A10,'5_50J'!A10) -> 387380.6 | C10: =AVERAGE('1_50J'!B10,'2_50J'!B10,'3_50J'!B10,'4_50J'!B10,'5_50J'!B10) -> 368565.8 | D10: =AVERAGE('1_50J'!C10,'2_50J'!C10,'3_50J'!C10,'4_50J'!C10,'5_50J'!C10) -> 398033.4 | E10: =AVERAGE('1_50J'!D10,'2_50J'!D10,'3_50J'!D10,'4_50J'!D10,'5_50J'!D10) -> 365446.6 | F10: =AVERAGE('1_50J'!E10,'2_50J'!E10,'3_50J'!E10,'4_50J'!E10,'5_50J'!E10) -> 375849.8 | G10: =AVERAGE('1_50J'!F10,'2_50J'!F10,'3_50J'!F10,'4_50J'!F10,'5_50J'!F10) -> 364508.4 | H10: =AVERAGE('1_50J'!G10,'2_50J'!G10,'3_50J'!G10,'4_50J'!G10,'5_50J'!G10) -> 363949.4 | I10: =AVERAGE('1_50J'!H10,'2_50J'!H10,'3_50J'!H10,'4_50J'!H10,'5_50J'!H10) -> 363860.2 | ... CD10: =AVERAGE('1_50J'!CC10,'2_50J'!CC10,'3_50J'!CC10,'4_50J'!CC10,'5_50J'!CC10) -> 1.2
B11: =AVERAGE('1_50J'!A11,'2_50J'!A11,'3_50J'!A11,'4_50J'!A11,'5_50J'!A11) -> 373134.4 | C11: =AVERAGE('1_50J'!B11,'2_50J'!B11,'3_50J'!B11,'4_50J'!B11,'5_50J'!B11) -> 359872.4 | D11: =AVERAGE('1_50J'!C11,'2_50J'!C11,'3_50J'!C11,'4_50J'!C11,'5_50J'!C11) -> 361324 | E11: =AVERAGE('1_50J'!D11,'2_50J'!D11,'3_50J'!D11,'4_50J'!D11,'5_50J'!D11) -> 379240.4 | F11: =AVERAGE('1_50J'!E11,'2_50J'!E11,'3_50J'!E11,'4_50J'!E11,'5_50J'!E11) -> 373048.2 | G11: =AVERAGE('1_50J'!F11,'2_50J'!F11,'3_50J'!F11,'4_50J'!F11,'5_50J'!F11) -> 371794.6 | H11: =AVERAGE('1_50J'!G11,'2_50J'!G11,'3_50J'!G11,'4_50J'!G11,'5_50J'!G11) -> 377904.8 | I11: =AVERAGE('1_50J'!H11,'2_50J'!H11,'3_50J'!H11,'4_50J'!H11,'5_50J'!H11) -> 363564 | ... CD11: =AVERAGE('1_50J'!CC11,'2_50J'!CC11,'3_50J'!CC11,'4_50J'!CC11,'5_50J'!CC11) -> 1.2
B12: =AVERAGE('1_50J'!A12,'2_50J'!A12,'3_50J'!A12,'4_50J'!A12,'5_50J'!A12) -> 406703.6 | C12: =AVERAGE('1_50J'!B12,'2_50J'!B12,'3_50J'!B12,'4_50J'!B12,'5_50J'!B12) -> 425985.2 | D12: =AVERAGE('1_50J'!C12,'2_50J'!C12,'3_50J'!C12,'4_50J'!C12,'5_50J'!C12) -> 413138.6 | E12: =AVERAGE('1_50J'!D12,'2_50J'!D12,'3_50J'!D12,'4_50J'!D12,'5_50J'!D12) -> 408519.6 | F12: =AVERAGE('1_50J'!E12,'2_50J'!E12,'3_50J'!E12,'4_50J'!E12,'5_50J'!E12) -> 412555.6 | G12: =AVERAGE('1_50J'!F12,'2_50J'!F12,'3_50J'!F12,'4_50J'!F12,'5_50J'!F12) -> 408561.6 | H12: =AVERAGE('1_50J'!G12,'2_50J'!G12,'3_50J'!G12,'4_50J'!G12,'5_50J'!G12) -> 411446 | I12: =AVERAGE('1_50J'!H12,'2_50J'!H12,'3_50J'!H12,'4_50J'!H12,'5_50J'!H12) -> 391763.6 | ... CD12: =AVERAGE('1_50J'!CC12,'2_50J'!CC12,'3_50J'!CC12,'4_50J'!CC12,'5_50J'!CC12) -> 1
B13: =AVERAGE('1_50J'!A13,'2_50J'!A13,'3_50J'!A13,'4_50J'!A13,'5_50J'!A13) -> 372639.8 | C13: =AVERAGE('1_50J'!B13,'2_50J'!B13,'3_50J'!B13,'4_50J'!B13,'5_50J'!B13) -> 370097.8 | D13: =AVERAGE('1_50J'!C13,'2_50J'!C13,'3_50J'!C13,'4_50J'!C13,'5_50J'!C13) -> 371647.2 | E13: =AVERAGE('1_50J'!D13,'2_50J'!D13,'3_50J'!D13,'4_50J'!D13,'5_50J'!D13) -> 380621.4 | F13: =AVERAGE('1_50J'!E13,'2_50J'!E13,'3_50J'!E13,'4_50J'!E13,'5_50J'!E13) -> 358883.4 | G13: =AVERAGE('1_50J'!F13,'2_50J'!F13,'3_50J'!F13,'4_50J'!F13,'5_50J'!F13) -> 366428.8 | H13: =AVERAGE('1_50J'!G13,'2_50J'!G13,'3_50J'!G13,'4_50J'!G13,'5_50J'!G13) -> 361040 | I13: =AVERAGE('1_50J'!H13,'2_50J'!H13,'3_50J'!H13,'4_50J'!H13,'5_50J'!H13) -> 364157 | ... CD13: =AVERAGE('1_50J'!CC13,'2_50J'!CC13,'3_50J'!CC13,'4_50J'!CC13,'5_50J'!CC13) -> 1.2
... B61: =AVERAGE('1_50J'!A61,'2_50J'!A61,'3_50J'!A61,'4_50J'!A61,'5_50J'!A61) -> 342893.6 | C61: =AVERAGE('1_50J'!B61,'2_50J'!B61,'3_50J'!B61,'4_50J'!B61,'5_50J'!B61) -> 334616.6 | D61: =AVERAGE('1_50J'!C61,'2_50J'!C61,'3_50J'!C61,'4_50J'!C61,'5_50J'!C61) -> 334129 | E61: =AVERAGE('1_50J'!D61,'2_50J'!D61,'3_50J'!D61,'4_50J'!D61,'5_50J'!D61) -> 337469.2 | F61: =AVERAGE('1_50J'!E61,'2_50J'!E61,'3_50J'!E61,'4_50J'!E61,'5_50J'!E61) -> 332190.4 | G61: =AVERAGE('1_50J'!F61,'2_50J'!F61,'3_50J'!F61,'4_50J'!F61,'5_50J'!F61) -> 332960 | H61: =AVERAGE('1_50J'!G61,'2_50J'!G61,'3_50J'!G61,'4_50J'!G61,'5_50J'!G61) -> 334101.8 | I61: =AVERAGE('1_50J'!H61,'2_50J'!H61,'3_50J'!H61,'4_50J'!H61,'5_50J'!H61) -> 328356.6 | ... CD61: =AVERAGE('1_50J'!CC61,'2_50J'!CC61,'3_50J'!CC61,'4_50J'!CC61,'5_50J'!CC61) -> 1.2

Sheet RPD_50
A1: Minimum | B1: 40_500_0.2 | C1: 40_800_0.2 | D1: 40_1000_0.2 | E1: 40_500_0.3 | F1: 40_800_0.3 | G1: 40_1000_0.3 | H1: 40_500_0.5 | I1: 40_800_0.5 | J1: 40_1000_0.5 | K1: 50_500_0.2 | L1: 50_800_0.2 | M1: 50_1000_0.2 | N1: 50_500_0.3 | O1: 50_800_0.3 | P1: 50_1000_0.3 | Q1: 50_500_0.5 | R1: 50_800_0.5 | S1: 50_1000_0.5 | T1: 70_500_0.2 | U1: 70_800_0.2 | V1: 70_1000_0.2 | W1: 70_500_0.3 | X1: 70_800_0.3 | Y1: 70_1000_0.3 | Z1: 70_500_0.5 | AA1: 70_800_0.5 | AB1: 70_1000_0.5
A2: =MIN(AVG_50!B2:AB2) -> 315060.6 | B2: =(100* (AVG_50!B2 - A2)/A2) -> 7.8550603 | C2: =(100* (AVG_50!C2 - A2)/A2) -> 9.0486084 | D2: =(100* (AVG_50!D2 - A2)/A2) -> 6.0591518 | E2: =(100* (AVG_50!E2 - A2)/A2) -> 3.9557469 | F2: =(100* (AVG_50!F2 - A2)/A2) -> 9.582347 | G2: =(100* (AVG_50!G2 - A2)/A2) -> 0.62102338 | H2: =(100* (AVG_50!H2 - A2)/A2) -> 3.0777571 | I2: =(100* (AVG_50!I2 - A2)/A2) -> 0 | J2: =(100* (AVG_50!J2 - A2)/A2) -> 3.5747409 | K2: =(100* (AVG_50!K2 - A2)/A2) -> 5.525921 | L2: =(100* (AVG_50!L2 - A2)/A2) -> 6.6781438 | M2: =(100* (AVG_50!M2 - A2)/A2) -> 4.3205022 | N2: =(100* (AVG_50!N2 - A2)/A2) -> 4.7928557 | O2: =(100* (AVG_50!O2 - A2)/A2) -> 4.5802617 | P2: =(100* (AVG_50!P2 - A2)/A2) -> 4.4207368 | Q2: =(100* (AVG_50!Q2 - A2)/A2) -> 1.321587 | R2: =(100* (AVG_50!R2 - A2)/A2) -> 2.6728191 | S2: =(100* (AVG_50!S2 - A2)/A2) -> 0.43978841 | T2: =(100* (AVG_50!T2 - A2)/A2) -> 4.8821719 | U2: =(100* (AVG_50!U2 - A2)/A2) -> 1.6804386 | V2: =(100* (AVG_50!V2 - A2)/A2) -> 0.52669233 | W2: =(100* (AVG_50!W2 - A2)/A2) -> 4.4188324 | X2: =(100* (AVG_50!X2 - A2)/A2) -> 6.537409 | Y2: =(100* (AVG_50!Y2 - A2)/A2) -> 3.0795345 | Z2: =(100* (AVG_50!Z2 - A2)/A2) -> 4.246802 | AA2: =(100* (AVG_50!AA2 - A2)/A2) -> 2.4427682 | AB2: =(100* (AVG_50!AB2 - A2)/A2) -> 1.5335462
A3: =MIN(AVG_50!B3:AB3) -> 310406.6 | B3: =(100* (AVG_50!B3 - A3)/A3) -> 9.4981872 | C3: =(100* (AVG_50!C3 - A3)/A3) -> 5.583773 | D3: =(100* (AVG_50!D3 - A3)/A3) -> 3.9657662 | E3: =(100* (AVG_50!E3 - A3)/A3) -> 5.8474916 | F3: =(100* (AVG_50!F3 - A3)/A3) -> 9.5974119 | G3: =(100* (AVG_50!G3 - A3)/A3) -> 3.6092016 | H3: =(100* (AVG_50!H3 - A3)/A3) -> 1.9524069 | I3: =(100* (AVG_50!I3 - A3)/A3) -> 5.1542718 | J3: =(100* (AVG_50!J3 - A3)/A3) -> 0 | K3: =(100* (AVG_50!K3 - A3)/A3) -> 8.5455013 | L3: =(100* (AVG_50!L3 - A3)/A3) -> 6.0429772 | M3: =(100* (AVG_50!M3 - A3)/A3) -> 3.2057952 | N3: =(100* (AVG_50!N3 - A3)/A3) -> 7.3600883 | O3: =(100* (AVG_50!O3 - A3)/A3) -> 10.272655 | P3: =(100* (AVG_50!P3 - A3)/A3) -> 9.9866433 | Q3: =(100* (AVG_50!Q3 - A3)/A3) -> 8.5548439 | R3: =(100* (AVG_50!R3 - A3)/A3) -> 5.3010471 | S3: =(100* (AVG_50!S3 - A3)/A3) -> 6.8033992 | T3: =(100* (AVG_50!T3 - A3)/A3) -> 3.5075285 | U3: =(100* (AVG_50!U3 - A3)/A3) -> 1.898671 | V3: =(100* (AVG_50!V3 - A3)/A3) -> 6.8081027 | W3: =(100* (AVG_50!W3 - A3)/A3) -> 8.1051112 | X3: =(100* (AVG_50!X3 - A3)/A3) -> 7.3379239 | Y3: =(100* (AVG_50!Y3 - A3)/A3) -> 2.0871335 | Z3: =(100* (AVG_50!Z3 - A3)/A3) -> 1.5124034 | AA3: =(100* (AVG_50!AA3 - A3)/A3) -> 4.9208361 | AB3: =(100* (AVG_50!AB3 - A3)/A3) -> 0.65971535
A4: =MIN(AVG_50!B4:AB4) -> 328006 | B4: =(100* (AVG_50!B4 - A4)/A4) -> 14.003219 | C4: =(100* (AVG_50!C4 - A4)/A4) -> 6.5767699 | D4: =(100* (AVG_50!D4 - A4)/A4) -> 6.64122 | E4: =(100* (AVG_50!E4 - A4)/A4) -> 6.4577477 | F4: =(100* (AVG_50!F4 - A4)/A4) -> 6.6717682 | G4: =(100* (AVG_50!G4 - A4)/A4) -> 6.7204258 | H4: =(100* (AVG_50!H4 - A4)/A4) -> 6.983104 | I4: =(100* (AVG_50!I4 - A4)/A4) -> 10.093535 | J4: =(100* (AVG_50!J4 - A4)/A4) -> 7.3938282 | K4: =(100* (AVG_50!K4 - A4)/A4) -> 10.877362 | L4: =(100* (AVG_50!L4 - A4)/A4) -> 10.427553 | M4: =(100* (AVG_50!M4 - A4)/A4) -> 6.1809235 | N4: =(100* (AVG_50!N4 - A4)/A4) -> 12.725865 | O4: =(100* (AVG_50!O4 - A4)/A4) -> 5.1116138 | P4: =(100* (AVG_50!P4 - A4)/A4) -> 6.7720712 | Q4: =(100* (AVG_50!Q4 - A4)/A4) -> 8.1910697 | R4: =(100* (AVG_50!R4 - A4)/A4) -> 7.9783297 | S4: =(100* (AVG_50!S4 - A4)/A4) -> 3.0028719 | T4: =(100* (AVG_50!T4 - A4)/A4) -> 6.2501296 | U4: =(100* (AVG_50!U4 - A4)/A4) -> 4.915154 | V4: =(100* (AVG_50!V4 - A4)/A4) -> 0 | W4: =(100* (AVG_50!W4 - A4)/A4) -> 8.0666207 | X4: =(100* (AVG_50!X4 - A4)/A4) -> 7.6207752 | Y4: =(100* (AVG_50!Y4 - A4)/A4) -> 6.5348195 | Z4: =(100* (AVG_50!Z4 - A4)/A4) -> 8.3553959 | AA4: =(100* (AVG_50!AA4 - A4)/A4) -> 10.114632 | AB4: =(100* (AVG_50!AB4 - A4)/A4) -> 4.432297
A5: =MIN(AVG_50!B5:AB5) -> 349517.8 | B5: =(100* (AVG_50!B5 - A5)/A5) -> 8.1041366 | C5: =(100* (AVG_50!C5 - A5)/A5) -> 4.3518814 | D5: =(100* (AVG_50!D5 - A5)/A5) -> 2.7662683 | E5: =(100* (AVG_50!E5 - A5)/A5) -> 4.8388952 | F5: =(100* (AVG_50!F5 - A5)/A5) -> 10.352549 | G5: =(100* (AVG_50!G5 - A5)/A5) -> 3.4335304 | H5: =(100* (AVG_50!H5 - A5)/A5) -> 1.0601463 | I5: =(100* (AVG_50!I5 - A5)/A5) -> 1.7616842 | J5: =(100* (AVG_50!J5 - A5)/A5) -> 0.30768104 | K5: =(100* (AVG_50!K5 - A5)/A5) -> 4.9703334 | L5: =(100* (AVG_50!L5 - A5)/A5) -> 12.474157 | M5: =(100* (AVG_50!M5 - A5)/A5) -> 3.2477316 | N5: =(100* (AVG_50!N5 - A5)/A5) -> 1.6280716 | O5: =(100* (AVG_50!O5 - A5)/A5) -> 2.5858483 | P5: =(100* (AVG_50!P5 - A5)/A5) -> 3.9658066 | Q5: =(100* (AVG_50!Q5 - A5)/A5) -> 0.95932167 | R5: =(100* (AVG_50!R5 - A5)/A5) -> 2.0802946 | S5: =(100* (AVG_50!S5 - A5)/A5) -> 8.1259381 | T5: =(100* (AVG_50!T5 - A5)/A5) -> 6.5487938 | U5: =(100* (AVG_50!U5 - A5)/A5) -> 2.0035603 | V5: =(100* (AVG_50!V5 - A5)/A5) -> 6.4715445 | W5: =(100* (AVG_50!W5 - A5)/A5) -> 6.3514362 | X5: =(100* (AVG_50!X5 - A5)/A5) -> 1.6002618 | Y5: =(100* (AVG_50!Y5 - A5)/A5) -> 0.21120527 | Z5: =(100* (AVG_50!Z5 - A5)/A5) -> 1.290578 | AA5: =(100* (AVG_50!AA5 - A5)/A5) -> 0 | AB5: =(100* (AVG_50!AB5 - A5)/A5) -> 0.5505299
A6: =MIN(AVG_50!B6:AB6) -> 315941 | B6: =(100* (AVG_50!B6 - A6)/A6) -> 8.1957074 | C6: =(100* (AVG_50!C6 - A6)/A6) -> 2.6428352 | D6: =(100* (AVG_50!D6 - A6)/A6) -> 9.2505246 | E6: =(100* (AVG_50!E6 - A6)/A6) -> 3.1478662 | F6: =(100* (AVG_50!F6 - A6)/A6) -> 2.8321111 | G6: =(100* (AVG_50!G6 - A6)/A6) -> 3.0774733 | H6: =(100* (AVG_50!H6 - A6)/A6) -> 8.5410251 | I6: =(100* (AVG_50!I6 - A6)/A6) -> 3.7967215 | J6: =(100* (AVG_50!J6 - A6)/A6) -> 1.9946129 | K6: =(100* (AVG_50!K6 - A6)/A6) -> 3.5968741 | L6: =(100* (AVG_50!L6 - A6)/A6) -> 3.5840869 | M6: =(100* (AVG_50!M6 - A6)/A6) -> 2.0669682 | N6: =(100* (AVG_50!N6 - A6)/A6) -> 6.8271608 | O6: =(100* (AVG_50!O6 - A6)/A6) -> 2.2609918 | P6: =(100* (AVG_50!P6 - A6)/A6) -> 1.6757559 | Q6: =(100* (AVG_50!Q6 - A6)/A6) -> 0.25409808 | R6: =(100* (AVG_50!R6 - A6)/A6) -> 0 | S6: =(100* (AVG_50!S6 - A6)/A6) -> 2.6612564 | T6: =(100* (AVG_50!T6 - A6)/A6) -> 5.3291596 | U6: =(100* (AVG_50!U6 - A6)/A6) -> 3.07051 | V6: =(100* (AVG_50!V6 - A6)/A6) -> 1.2515628 | W6: =(100* (AVG_50!W6 - A6)/A6) -> 0.85148809 | X6: =(100* (AVG_50!X6 - A6)/A6) -> 3.9065522 | Y6: =(100* (AVG_50!Y6 - A6)/A6) -> 0.043046012 | Z6: =(100* (AVG_50!Z6 - A6)/A6) -> 0.28543304 | AA6: =(100* (AVG_50!AA6 - A6)/A6) -> 5.7810161 | AB6: =(100* (AVG_50!AB6 - A6)/A6) -> 2.8754736
A7: =MIN(AVG_50!B7:AB7) -> 368190.6 | B7: =(100* (AVG_50!B7 - A7)/A7) -> 12.986915 | C7: =(100* (AVG_50!C7 - A7)/A7) -> 5.1932885 | D7: =(100* (AVG_50!D7 - A7)/A7) -> 5.0429316 | E7: =(100* (AVG_50!E7 - A7)/A7) -> 9.4893243 | F7: =(100* (AVG_50!F7 - A7)/A7) -> 3.7321431 | G7: =(100* (AVG_50!G7 - A7)/A7) -> 3.3417475 | H7: =(100* (AVG_50!H7 - A7)/A7) -> 5.6409371 | I7: =(100* (AVG_50!I7 - A7)/A7) -> 3.5318121 | J7: =(100* (AVG_50!J7 - A7)/A7) -> 5.5378926 | K7: =(100* (AVG_50!K7 - A7)/A7) -> 6.5315627 | L7: =(100* (AVG_50!L7 - A7)/A7) -> 3.6031881 | M7: =(100* (AVG_50!M7 - A7)/A7) -> 2.9246265 | N7: =(100* (AVG_50!N7 - A7)/A7) -> 0.78410475 | O7: =(100* (AVG_50!O7 - A7)/A7) -> 0 | P7: =(100* (AVG_50!P7 - A7)/A7) -> 0.20320997 | Q7: =(100* (AVG_50!Q7 - A7)/A7) -> 7.2710167 | R7: =(100* (AVG_50!R7 - A7)/A7) -> 3.5959636 | S7: =(100* (AVG_50!S7 - A7)/A7) -> 1.4740192 | T7: =(100* (AVG_50!T7 - A7)/A7) -> 4.6460176 | U7: =(100* (AVG_50!U7 - A7)/A7) -> 4.3180353 | V7: =(100* (AVG_50!V7 - A7)/A7) -> 5.0833997 | W7: =(100* (AVG_50!W7 - A7)/A7) -> 6.9481948 | X7: =(100* (AVG_50!X7 - A7)/A7) -> 0.80545239 | Y7: =(100* (AVG_50!Y7 - A7)/A7) -> 2.2342776 | Z7: =(100* (AVG_50!Z7 - A7)/A7) -> 2.7561812 | AA7: =(100* (AVG_50!AA7 - A7)/A7) -> 1.4180156 | AB7: =(100* (AVG_50!AB7 - A7)/A7) -> 4.0763126
A8: =MIN(AVG_50!B8:AB8) -> 374434 | B8: =(100* (AVG_50!B8 - A8)/A8) -> 8.3067243 | C8: =(100* (AVG_50!C8 - A8)/A8) -> 2.8597296 | D8: =(100* (AVG_50!D8 - A8)/A8) -> 3.6398404 | E8: =(100* (AVG_50!E8 - A8)/A8) -> 4.4424385 | F8: =(100* (AVG_50!F8 - A8)/A8) -> 3.5220092 | G8: =(100* (AVG_50!G8 - A8)/A8) -> 2.6422814 | H8: =(100* (AVG_50!H8 - A8)/A8) -> 4.6630381 | I8: =(100* (AVG_50!I8 - A8)/A8) -> 2.1781142 | J8: =(100* (AVG_50!J8 - A8)/A8) -> 1.9866251 | K8: =(100* (AVG_50!K8 - A8)/A8) -> 5.7387951 | L8: =(100* (AVG_50!L8 - A8)/A8) -> 6.9125667 | M8: =(100* (AVG_50!M8 - A8)/A8) -> 6.1090072 | N8: =(100* (AVG_50!N8 - A8)/A8) -> 4.4664213 | O8: =(100* (AVG_50!O8 - A8)/A8) -> 7.8452811 | P8: =(100* (AVG_50!P8 - A8)/A8) -> 4.6772462 | Q8: =(100* (AVG_50!Q8 - A8)/A8) -> 6.5937922 | R8: =(100* (AVG_50!R8 - A8)/A8) -> 2.5370025 | S8: =(100* (AVG_50!S8 - A8)/A8) -> 5.9998825 | T8: =(100* (AVG_50!T8 - A8)/A8) -> 7.4446765 | U8: =(100* (AVG_50!U8 - A8)/A8) -> 4.8532986 | V8: =(100* (AVG_50!V8 - A8)/A8) -> 7.6946004 | W8: =(100* (AVG_50!W8 - A8)/A8) -> 6.5623314 | X8: =(100* (AVG_50!X8 - A8)/A8) -> 3.2764119 | Y8: =(100* (AVG_50!Y8 - A8)/A8) -> 9.8144399 | Z8: =(100* (AVG_50!Z8 - A8)/A8) -> 0 | AA8: =(100* (AVG_50!AA8 - A8)/A8) -> 2.8052474 | AB8: =(100* (AVG_50!AB8 - A8)/A8) -> 6.4021964
A9: =MIN(AVG_50!B9:AB9) -> 309543.6 | B9: =(100* (AVG_50!B9 - A9)/A9) -> 4.5110285 | C9: =(100* (AVG_50!C9 - A9)/A9) -> 6.5401449 | D9: =(100* (AVG_50!D9 - A9)/A9) -> 6.5926739 | E9: =(100* (AVG_50!E9 - A9)/A9) -> 3.1035369 | F9: =(100* (AVG_50!F9 - A9)/A9) -> 1.6454548 | G9: =(100* (AVG_50!G9 - A9)/A9) -> 11.031919 | H9: =(100* (AVG_50!H9 - A9)/A9) -> 9.9406998 | I9: =(100* (AVG_50!I9 - A9)/A9) -> 13.102775 | J9: =(100* (AVG_50!J9 - A9)/A9) -> 5.8071302 | K9: =(100* (AVG_50!K9 - A9)/A9) -> 3.9158296 | L9: =(100* (AVG_50!L9 - A9)/A9) -> 16.22731 | M9: =(100* (AVG_50!M9 - A9)/A9) -> 5.2072794 | N9: =(100* (AVG_50!N9 - A9)/A9) -> 3.2686187 | O9: =(100* (AVG_50!O9 - A9)/A9) -> 6.0610525 | P9: =(100* (AVG_50!P9 - A9)/A9) -> 3.6615197 | Q9: =(100* (AVG_50!Q9 - A9)/A9) -> 3.3714798 | R9: =(100* (AVG_50!R9 - A9)/A9) -> 1.140324 | S9: =(100* (AVG_50!S9 - A9)/A9) -> 7.7098024 | T9: =(100* (AVG_50!T9 - A9)/A9) -> 5.0429729 | U9: =(100* (AVG_50!U9 - A9)/A9) -> 7.0682127 | V9: =(100* (AVG_50!V9 - A9)/A9) -> 5.4732839 | W9: =(100* (AVG_50!W9 - A9)/A9) -> 7.9117772 | X9: =(100* (AVG_50!X9 - A9)/A9) -> 5.2840375 | Y9: =(100* (AVG_50!Y9 - A9)/A9) -> 9.0135283 | Z9: =(100* (AVG_50!Z9 - A9)/A9) -> 0.84582592 | AA9: =(100* (AVG_50!AA9 - A9)/A9) -> 2.7256257 | AB9: =(100* (AVG_50!AB9 - A9)/A9) -> 0
A10: =MIN(AVG_50!B10:AB10) -> 349306.4 | B10: =(100* (AVG_50!B10 - A10)/A10) -> 10.899943 | C10: =(100* (AVG_50!C10 - A10)/A10) -> 5.5136121 | D10: =(100* (AVG_50!D10 - A10)/A10) -> 13.949644 | E10: =(100* (AVG_50!E10 - A10)/A10) -> 4.6206425 | F10: =(100* (AVG_50!F10 - A10)/A10) -> 7.5988874 | G10: =(100* (AVG_50!G10 - A10)/A10) -> 4.3520531 | H10: =(100* (AVG_50!H10 - A10)/A10) -> 4.1920217 | I10: =(100* (AVG_50!I10 - A10)/A10) -> 4.1664854 | J10: =(100* (AVG_50!J10 - A10)/A10) -> 3.3317454 | K10: =(100* (AVG_50!K10 - A10)/A10) -> 10.278541 | L10: =(100* (AVG_50!L10 - A10)/A10) -> 5.1924041 | M10: =(100* (AVG_50!M10 - A10)/A10) -> 6.2900079 | N10: =(100* (AVG_50!N10 - A10)/A10) -> 7.3826875 | O10: =(100* (AVG_50!O10 - A10)/A10) -> 8.1311994 | P10: =(100* (AVG_50!P10 - A10)/A10) -> 5.8888128 | Q10: =(100* (AVG_50!Q10 - A10)/A10) -> 1.5245641 | R10: =(100* (AVG_50!R10 - A10)/A10) -> 5.4274986 | S10: =(100* (AVG_50!S10 - A10)/A10) -> 7.830432 | T10: =(100* (AVG_50!T10 - A10)/A10) -> 6.4128227 | U10: =(100* (AVG_50!U10 - A10)/A10) -> 7.0830652 | V10: =(100* (AVG_50!V10 - A10)/A10) -> 5.689389 | W10: =(100* (AVG_50!W10 - A10)/A10) -> 3.7974684 | X10: =(100* (AVG_50!X10 - A10)/A10) -> 7.2382298 | Y10: =(100* (AVG_50!Y10 - A10)/A10) -> 6.3174909 | Z10: =(100* (AVG_50!Z10 - A10)/A10) -> 2.4766795 | AA10: =(100* (AVG_50!AA10 - A10)/A10) -> 0 | AB10: =(100* (AVG_50!AB10 - A10)/A10) -> 2.5492805
A11: =MIN(AVG_50!B11:AB11) -> 348184.2 | B11: =(100* (AVG_50!B11 - A11)/A11) -> 7.1658048 | C11: =(100* (AVG_50!C11 - A11)/A11) -> 3.3569013 | D11: =(100* (AVG_50!D11 - A11)/A11) -> 3.7738071 | E11: =(100* (AVG_50!E11 - A11)/A11) -> 8.9194742 | F11: =(100* (AVG_50!F11 - A11)/A11) -> 7.1410478 | G11: =(100* (AVG_50!G11 - A11)/A11) -> 6.7810084 | H11: =(100* (AVG_50!H11 - A11)/A11) -> 8.5358842 | I11: =(100* (AVG_50!I11 - A11)/A11) -> 4.4171447 | J11: =(100* (AVG_50!J11 - A11)/A11) -> 0 | K11: =(100* (AVG_50!K11 - A11)/A11) -> 11.172477 | L11: =(100* (AVG_50!L11 - A11)/A11) -> 4.962201 | M11: =(100* (AVG_50!M11 - A11)/A11) -> 3.229038 | N11: =(100* (AVG_50!N11 - A11)/A11) -> 5.2718073 | O11: =(100* (AVG_50!O11 - A11)/A11) -> 0.22315774 | P11: =(100* (AVG_50!P11 - A11)/A11) -> 0.87160761 | Q11: =(100* (AVG_50!Q11 - A11)/A11) -> 2.486902 | R11: =(100* (AVG_50!R11 - A11)/A11) -> 0.32792987 | S11: =(100* (AVG_50!S11 - A11)/A11) -> 2.3862082 | T11: =(100* (AVG_50!T11 - A11)/A11) -> 3.9809963 | U11: =(100* (AVG_50!U11 - A11)/A11) -> 6.8876761 | V11: =(100* (AVG_50!V11 - A11)/A11) -> 4.9233136 | W11: =(100* (AVG_50!W11 - A11)/A11) -> 5.0468114 | X11: =(100* (AVG_50!X11 - A11)/A11) -> 4.3533854 | Y11: =(100* (AVG_50!Y11 - A11)/A11) -> 9.4433349 | Z11: =(100* (AVG_50!Z11 - A11)/A11) -> 2.9402253 | AA11: =(100* (AVG_50!AA11 - A11)/A11) -> 0.5436203 | AB11: =(100* (AVG_50!AB11 - A11)/A11) -> 1.0381287
A12: =MIN(AVG_50!B12:AB12) -> 391763.6 | B12: =(100* (AVG_50!B12 - A12)/A12) -> 3.8135243 | C12: =(100* (AVG_50!C12 - A12)/A12) -> 8.7352679 | D12: =(100* (AVG_50!D12 - A12)/A12) -> 5.4560965 | E12: =(100* (AVG_50!E12 - A12)/A12) -> 4.2770691 | F12: =(100* (AVG_50!F12 - A12)/A12) -> 5.3072822 | G12: =(100* (AVG_50!G12 - A12)/A12) -> 4.2877899 | H12: =(100* (AVG_50!H12 - A12)/A12) -> 5.0240502 | I12: =(100* (AVG_50!I12 - A12)/A12) -> 0 | J12: =(100* (AVG_50!J12 - A12)/A12) -> 4.3504807 | K12: =(100* (AVG_50!K12 - A12)/A12) -> 4.5559108 | L12: =(100* (AVG_50!L12 - A12)/A12) -> 4.9583473 | M12: =(100* (AVG_50!M12 - A12)/A12) -> 2.4925236 | N12: =(100* (AVG_50!N12 - A12)/A12) -> 2.2716761 | O12: =(100* (AVG_50!O12 - A12)/A12) -> 4.4517153 | P12: =(100* (AVG_50!P12 - A12)/A12) -> 3.5698059 | Q12: =(100* (AVG_50!Q12 - A12)/A12) -> 3.1410779 | R12: =(100* (AVG_50!R12 - A12)/A12) -> 0.76786103 | S12: =(100* (AVG_50!S12 - A12)/A12) -> 6.7027667 | T12: =(100* (AVG_50!T12 - A12)/A12) -> 3.4365112 | U12: =(100* (AVG_50!U12 - A12)/A12) -> 3.567968 | V12: =(100* (AVG_50!V12 - A12)/A12) -> 1.5160163 | W12: =(100* (AVG_50!W12 - A12)/A12) -> 3.6938603 | X12: =(100* (AVG_50!X12 - A12)/A12) -> 1.1821415 | Y12: =(100* (AVG_50!Y12 - A12)/A12) -> 2.5082984 | Z12: =(100* (AVG_50!Z12 - A12)/A12) -> 5.7772596 | AA12: =(100* (AVG_50!AA12 - A12)/A12) -> 1.3150788 | AB12: =(100* (AVG_50!AB12 - A12)/A12) -> 1.4813015
A13: =MIN(AVG_50!B13:AB13) -> 349030.4 | B13: =(100* (AVG_50!B13 - A13)/A13) -> 6.7642819 | C13: =(100* (AVG_50!C13 - A13)/A13) -> 6.0359785 | D13: =(100* (AVG_50!D13 - A13)/A13) -> 6.479894 | E13: =(100* (AVG_50!E13 - A13)/A13) -> 9.0510741 | F13: =(100* (AVG_50!F13 - A13)/A13) -> 2.8229633 | G13: =(100* (AVG_50!G13 - A13)/A13) -> 4.9847807 | H13: =(100* (AVG_50!H13 - A13)/A13) -> 3.4408464 | I13: =(100* (AVG_50!I13 - A13)/A13) -> 4.3338918 | J13: =(100* (AVG_50!J13 - A13)/A13) -> 1.5202687 | K13: =(100* (AVG_50!K13 - A13)/A13) -> 5.8953031 | L13: =(100* (AVG_50!L13 - A13)/A13) -> 3.6269047 | M13: =(100* (AVG_50!M13 - A13)/A13) -> 3.5051388 | N13: =(100* (AVG_50!N13 - A13)/A13) -> 4.7301324 | O13: =(100* (AVG_50!O13 - A13)/A13) -> 3.7844268 | P13: =(100* (AVG_50!P13 - A13)/A13) -> 0 | Q13: =(100* (AVG_50!Q13 - A13)/A13) -> 5.0377847 | R13: =(100* (AVG_50!R13 - A13)/A13) -> 2.2404925 | S13: =(100* (AVG_50!S13 - A13)/A13) -> 1.4417655 | T13: =(100* (AVG_50!T13 - A13)/A13) -> 2.1882335 | U13: =(100* (AVG_50!U13 - A13)/A13) -> 1.8165753 | V13: =(100* (AVG_50!V13 - A13)/A13) -> 1.1954833 | W13: =(100* (AVG_50!W13 - A13)/A13) -> 4.6920268 | X13: =(100* (AVG_50!X13 - A13)/A13) -> 1.5257697 | Y13: =(100* (AVG_50!Y13 - A13)/A13) -> 3.2397178 | Z13: =(100* (AVG_50!Z13 - A13)/A13) -> 1.0690759 | AA13: =(100* (AVG_50!AA13 - A13)/A13) -> 3.3669274 | AB13: =(100* (AVG_50!AB13 - A13)/A13) -> 0.41268612
... A61: =MIN(AVG_50!B61:AB61) -> 325834.8 | B61: =(100* (AVG_50!B61 - A61)/A61) -> 5.2354138 | C61: =(100* (AVG_50!C61 - A61)/A61) -> 2.6951695 | D61: =(100* (AVG_50!D61 - A61)/A61) -> 2.5455231 | E61: =(100* (AVG_50!E61 - A61)/A61) -> 3.5706438 | F61: =(100* (AVG_50!F61 - A61)/A61) -> 1.950559 | G61: =(100* (AVG_50!G61 - A61)/A61) -> 2.1867523 | H61: =(100* (AVG_50!H61 - A61)/A61) -> 2.5371753 | I61: =(100* (AVG_50!I61 - A61)/A61) -> 0.77395048 | J61: =(100* (AVG_50!J61 - A61)/A61) -> 3.0066156 | K61: =(100* (AVG_50!K61 - A61)/A61) -> 3.3771715 | L61: =(100* (AVG_50!L61 - A61)/A61) -> 2.6781056 | M61: =(100* (AVG_50!M61 - A61)/A61) -> 2.813573 | N61: =(100* (AVG_50!N61 - A61)/A61) -> 2.7072001 | O61: =(100* (AVG_50!O61 - A61)/A61) -> 1.2282298 | P61: =(100* (AVG_50!P61 - A61)/A61) -> 1.9847481 | Q61: =(100* (AVG_50!Q61 - A61)/A61) -> 0 | R61: =(100* (AVG_50!R61 - A61)/A61) -> 2.089832 | S61: =(100* (AVG_50!S61 - A61)/A61) -> 0.89615965 | T61: =(100* (AVG_50!T61 - A61)/A61) -> 1.9687891 | U61: =(100* (AVG_50!U61 - A61)/A61) -> 3.3227267 | V61: =(100* (AVG_50!V61 - A61)/A61) -> 0.61607907 | W61: =(100* (AVG_50!W61 - A61)/A61) -> 1.5417015 | X61: =(100* (AVG_50!X61 - A61)/A61) -> 1.1626137 | Y61: =(100* (AVG_50!Y61 - A61)/A61) -> 0.28038748 | Z61: =(100* (AVG_50!Z61 - A61)/A61) -> 1.4347762 | AA61: =(100* (AVG_50!AA61 - A61)/A61) -> 2.0320113 | AB61: =(100* (AVG_50!AB61 - A61)/A61) -> 1.592402

Sheet 1_80J
A1: 40_500_0.2 | B1: 40_800_0.2 | C1: 40_1000_0.2 | D1: 40_500_0.3 | E1: 40_800_0.3 | F1: 40_1000_0.3 | G1: 40_500_0.5 | H1: 40_800_0.5 | I1: 40_1000_0.5 | J1: 50_500_0.2 | K1: 50_800_0.2 | L1: 50_1000_0.2 | M1: 50_500_0.3 | N1: 50_800_0.3 | O1: 50_1000_0.3 | P1: 50_500_0.5 | Q1: 50_800_0.5 | R1: 50_1000_0.5 | S1: 70_500_0.2 | T1: 70_800_0.2 | U1: 70_1000_0.2 | V1: 70_500_0.3 | W1: 70_800_0.3 | X1: 70_1000_0.3 | Y1: 70_500_0.5 | Z1: 70_800_0.5 | AA1: 70_1000_0.5 | AB1: OVER_1 | AC1: OVER_2 | AD1: OVER_3 | AE1: OVER_4 | AF1: OVER_5 | AG1: OVER_6 | AH1: OVER_7 | AI1: OVER_8 | AJ1: OVER_9 | AK1: OVER_10 | AL1: OVER_11 | AM1: OVER_12 | AN1: OVER_13 | AO1: OVER_14 | AP1: OVER_15 | AQ1: OVER_16 | AR1: OVER_17 | AS1: OVER_18 | AT1: OVER_19 | AU1: OVER_20 | AV1: OVER_21 | AW1: OVER_22 | AX1: OVER_23 | AY1: OVER_24 | AZ1: OVER_25 | BA1: OVER_26 | BB1: OVER_27 | BC1: TIME_1 | BD1: TIME_2 | BE1: TIME_3 | BF1: TIME_4 | BG1: TIME_5 | BH1: TIME_6 | BI1: TIME_7 | BJ1: TIME_8 | BK1: TIME_9 | BL1: TIME_10 | BM1: TIME_11 | BN1: TIME_12 | BO1: TIME_13 | BP1: TIME_14 | BQ1: TIME_15 | BR1: TIME_16 | BS1: TIME_17 | BT1: TIME_18 | BU1: TIME_19 | BV1: TIME_20 | BW1: TIME_21 | BX1: TIME_22 | BY1: TIME_23 | BZ1: TIME_24 | CA1: TIME_25 | CB1: TIME_26 | CC1: TIME_27
A2: 919428 | B2: 900972 | C2: 916090 | D2: 901427 | E2: 879821 | F2: 873835 | G2: 873014 | H2: 892247 | I2: 870661 | J2: 989695 | K2: 911202 | L2: 868822 | M2: 921262 | N2: 839106 | O2: 886544 | P2: 862727 | Q2: 883838 | R2: 869361 | S2: 894660 | T2: 886796 | U2: 881539 | V2: 878040 | W2: 867536 | X2: 851942 | Y2: 841064 | Z2: 931816 | AA2: 898807 | AB2: 0 | AC2: 0 | AD2: 0 | AE2: 0 | AF2: 0 | AG2: 0 | AH2: 0 | AI2: 0 | AJ2: 0 | AK2: 74 | AL2: 0 | AM2: 0 | AN2: 0 | AO2: 0 | AP2: 0 | AQ2: 0 | AR2: 0 | AS2: 0 | AT2: 0 | AU2: 0 | AV2: 0 | AW2: 0 | AX2: 0 | AY2: 0 | AZ2: 0 | BA2: 0 | BB2: 40 | BC2: 0 | BD2: 1 | BE2: 1 | BF2: 0 | BG2: 1 | BH2: 1 | BI2: 0 | BJ2: 1 | BK2: 1 | BL2: 1 | BM2: 0 | BN2: 1 | BO2: 1 | BP2: 1 | BQ2: 1 | BR2: 1 | BS2: 1 | BT2: 1 | BU2: 1 | BV2: 1 | BW2: 1 | BX2: 1 | BY2: 1 | BZ2: 2 | CA2: 1 | CB2: 1 | CC2: 2
A3: 974079 | B3: 1014070 | C3: 942401 | D3: 984866 | E3: 939434 | F3: 956741 | G3: 931052 | H3: 968106 | I3: 942297 | J3: 985717 | K3: 1010770 | L3: 968638 | M3: 1002460 | N3: 906775 | O3: 986452 | P3: 1046540 | Q3: 940365 | R3: 939834 | S3: 930444 | T3: 959734 | U3: 971964 | V3: 950460 | W3: 857257 | X3: 992679 | Y3: 909922 | Z3: 946246 | AA3: 906920 | AB3: 0 | AC3: 0 | AD3: 0 | AE3: 0 | AF3: 0 | AG3: 0 | AH3: 0 | AI3: 0 | AJ3: 0 | AK3: 0 | AL3: 0 | AM3: 0 | AN3: 0 | AO3: 0 | AP3: 0 | AQ3: 90 | AR3: 0 | AS3: 0 | AT3: 0 | AU3: 0 | AV3: 0 | AW3: 0 | AX3: 0 | AY3: 39 | AZ3: 0 | BA3: 0 | BB3: 0 | BC3: 0 | BD3: 1 | BE3: 1 | BF3: 1 | BG3: 0 | BH3: 1 | BI3: 1 | BJ3: 1 | BK3: 1 | BL3: 0 | BM3: 1 | BN3: 1 | BO3: 1 | BP3: 0 | BQ3: 2 | BR3: 0 | BS3: 1 | BT3: 2 | BU3: 0 | BV3: 1 | BW3: 2 | BX3: 1 | BY3: 1 | BZ3: 2 | CA3: 0 | CB3: 2 | CC3: 1
A4: 1032070 | B4: 1015140 | C4: 937622 | D4: 979573 | E4: 976508 | F4: 933821 | G4: 925611 | H4: 961422 | I4: 964997 | J4: 1027390 | K4: 1055450 | L4: 969414 | M4: 982304 | N4: 970684 | O4: 1057510 | P4: 952694 | Q4: 946444 | R4: 955944 | S4: 988485 | T4: 966444 | U4: 996444 | V4: 958913 | W4: 1037280 | X4: 888089 | Y4: 1004950 | Z4: 992894 | AA4: 903439 | AB4: 0 | AC4: 0 | AD4: 0 | AE4: 0 | AF4: 0 | AG4: 0 | AH4: 0 | AI4: 0 | AJ4: 0 | AK4: 0 | AL4: 22 | AM4: 0 | AN4: 0 | AO4: 0 | AP4: 92 | AQ4: 0 | AR4: 0 | AS4: 0 | AT4: 0 | AU4: 0 | AV4: 0 | AW4: 0 | AX4: 105 | AY4: 0 | AZ4: 0 | BA4: 15 | BB4: 0 | BC4: 1 | BD4: 1 | BE4: 0 | BF4: 1 | BG4: 0 | BH4: 1 | BI4: 1 | BJ4: 1 | BK4: 1 | BL4: 0 | BM4: 1 | BN4: 1 | BO4: 1 | BP4: 0 | BQ4: 2 | BR4: 0 | BS4: 1 | BT4: 1 | BU4: 1 | BV4: 1 | BW4: 2 | BX4: 1 | BY4: 1 | BZ4: 1 | CA4: 1 | CB4: 2 | CC4: 1
A5: 1003840 | B5: 915069 | C5: 911025 | D5: 1012700 | E5: 961743 | F5: 939486 | G5: 1052200 | H5: 962655 | I5: 962156 | J5: 928204 | K5: 966148 | L5: 1001440 | M5: 887704 | N5: 876555 | O5: 962950 | P5: 956691 | Q5: 902510 | R5: 900443 | S5: 1037670 | T5: 949543 | U5: 908587 | V5: 945225 | W5: 997899 | X5: 984443 | Y5: 887894 | Z5: 961023 | AA5: 947201 | AB5: 0 | AC5: 0 | AD5: 0 | AE5: 0 | AF5: 0 | AG5: 0 | AH5: 51 | AI5: 0 | AJ5: 57 | AK5: 0 | AL5: 0 | AM5: 0 | AN5: 0 | AO5: 0 | AP5: 53 | AQ5: 23 | AR5: 4 | AS5: 0 | AT5: 79 | AU5: 0 | AV5: 0 | AW5: 0 | AX5: 73 | AY5: 96 | AZ5: 0 | BA5: 58 | BB5: 36 | BC5: 1 | BD5: 1 | BE5: 0 | BF5: 1 | BG5: 0 | BH5: 1 | BI5: 1 | BJ5: 1 | BK5: 1 | BL5: 0 | BM5: 1 | BN5: 1 | BO5: 1 | BP5: 0 | BQ5: 2 | BR5: 0 | BS5: 1 | BT5: 2 | BU5: 1 | BV5: 1 | BW5: 1 | BX5: 1 | BY5: 1 | BZ5: 2 | CA5: 1 | CB5: 2 | CC5: 1
A6: 964156 | B6: 962232 | C6: 883619 | D6: 932870 | E6: 940432 | F6: 878837 | G6: 945684 | H6: 861265 | I6: 889596 | J6: 978076 | K6: 931500 | L6: 876118 | M6: 900942 | N6: 949927 | O6: 914876 | P6: 903742 | Q6: 914233 | R6: 911865 | S6: 904808 | T6: 905792 | U6: 875021 | V6: 906866 | W6: 879923 | X6: 901132 | Y6: 890398 | Z6: 946129 | AA6: 859702 | AB6: 0 | AC6: 1 | AD6: 0 | AE6: 0 | AF6: 0 | AG6: 0 | AH6: 0 | AI6: 0 | AJ6: 0 | AK6: 0 | AL6: 0 | AM6: 13 | AN6: 0 | AO6: 22 | AP6: 0 | AQ6: 0 | AR6: 0 | AS6: 0 | AT6: 0 | AU6: 0 | AV6: 0 | AW6: 0 | AX6: 0 | AY6: 0 | AZ6: 0 | BA6: 51 | BB6: 0 | BC6: 1 | BD6: 0 | BE6: 1 | BF6: 1 | BG6: 0 | BH6: 1 | BI6: 1 | BJ6: 1 | BK6: 1 | BL6: 0 | BM6: 1 | BN6: 1 | BO6: 1 | BP6: 1 | BQ6: 1 | BR6: 0 | BS6: 1 | BT6: 2 | BU6: 0 | BV6: 2 | BW6: 1 | BX6: 1 | BY6: 1 | BZ6: 1 | CA6: 1 | CB6: 2 | CC6: 1
A7: 1092930 | B7: 994178 | C7: 1025310 | D7: 1040140 | E7: 1006220 | F7: 1078250 | G7: 999464 | H7: 1013450 | I7: 980810 | J7: 1030770 | K7: 998408 | L7: 1010510 | M7: 1001510 | N7: 974552 | O7: 931747 | P7: 1034980 | Q7: 985103 | R7: 963572 | S7: 1011020 | T7: 966719 | U7: 1003880 | V7: 988058 | W7: 991656 | X7: 989809 | Y7: 964705 | Z7: 916757 | AA7: 969453 | AB7: 0 | AC7: 0 | AD7: 0 | AE7: 0 | AF7: 0 | AG7: 0 | AH7: 0 | AI7: 0 | AJ7: 0 | AK7: 0 | AL7: 0 | AM7: 33 | AN7: 0 | AO7: 0 | AP7: 0 | AQ7: 0 | AR7: 42 | AS7: 0 | AT7: 0 | AU7: 0 | AV7: 0 | AW7: 0 | AX7: 0 | AY7: 0 | AZ7: 0 | BA7: 0 | BB7: 0 | BC7: 1 | BD7: 1 | BE7: 0 | BF7: 1 | BG7: 1 | BH7: 0 | BI7: 1 | BJ7: 1 | BK7: 1 | BL7: 0 | BM7: 1 | BN7: 1 | BO7: 0 | BP7: 1 | BQ7: 1 | BR7: 1 | BS7: 1 | BT7: 1 | BU7: 1 | BV7: 1 | BW7: 2 | BX7: 0 | BY7: 2 | BZ7: 1 | CA7: 1 | CB7: 1 | CC7: 2
A8: 1112200 | B8: 1022900 | C8: 988524 | D8: 1027110 | E8: 997413 | F8: 966596 | G8: 991727 | H8: 1038660 | I8: 953839 | J8: 1009640 | K8: 956775 | L8: 973191 | M8: 997590 | N8: 928248 | O8: 976890 | P8: 1014120 | Q8: 949888 | R8: 970900 | S8: 1008410 | T8: 956727 | U8: 1013370 | V8: 987228 | W8: 951826 | X8: 993679 | Y8: 1006400 | Z8: 965636 | AA8: 986882 | AB8: 89 | AC8: 0 | AD8: 0 | AE8: 0 | AF8: 19 | AG8: 0 | AH8: 4 | AI8: 30 | AJ8: 0 | AK8: 0 | AL8: 0 | AM8: 0 | AN8: 0 | AO8: 0 | AP8: 0 | AQ8: 0 | AR8: 0 | AS8: 15 | AT8: 0 | AU8: 0 | AV8: 34 | AW8: 0 | AX8: 0 | AY8: 0 | AZ8: 0 | BA8: 0 | BB8: 0 | BC8: 0 | BD8: 1 | BE8: 1 | BF8: 0 | BG8: 1 | BH8: 1 | BI8: 1 | BJ8: 0 | BK8: 1 | BL8: 1 | BM8: 1 | BN8: 1 | BO8: 0 | BP8: 1 | BQ8: 1 | BR8: 1 | BS8: 1 | BT8: 1 | BU8: 1 | BV8: 1 | BW8: 1 | BX8: 1 | BY8: 1 | BZ8: 2 | CA8: 1 | CB8: 1 | CC8: 2
A9: 903048 | B9: 944038 | C9: 848913 | D9: 901082 | E9: 909780 | F9: 884808 | G9: 896390 | H9: 862351 | I9: 879427 | J9: 878960 | K9: 841614 | L9: 905354 | M9: 878045 | N9: 853331 | O9: 822318 | P9: 865280 | Q9: 850437 | R9: 863763 | S9: 873392 | T9: 858669 | U9: 875138 | V9: 841534 | W9: 822735 | X9: 786941 | Y9: 813148 | Z9: 859828 | AA9: 832539 | AB9: 0 | AC9: 31 | AD9: 0 | AE9: 0 | AF9: 0 | AG9: 0 | AH9: 50 | AI9: 0 | AJ9: 29 | AK9: 0 | AL9: 0 | AM9: 0 | AN9: 0 | AO9: 0 | AP9: 11 | AQ9: 0 | AR9: 0 | AS9: 0 | AT9: 0 | AU9: 31 | AV9: 17 | AW9: 0 | AX9: 0 | AY9: 0 | AZ9: 0 | BA9: 18 | BB9: 0 | BC9: 0 | BD9: 1 | BE9: 1 | BF9: 0 | BG9: 1 | BH9: 1 | BI9: 0 | BJ9: 1 | BK9: 1 | BL9: 1 | BM9: 0 | BN9: 2 | BO9: 0 | BP9: 1 | BQ9: 1 | BR9: 1 | BS9: 1 | BT9: 1 | BU9: 1 | BV9: 1 | BW9: 2 | BX9: 0 | BY9: 2 | BZ9: 1 | CA9: 1 | CB9: 1 | CC9: 2
A10: 874458 | B10: 822212 | C10: 899408 | D10: 899329 | E10: 827870 | F10: 822972 | G10: 844207 | H10: 797035 | I10: 810532 | J10: 824936 | K10: 815977 | L10: 831868 | M10: 828367 | N10: 796834 | O10: 824855 | P10: 811569 | Q10: 803833 | R10: 813343 | S10: 878023 | T10: 819294 | U10: 805765 | V10: 821074 | W10: 801585 | X10: 830024 | Y10: 824987 | Z10: 768158 | AA10: 727588 | AB10: 0 | AC10: 0 | AD10: 78 | AE10: 0 | AF10: 0 | AG10: 0 | AH10: 0 | AI10: 0 | AJ10: 0 | AK10: 0 | AL10: 0 | AM10: 0 | AN10: 0 | AO10: 0 | AP10: 0 | AQ10: 0 | AR10: 0 | AS10: 0 | AT10: 18 | AU10: 0 | AV10: 0 | AW10: 0 | AX10: 0 | AY10: 0 | AZ10: 0 | BA10: 0 | BB10: 0 | BC10: 0 | BD10: 1 | BE10: 1 | BF10: 1 | BG10: 0 | BH10: 1 | BI10: 1 | BJ10: 0 | BK10: 1 | BL10: 1 | BM10: 1 | BN10: 1 | BO10: 0 | BP10: 1 | BQ10: 1 | BR10: 1 | BS10: 1 | BT10: 1 | BU10: 1 | BV10: 1 | BW10: 1 | BX10: 1 | BY10: 1 | BZ10: 2 | CA10: 0 | CB10: 2 | CC10: 2
A11: 861571 | B11: 869418 | C11: 792575 | D11: 799531 | E11: 837113 | F11: 843819 | G11: 827484 | H11: 824977 | I11: 788118 | J11: 856948 | K11: 885315 | L11: 904326 | M11: 821618 | N11: 776572 | O11: 803481 | P11: 831312 | Q11: 795383 | R11: 801895 | S11: 792598 | T11: 838171 | U11: 806717 | V11: 822660 | W11: 853314 | X11: 809469 | Y11: 795175 | Z11: 871503 | AA11: 859847 | AB11: 0 | AC11: 0 | AD11: 0 | AE11: 0 | AF11: 0 | AG11: 0 | AH11: 19 | AI11: 33 | AJ11: 0 | AK11: 0 | AL11: 0 | AM11: 60 | AN11: 0 | AO11: 0 | AP11: 4 | AQ11: 0 | AR11: 0 | AS11: 30 | AT11: 0 | AU11: 0 | AV11: 31 | AW11: 0 | AX11: 0 | AY11: 0 | AZ11: 0 | BA11: 105 | BB11: 85 | BC11: 0 | BD11: 1 | BE11: 0 | BF11: 1 | BG11: 1 | BH11: 0 | BI11: 1 | BJ11: 1 | BK11: 1 | BL11: 0 | BM11: 1 | BN11: 1 | BO11: 1 | BP11: 1 | BQ11: 1 | BR11: 0 | BS11: 1 | BT11: 2 | BU11: 0 | BV11: 2 | BW11: 1 | BX11: 1 | BY11: 1 | BZ11: 2 | CA11: 1 | CB11: 1 | CC11: 2
A12: 1104770 | B12: 1141270 | C12: 1108450 | D12: 1133600 | E12: 1139430 | F12: 1170000 | G12: 1141260 | H12: 1170200 | I12: 1092330 | J12: 1172260 | K12: 1146260 | L12: 1106250 | M12: 1176020 | N12: 1092350 | O12: 1058210 | P12: 1144550 | Q12: 1140870 | R12: 1089960 | S12: 1134440 | T12: 1097410 | U12: 1081710 | V12: 1100760 | W12: 1124530 | X12: 1027220 | Y12: 1093480 | Z12: 1069790 | AA12: 1086630 | AB12: 0 | AC12: 0 | AD12: 0 | AE12: 0 | AF12: 62 | AG12: 0 | AH12: 0 | AI12: 23 | AJ12: 0 | AK12: 0 | AL12: 0 | AM12: 0 | AN12: 3 | AO12: 0 | AP12: 0 | AQ12: 0 | AR12: 0 | AS12: 0 | AT12: 3 | AU12: 0 | AV12: 0 | AW12: 0 | AX12: 0 | AY12: 0 | AZ12: 0 | BA12: 0 | BB12: 0 | BC12: 1 | BD12: 0 | BE12: 1 | BF12: 0 | BG12: 1 | BH12: 1 | BI12: 0 | BJ12: 1 | BK12: 1 | BL12: 1 | BM12: 1 | BN12: 1 | BO12: 0 | BP12: 1 | BQ12: 1 | BR12: 1 | BS12: 1 | BT12: 1 | BU12: 1 | BV12: 1 | BW12: 1 | BX12: 1 | BY12: 1 | BZ12: 2 | CA12: 1 | CB12: 1 | CC12: 2
A13: 1000170 | B13: 990108 | C13: 978479 | D13: 977518 | E13: 911104 | F13: 956154 | G13: 932930 | H13: 918093 | I13: 918741 | J13: 987687 | K13: 974138 | L13: 938074 | M13: 973338 | N13: 974006 | O13: 952130 | P13: 929672 | Q13: 911290 | R13: 930243 | S13: 944851 | T13: 949334 | U13: 951298 | V13: 993464 | W13: 923352 | X13: 911660 | Y13: 949318 | Z13: 968111 | AA13: 922697 | AB13: 0 | AC13: 0 | AD13: 0 | AE13: 0 | AF13: 0 | AG13: 0 | AH13: 0 | AI13: 0 | AJ13: 0 | AK13: 0 | AL13: 0 | AM13: 0 | AN13: 0 | AO13: 0 | AP13: 0 | AQ13: 0 | AR13: 0 | AS13: 0 | AT13: 0 | AU13: 0 | AV13: 0 | AW13: 0 | AX13: 0 | AY13: 0 | AZ13: 0 | BA13: 0 | BB13: 39 | BC13: 0 | BD13: 1 | BE13: 0 | BF13: 1 | BG13: 1 | BH13: 0 | BI13: 1 | BJ13: 1 | BK13: 1 | BL13: 0 | BM13: 1 | BN13: 1 | BO13: 1 | BP13: 0 | BQ13: 1 | BR13: 1 | BS13: 1 | BT13: 1 | BU13: 1 | BV13: 1 | BW13: 1 | BX13: 1 | BY13: 1 | BZ13: 2 | CA13: 1 | CB13: 1 | CC13: 2
... A61: 911556 | B61: 905561 | C61: 892711 | D61: 893668 | E61: 867992 | F61: 883294 | G61: 906561 | H61: 886084 | I61: 876204 | J61: 916964 | K61: 892906 | L61: 858485 | M61: 902205 | N61: 860094 | O61: 843984 | P61: 918460 | Q61: 853540 | R61: 846134 | S61: 913149 | T61: 881958 | U61: 868298 | V61: 904044 | W61: 864126 | X61: 885316 | Y61: 876429 | Z61: 860832 | AA61: 842490 | AB61: 0 | AC61: 0 | AD61: 0 | AE61: 0 | AF61: 0 | AG61: 0 | AH61: 0 | AI61: 24 | AJ61: 0 | AK61: 0 | AL61: 0 | AM61: 0 | AN61: 0 | AO61: 0 | AP61: 0 | AQ61: 0 | AR61: 0 | AS61: 0 | AT61: 0 | AU61: 0 | AV61: 0 | AW61: 0 | AX61: 0 | AY61: 0 | AZ61: 0 | BA61: 0 | BB61: 0 | BC61: 1 | BD61: 0 | BE61: 1 | BF61: 1 | BG61: 1 | BH61: 1 | BI61: 0 | BJ61: 1 | BK61: 2 | BL61: 0 | BM61: 1 | BN61: 1 | BO61: 1 | BP61: 1 | BQ61: 1 | BR61: 1 | BS61: 1 | BT61: 2 | BU61: 0 | BV61: 2 | BW61: 1 | BX61: 1 | BY61: 2 | BZ61: 2 | CA61: 1 | CB61: 1 | CC61: 2

Sheet 2_80J
A1: 40_500_0.2 | B1: 40_800_0.2 | C1: 40_1000_0.2 | D1: 40_500_0.3 | E1: 40_800_0.3 | F1: 40_1000_0.3 | G1: 40_500_0.5 | H1: 40_800_0.5 | I1: 40_1000_0.5 | J1: 50_500_0.2 | K1: 50_800_0.2 | L1: 50_1000_0.2 | M1: 50_500_0.3 | N1: 50_800_0.3 | O1: 50_1000_0.3 | P1: 50_500_0.5 | Q1: 50_800_0.5 | R1: 50_1000_0.5 | S1: 70_500_0.2 | T1: 70_800_0.2 | U1: 70_1000_0.2 | V1: 70_500_0.3 | W1: 70_800_0.3 | X1: 70_1000_0.3 | Y1: 70_500_0.5 | Z1: 70_800_0.5 | AA1: 70_1000_0.5 | AB1: OVER_1 | AC1: OVER_2 | AD1: OVER_3 | AE1: OVER_4 | AF1: OVER_5 | AG1: OVER_6 | AH1: OVER_7 | AI1: OVER_8 | AJ1: OVER_9 | AK1: OVER_10 | AL1: OVER_11 | AM1: OVER_12 | AN1: OVER_13 | AO1: OVER_14 | AP1: OVER_15 | AQ1: OVER_16 | AR1: OVER_17 | AS1: OVER_18 | AT1: OVER_19 | AU1: OVER_20 | AV1: OVER_21 | AW1: OVER_22 | AX1: OVER_23 | AY1: OVER_24 | AZ1: OVER_25 | BA1: OVER_26 | BB1: OVER_27 | BC1: TIME_1 | BD1: TIME_2 | BE1: TIME_3 | BF1: TIME_4 | BG1: TIME_5 | BH1: TIME_6 | BI1: TIME_7 | BJ1: TIME_8 | BK1: TIME_9 | BL1: TIME_10 | BM1: TIME_11 | BN1: TIME_12 | BO1: TIME_13 | BP1: TIME_14 | BQ1: TIME_15 | BR1: TIME_16 | BS1: TIME_17 | BT1: TIME_18 | BU1: TIME_19 | BV1: TIME_20 | BW1: TIME_21 | BX1: TIME_22 | BY1: TIME_23 | BZ1: TIME_24 | CA1: TIME_25 | CB1: TIME_26 | CC1: TIME_27
A2: 881061 | B2: 869097 | C2: 937157 | D2: 903294 | E2: 910621 | F2: 921346 | G2: 842715 | H2: 914566 | I2: 907240 | J2: 938738 | K2: 873831 | L2: 860397 | M2: 875600 | N2: 837730 | O2: 869187 | P2: 907205 | Q2: 879606 | R2: 874006 | S2: 921630 | T2: 894699 | U2: 858700 | V2: 865570 | W2: 887823 | X2: 845361 | Y2: 869854 | Z2: 808460 | AA2: 801179 | AB2: 0 | AC2: 0 | AD2: 0 | AE2: 24 | AF2: 0 | AG2: 55 | AH2: 0 | AI2: 0 | AJ2: 21 | AK2: 0 | AL2: 0 | AM2: 0 | AN2: 0 | AO2: 0 | AP2: 0 | AQ2: 0 | AR2: 0 | AS2: 0 | AT2: 0 | AU2: 0 | AV2: 0 | AW2: 0 | AX2: 0 | AY2: 0 | AZ2: 0 | BA2: 0 | BB2: 0 | BC2: 1 | BD2: 0 | BE2: 1 | BF2: 0 | BG2: 1 | BH2: 1 | BI2: 0 | BJ2: 1 | BK2: 1 | BL2: 1 | BM2: 1 | BN2: 1 | BO2: 0 | BP2: 1 | BQ2: 1 | BR2: 1 | BS2: 1 | BT2: 1 | BU2: 1 | BV2: 1 | BW2: 1 | BX2: 1 | BY2: 1 | BZ2: 2 | CA2: 0 | CB2: 2 | CC2: 1
A3: 953423 | B3: 947941 | C3: 904968 | D3: 935080 | E3: 995542 | F3: 966356 | G3: 967910 | H3: 944371 | I3: 948951 | J3: 951547 | K3: 956491 | L3: 879630 | M3: 967827 | N3: 974924 | O3: 888672 | P3: 1004140 | Q3: 951710 | R3: 907556 | S3: 986738 | T3: 927502 | U3: 945293 | V3: 992148 | W3: 969481 | X3: 910378 | Y3: 943447 | Z3: 924354 | AA3: 919743 | AB3: 0 | AC3: 0 | AD3: 0 | AE3: 0 | AF3: 0 | AG3: 0 | AH3: 0 | AI3: 0 | AJ3: 0 | AK3: 0 | AL3: 19 | AM3: 0 | AN3: 0 | AO3: 0 | AP3: 0 | AQ3: 0 | AR3: 0 | AS3: 0 | AT3: 0 | AU3: 0 | AV3: 0 | AW3: 0 | AX3: 0 | AY3: 27 | AZ3: 0 | BA3: 0 | BB3: 0 | BC3: 1 | BD3: 1 | BE3: 0 | BF3: 1 | BG3: 0 | BH3: 1 | BI3: 1 | BJ3: 1 | BK3: 1 | BL3: 0 | BM3: 1 | BN3: 1 | BO3: 1 | BP3: 0 | BQ3: 1 | BR3: 1 | BS3: 1 | BT3: 1 | BU3: 1 | BV3: 1 | BW3: 2 | BX3: 0 | BY3: 2 | BZ3: 1 | CA3: 1 | CB3: 2 | CC3: 1
A4: 1016860 | B4: 997619 | C4: 962461 | D4: 977038 | E4: 949026 | F4: 986816 | G4: 940865 | H4: 930890 | I4: 997728 | J4: 988217 | K4: 972734 | L4: 956080 | M4: 966526 | N4: 953943 | O4: 979285 | P4: 1014760 | Q4: 980167 | R4: 963835 | S4: 978860 | T4: 948866 | U4: 907911 | V4: 991664 | W4: 930796 | X4: 971202 | Y4: 1071860 | Z4: 947751 | AA4: 877227 | AB4: 0 | AC4: 0 | AD4: 0 | AE4: 0 | AF4: 0 | AG4: 0 | AH4: 0 | AI4: 0 | AJ4: 55 | AK4: 0 | AL4: 0 | AM4: 0 | AN4: 0 | AO4: 0 | AP4: 8 | AQ4: 0 | AR4: 0 | AS4: 0 | AT4: 0 | AU4: 0 | AV4: 0 | AW4: 0 | AX4: 0 | AY4: 0 | AZ4: 89 | BA4: 0 | BB4: 0 | BC4: 1 | BD4: 0 | BE4: 1 | BF4: 1 | BG4: 0 | BH4: 1 | BI4: 1 | BJ4: 0 | BK4: 2 | BL4: 0 | BM4: 1 | BN4: 1 | BO4: 0 | BP4: 1 | BQ4: 2 | BR4: 0 | BS4: 1 | BT4: 1 | BU4: 1 | BV4: 1 | BW4: 2 | BX4: 0 | BY4: 2 | BZ4: 1 | CA4: 1 | CB4: 2 | CC4: 1
A5: 1011400 | B5: 1005490 | C5: 933059 | D5: 981385 | E5: 934098 | F5: 898422 | G5: 912025 | H5: 898240 | I5: 854138 | J5: 1008300 | K5: 939062 | L5: 950619 | M5: 982179 | N5: 908183 | O5: 990410 | P5: 981822 | Q5: 932586 | R5: 891964 | S5: 874758 | T5: 999317 | U5: 952286 | V5: 926731 | W5: 898703 | X5: 884330 | Y5: 933344 | Z5: 917425 | AA5: 904247 | AB5: 0 | AC5: 0 | AD5: 0 | AE5: 0 | AF5: 0 | AG5: 0 | AH5: 0 | AI5: 0 | AJ5: 0 | AK5: 18 | AL5: 0 | AM5: 0 | AN5: 0 | AO5: 16 | AP5: 61 | AQ5: 29 | AR5: 45 | AS5: 0 | AT5: 0 | AU5: 54 | AV5: 0 | AW5: 0 | AX5: 5 | AY5: 0 | AZ5: 0 | BA5: 0 | BB5: 14 | BC5: 1 | BD5: 0 | BE5: 1 | BF5: 1 | BG5: 0 | BH5: 1 | BI5: 1 | BJ5: 0 | BK5: 1 | BL5: 1 | BM5: 1 | BN5: 1 | BO5: 0 | BP5: 1 | BQ5: 2 | BR5: 0 | BS5: 1 | BT5: 1 | BU5: 1 | BV5: 1 | BW5: 2 | BX5: 1 | BY5: 1 | BZ5: 1 | CA5: 1 | CB5: 2 | CC5: 1
A6: 955299 | B6: 938960 | C6: 944528 | D6: 915107 | E6: 921940 | F6: 926755 | G6: 951370 | H6: 893692 | I6: 956040 | J6: 927257 | K6: 861834 | L6: 935558 | M6: 939964 | N6: 874261 | O6: 935046 | P6: 882639 | Q6: 886849 | R6: 832064 | S6: 1002510 | T6: 899086 | U6: 873194 | V6: 903468 | W6: 963229 | X6: 871490 | Y6: 926443 | Z6: 880145 | AA6: 912827 | AB6: 0 | AC6: 0 | AD6: 4 | AE6: 16 | AF6: 0 | AG6: 33 | AH6: 46 | AI6: 0 | AJ6: 0 | AK6: 0 | AL6: 0 | AM6: 0 | AN6: 0 | AO6: 0 | AP6: 53 | AQ6: 0 | AR6: 0 | AS6: 0 | AT6: 54 | AU6: 0 | AV6: 0 | AW6: 0 | AX6: 52 | AY6: 31 | AZ6: 0 | BA6: 13 | BB6: 0 | BC6: 1 | BD6: 0 | BE6: 1 | BF6: 1 | BG6: 0 | BH6: 1 | BI6: 1 | BJ6: 1 | BK6: 1 | BL6: 0 | BM6: 1 | BN6: 1 | BO6: 1 | BP6: 0 | BQ6: 2 | BR6: 0 | BS6: 1 | BT6: 1 | BU6: 1 | BV6: 1 | BW6: 2 | BX6: 1 | BY6: 1 | BZ6: 2 | CA6: 1 | CB6: 1 | CC6: 2
A7: 1053710 | B7: 1050950 | C7: 1027820 | D7: 1053890 | E7: 1014400 | F7: 1107510 | G7: 982991 | H7: 976589 | I7: 964464 | J7: 975599 | K7: 1043080 | L7: 982197 | M7: 1034650 | N7: 1008560 | O7: 950942 | P7: 1008010 | Q7: 1004710 | R7: 931276 | S7: 1015730 | T7: 1014200 | U7: 956930 | V7: 1058860 | W7: 1003790 | X7: 973641 | Y7: 1035020 | Z7: 972082 | AA7: 960607 | AB7: 0 | AC7: 0 | AD7: 0 | AE7: 0 | AF7: 0 | AG7: 74 | AH7: 0 | AI7: 0 | AJ7: 0 | AK7: 0 | AL7: 0 | AM7: 0 | AN7: 0 | AO7: 0 | AP7: 0 | AQ7: 0 | AR7: 0 | AS7: 0 | AT7: 65 | AU7: 0 | AV7: 0 | AW7: 24 | AX7: 0 | AY7: 0 | AZ7: 56 | BA7: 0 | BB7: 0 | BC7: 0 | BD7: 1 | BE7: 1 | BF7: 0 | BG7: 1 | BH7: 1 | BI7: 0 | BJ7: 1 | BK7: 1 | BL7: 0 | BM7: 1 | BN7: 1 | BO7: 1 | BP7: 1 | BQ7: 1 | BR7: 0 | BS7: 1 | BT7: 1 | BU7: 1 | BV7: 1 | BW7: 2 | BX7: 1 | BY7: 1 | BZ7: 1 | CA7: 1 | CB7: 2 | CC7: 1
A8: 1031430 | B8: 1000480 | C8: 1009320 | D8: 1014220 | E8: 989152 | F8: 981290 | G8: 956904 | H8: 991145 | I8: 1057210 | J8: 1040970 | K8: 1060870 | L8: 950872 | M8: 1041180 | N8: 981289 | O8: 965965 | P8: 980069 | Q8: 1001330 | R8: 949637 | S8: 1002810 | T8: 1026920 | U8: 983985 | V8: 1141640 | W8: 969700 | X8: 1000020 | Y8: 999338 | Z8: 987923 | AA8: 1007490 | AB8: 0 | AC8: 0 | AD8: 0 | AE8: 0 | AF8: 0 | AG8: 0 | AH8: 0 | AI8: 0 | AJ8: 62 | AK8: 0 | AL8: 19 | AM8: 0 | AN8: 0 | AO8: 0 | AP8: 0 | AQ8: 0 | AR8: 0 | AS8: 0 | AT8: 17 | AU8: 0 | AV8: 0 | AW8: 170 | AX8: 0 | AY8: 0 | AZ8: 0 | BA8: 0 | BB8: 0 | BC8: 1 | BD8: 0 | BE8: 1 | BF8: 1 | BG8: 0 | BH8: 1 | BI8: 1 | BJ8: 0 | BK8: 1 | BL8: 1 | BM8: 1 | BN8: 1 | BO8: 0 | BP8: 1 | BQ8: 1 | BR8: 1 | BS8: 1 | BT8: 1 | BU8: 1 | BV8: 1 | BW8: 2 | BX8: 1 | BY8: 1 | BZ8: 1 | CA8: 1 | CB8: 2 | CC8: 1
A9: 889794 | B9: 933897 | C9: 912154 | D9: 883510 | E9: 958051 | F9: 872679 | G9: 826246 | H9: 846173 | I9: 826203 | J9: 911188 | K9: 826675 | L9: 894149 | M9: 837598 | N9: 928769 | O9: 865161 | P9: 819934 | Q9: 934539 | R9: 823419 | S9: 912327 | T9: 869890 | U9: 832622 | V9: 882851 | W9: 829152 | X9: 830361 | Y9: 847019 | Z9: 815736 | AA9: 791994 | AB9: 0 | AC9: 0 | AD9: 0 | AE9: 0 | AF9: 39 | AG9: 0 | AH9: 0 | AI9: 0 | AJ9: 0 | AK9: 0 | AL9: 0 | AM9: 0 | AN9: 0 | AO9: 93 | AP9: 13 | AQ9: 8 | AR9: 49 | AS9: 0 | AT9: 0 | AU9: 0 | AV9: 0 | AW9: 22 | AX9: 0 | AY9: 0 | AZ9: 0 | BA9: 21 | BB9: 0 | BC9: 1 | BD9: 0 | BE9: 1 | BF9: 1 | BG9: 0 | BH9: 1 | BI9: 1 | BJ9: 1 | BK9: 0 | BL9: 1 | BM9: 1 | BN9: 1 | BO9: 0 | BP9: 1 | BQ9: 2 | BR9: 0 | BS9: 1 | BT9: 2 | BU9: 0 | BV9: 1 | BW9: 2 | BX9: 1 | BY9: 1 | BZ9: 1 | CA9: 1 | CB9: 2 | CC9: 1
A10: 879626 | B10: 848333 | C10: 812774 | D10: 829192 | E10: 817006 | F10: 818636 | G10: 829603 | H10: 788790 | I10: 797165 | J10: 812558 | K10: 831387 | L10: 827296 | M10: 883385 | N10: 868669 | O10: 821528 | P10: 830931 | Q10: 970814 | R10: 829397 | S10: 900701 | T10: 809003 | U10: 833881 | V10: 836643 | W10: 845014 | X10: 742705 | Y10: 809776 | Z10: 811503 | AA10: 785994 | AB10: 0 | AC10: 0 | AD10: 0 | AE10: 0 | AF10: 0 | AG10: 0 | AH10: 0 | AI10: 0 | AJ10: 0 | AK10: 0 | AL10: 0 | AM10: 0 | AN10: 0 | AO10: 23 | AP10: 0 | AQ10: 0 | AR10: 113 | AS10: 0 | AT10: 0 | AU10: 0 | AV10: 0 | AW10: 0 | AX10: 15 | AY10: 0 | AZ10: 15 | BA10: 0 | BB10: 47 | BC10: 1 | BD10: 0 | BE10: 1 | BF10: 0 | BG10: 1 | BH10: 1 | BI10: 1 | BJ10: 0 | BK10: 1 | BL10: 1 | BM10: 1 | BN10: 1 | BO10: 0 | BP10: 1 | BQ10: 1 | BR10: 1 | BS10: 1 | BT10: 1 | BU10: 1 | BV10: 1 | BW10: 1 | BX10: 1 | BY10: 1 | BZ10: 2 | CA10: 1 | CB10: 1 | CC10: 2
A11: 855994 | B11: 852914 | C11: 754389 | D11: 803559 | E11: 754526 | F11: 803839 | G11: 805921 | H11: 793424 | I11: 866622 | J11: 880804 | K11: 899423 | L11: 799966 | M11: 831491 | N11: 820529 | O11: 843230 | P11: 794318 | Q11: 797309 | R11: 812551 | S11: 849036 | T11: 914912 | U11: 830592 | V11: 798726 | W11: 811518 | X11: 775919 | Y11: 809332 | Z11: 786481 | AA11: 808376 | AB11: 0 | AC11: 0 | AD11: 0 | AE11: 0 | AF11: 0 | AG11: 0 | AH11: 0 | AI11: 0 | AJ11: 44 | AK11: 39 | AL11: 70 | AM11: 36 | AN11: 0 | AO11: 0 | AP11: 0 | AQ11: 0 | AR11: 0 | AS11: 0 | AT11: 33 | AU11: 28 | AV11: 11 | AW11: 0 | AX11: 0 | AY11: 0 | AZ11: 7 | BA11: 0 | BB11: 0 | BC11: 0 | BD11: 1 | BE11: 1 | BF11: 0 | BG11: 1 | BH11: 1 | BI11: 0 | BJ11: 1 | BK11: 1 | BL11: 1 | BM11: 1 | BN11: 1 | BO11: 0 | BP11: 1 | BQ11: 1 | BR11: 1 | BS11: 1 | BT11: 1 | BU11: 1 | BV11: 1 | BW11: 2 | BX11: 1 | BY11: 1 | BZ11: 1 | CA11: 1 | CB11: 2 | CC11: 1
A12: 1146990 | B12: 1124950 | C12: 1076450 | D12: 1110340 | E12: 1139280 | F12: 1065840 | G12: 1149500 | H12: 1094270 | I12: 1088450 | J12: 1184190 | K12: 1096460 | L12: 1078170 | M12: 1139750 | N12: 1146150 | O12: 1111390 | P12: 1109160 | Q12: 1109050 | R12: 1044850 | S12: 1112940 | T12: 1103050 | U12: 1089590 | V12: 1118970 | W12: 1078430 | X12: 1110140 | Y12: 1095080 | Z12: 1092890 | AA12: 1061490 | AB12: 0 | AC12: 0 | AD12: 0 | AE12: 0 | AF12: 17 | AG12: 0 | AH12: 0 | AI12: 0 | AJ12: 0 | AK12: 69 | AL12: 0 | AM12: 0 | AN12: 0 | AO12: 0 | AP12: 0 | AQ12: 0 | AR12: 0 | AS12: 0 | AT12: 0 | AU12: 0 | AV12: 0 | AW12: 0 | AX12: 0 | AY12: 0 | AZ12: 0 | BA12: 0 | BB12: 0 | BC12: 1 | BD12: 0 | BE12: 1 | BF12: 1 | BG12: 0 | BH12: 1 | BI12: 1 | BJ12: 0 | BK12: 1 | BL12: 1 | BM12: 1 | BN12: 1 | BO12: 0 | BP12: 1 | BQ12: 1 | BR12: 1 | BS12: 1 | BT12: 1 | BU12: 1 | BV12: 1 | BW12: 1 | BX12: 1 | BY12: 1 | BZ12: 2 | CA12: 1 | CB12: 1 | CC12: 2
A13: 970380 | B13: 932687 | C13: 921023 | D13: 982902 | E13: 960039 | F13: 943897 | G13: 931694 | H13: 961180 | I13: 921781 | J13: 1012410 | K13: 954242 | L13: 954889 | M13: 990805 | N13: 994109 | O13: 966214 | P13: 947528 | Q13: 934146 | R13: 934858 | S13: 956173 | T13: 909930 | U13: 919412 | V13: 923086 | W13: 944376 | X13: 949612 | Y13: 966002 | Z13: 895522 | AA13: 880305 | AB13: 0 | AC13: 0 | AD13: 0 | AE13: 0 | AF13: 0 | AG13: 0 | AH13: 0 | AI13: 0 | AJ13: 30 | AK13: 8 | AL13: 0 | AM13: 0 | AN13: 0 | AO13: 0 | AP13: 0 | AQ13: 12 | AR13: 35 | AS13: 9 | AT13: 0 | AU13: 0 | AV13: 0 | AW13: 0 | AX13: 0 | AY13: 0 | AZ13: 0 | BA13: 0 | BB13: 0 | BC13: 0 | BD13: 1 | BE13: 0 | BF13: 1 | BG13: 1 | BH13: 0 | BI13: 1 | BJ13: 1 | BK13: 1 | BL13: 0 | BM13: 1 | BN13: 1 | BO13: 1 | BP13: 0 | BQ13: 2 | BR13: 0 | BS13: 1 | BT13: 2 | BU13: 0 | BV13: 1 | BW13: 2 | BX13: 1 | BY13: 1 | BZ13: 1 | CA13: 1 | CB13: 1 | CC13: 2
... A61: 929728 | B61: 871437 | C61: 864250 | D61: 916545 | E61: 881617 | F61: 856231 | G61: 901957 | H61: 876563 | I61: 891094 | J61: 912839 | K61: 884589 | L61: 897795 | M61: 892633 | N61: 885859 | O61: 873148 | P61: 900991 | Q61: 850122 | R61: 879370 | S61: 883714 | T61: 888605 | U61: 847196 | V61: 971507 | W61: 858098 | X61: 870899 | Y61: 868678 | Z61: 851043 | AA61: 837884 | AB61: 0 | AC61: 0 | AD61: 0 | AE61: 0 | AF61: 0 | AG61: 15 | AH61: 0 | AI61: 0 | AJ61: 0 | AK61: 0 | AL61: 0 | AM61: 0 | AN61: 0 | AO61: 0 | AP61: 0 | AQ61: 0 | AR61: 0 | AS61: 0 | AT61: 0 | AU61: 0 | AV61: 0 | AW61: 55 | AX61: 0 | AY61: 0 | AZ61: 0 | BA61: 0 | BB61: 0 | BC61: 1 | BD61: 0 | BE61: 1 | BF61: 1 | BG61: 1 | BH61: 1 | BI61: 0 | BJ61: 1 | BK61: 1 | BL61: 1 | BM61: 1 | BN61: 1 | BO61: 1 | BP61: 1 | BQ61: 1 | BR61: 1 | BS61: 1 | BT61: 1 | BU61: 1 | BV61: 2 | BW61: 1 | BX61: 1 | BY61: 2 | BZ61: 2 | CA61: 1 | CB61: 1 | CC61: 2

Sheet 3_80J
A1: 40_500_0.2 | B1: 40_800_0.2 | C1: 40_1000_0.2 | D1: 40_500_0.3 | E1: 40_800_0.3 | F1: 40_1000_0.3 | G1: 40_500_0.5 | H1: 40_800_0.5 | I1: 40_1000_0.5 | J1: 50_500_0.2 | K1: 50_800_0.2 | L1: 50_1000_0.2 | M1: 50_500_0.3 | N1: 50_800_0.3 | O1: 50_1000_0.3 | P1: 50_500_0.5 | Q1: 50_800_0.5 | R1: 50_1000_0.5 | S1: 70_500_0.2 | T1: 70_800_0.2 | U1: 70_1000_0.2 | V1: 70_500_0.3 | W1: 70_800_0.3 | X1: 70_1000_0.3 | Y1: 70_500_0.5 | Z1: 70_800_0.5 | AA1: 70_1000_0.5 | AB1: OVER_1 | AC1: OVER_2 | AD1: OVER_3 | AE1: OVER_4 | AF1: OVER_5 | AG1: OVER_6 | AH1: OVER_7 | AI1: OVER_8 | AJ1: OVER_9 | AK1: OVER_10 | AL1: OVER_11 | AM1: OVER_12 | AN1: OVER_13 | AO1: OVER_14 | AP1: OVER_15 | AQ1: OVER_16 | AR1: OVER_17 | AS1: OVER_18 | AT1: OVER_19 | AU1: OVER_20 | AV1: OVER_21 | AW1: OVER_22 | AX1: OVER_23 | AY1: OVER_24 | AZ1: OVER_25 | BA1: OVER_26 | BB1: OVER_27 | BC1: TIME_1 | BD1: TIME_2 | BE1: TIME_3 | BF1: TIME_4 | BG1: TIME_5 | BH1: TIME_6 | BI1: TIME_7 | BJ1: TIME_8 | BK1: TIME_9 | BL1: TIME_10 | BM1: TIME_11 | BN1: TIME_12 | BO1: TIME_13 | BP1: TIME_14 | BQ1: TIME_15 | BR1: TIME_16 | BS1: TIME_17 | BT1: TIME_18 | BU1: TIME_19 | BV1: TIME_20 | BW1: TIME_21 | BX1: TIME_22 | BY1: TIME_23 | BZ1: TIME_24 | CA1: TIME_25 | CB1: TIME_26 | CC1: TIME_27
A2: 905616 | B2: 886228 | C2: 933345 | D2: 926237 | E2: 884301 | F2: 887577 | G2: 869903 | H2: 846748 | I2: 892649 | J2: 927925 | K2: 898441 | L2: 892436 | M2: 901266 | N2: 850301 | O2: 900255 | P2: 899450 | Q2: 839985 | R2: 878565 | S2: 930515 | T2: 894101 | U2: 873508 | V2: 923637 | W2: 852621 | X2: 848084 | Y2: 911939 | Z2: 841896 | AA2: 915817 | AB2: 0 | AC2: 0 | AD2: 0 | AE2: 0 | AF2: 0 | AG2: 0 | AH2: 0 | AI2: 19 | AJ2: 0 | AK2: 0 | AL2: 0 | AM2: 0 | AN2: 0 | AO2: 0 | AP2: 0 | AQ2: 0 | AR2: 0 | AS2: 0 | AT2: 0 | AU2: 0 | AV2: 0 | AW2: 61 | AX2: 0 | AY2: 0 | AZ2: 0 | BA2: 0 | BB2: 0 | BC2: 1 | BD2: 0 | BE2: 1 | BF2: 0 | BG2: 1 | BH2: 1 | BI2: 0 | BJ2: 1 | BK2: 1 | BL2: 1 | BM2: 1 | BN2: 1 | BO2: 0 | BP2: 1 | BQ2: 1 | BR2: 1 | BS2: 1 | BT2: 1 | BU2: 0 | BV2: 2 | BW2: 1 | BX2: 1 | BY2: 1 | BZ2: 2 | CA2: 0 | CB2: 2 | CC2: 1
A3: 946175 | B3: 1000040 | C3: 944424 | D3: 972354 | E3: 871216 | F3: 922913 | G3: 956257 | H3: 939449 | I3: 947780 | J3: 983228 | K3: 957700 | L3: 885640 | M3: 981600 | N3: 970151 | O3: 913910 | P3: 938326 | Q3: 1008370 | R3: 948414 | S3: 1000190 | T3: 975216 | U3: 972468 | V3: 987545 | W3: 880900 | X3: 902838 | Y3: 924080 | Z3: 885689 | AA3: 895915 | AB3: 0 | AC3: 0 | AD3: 0 | AE3: 0 | AF3: 0 | AG3: 0 | AH3: 0 | AI3: 0 | AJ3: 0 | AK3: 0 | AL3: 13 | AM3: 0 | AN3: 0 | AO3: 0 | AP3: 0 | AQ3: 0 | AR3: 0 | AS3: 0 | AT3: 0 | AU3: 0 | AV3: 42 | AW3: 0 | AX3: 0 | AY3: 0 | AZ3: 0 | BA3: 0 | BB3: 0 | BC3: 1 | BD3: 1 | BE3: 0 | BF3: 1 | BG3: 0 | BH3: 1 | BI3: 1 | BJ3: 1 | BK3: 1 | BL3: 0 | BM3: 1 | BN3: 1 | BO3: 1 | BP3: 0 | BQ3: 1 | BR3: 1 | BS3: 1 | BT3: 1 | BU3: 1 | BV3: 1 | BW3: 2 | BX3: 1 | BY3: 1 | BZ3: 1 | CA3: 1 | CB3: 2 | CC3: 1
A4: 982507 | B4: 1024750 | C4: 1004580 | D4: 993849 | E4: 959691 | F4: 1018310 | G4: 945934 | H4: 946991 | I4: 917403 | J4: 969340 | K4: 1003040 | L4: 976047 | M4: 968543 | N4: 981066 | O4: 916823 | P4: 981986 | Q4: 924390 | R4: 967487 | S4: 994732 | T4: 970095 | U4: 961363 | V4: 987653 | W4: 951509 | X4: 959761 | Y4: 927418 | Z4: 1016800 | AA4: 970086 | AB4: 0 | AC4: 5 | AD4: 0 | AE4: 0 | AF4: 0 | AG4: 0 | AH4: 0 | AI4: 0 | AJ4: 0 | AK4: 0 | AL4: 0 | AM4: 0 | AN4: 0 | AO4: 0 | AP4: 0 | AQ4: 0 | AR4: 0 | AS4: 0 | AT4: 0 | AU4: 0 | AV4: 0 | AW4: 0 | AX4: 0 | AY4: 0 | AZ4: 0 | BA4: 0 | BB4: 0 | BC4: 1 | BD4: 0 | BE4: 1 | BF4: 1 | BG4: 0 | BH4: 1 | BI4: 1 | BJ4: 0 | BK4: 1 | BL4: 1 | BM4: 1 | BN4: 1 | BO4: 0 | BP4: 1 | BQ4: 1 | BR4: 1 | BS4: 1 | BT4: 1 | BU4: 1 | BV4: 1 | BW4: 1 | BX4: 1 | BY4: 1 | BZ4: 2 | CA4: 1 | CB4: 1 | CC4: 2
A5: 961125 | B5: 993017 | C5: 876712 | D5: 958649 | E5: 941954 | F5: 907176 | G5: 978090 | H5: 902305 | I5: 910407 | J5: 927016 | K5: 953101 | L5: 1136160 | M5: 960102 | N5: 928780 | O5: 948045 | P5: 889534 | Q5: 981670 | R5: 924687 | S5: 987876 | T5: 961020 | U5: 971761 | V5: 990027 | W5: 918935 | X5: 857658 | Y5: 938302 | Z5: 912966 | AA5: 920068 | AB5: 0 | AC5: 0 | AD5: 0 | AE5: 0 | AF5: 3 | AG5: 0 | AH5: 0 | AI5: 0 | AJ5: 0 | AK5: 0 | AL5: 0 | AM5: 192 | AN5: 0 | AO5: 0 | AP5: 36 | AQ5: 0 | AR5: 43 | AS5: 26 | AT5: 0 | AU5: 17 | AV5: 46 | AW5: 37 | AX5: 0 | AY5: 0 | AZ5: 0 | BA5: 0 | BB5: 49 | BC5: 0 | BD5: 1 | BE5: 1 | BF5: 0 | BG5: 1 | BH5: 1 | BI5: 0 | BJ5: 1 | BK5: 1 | BL5: 0 | BM5: 1 | BN5: 2 | BO5: 0 | BP5: 1 | BQ5: 1 | BR5: 1 | BS5: 1 | BT5: 1 | BU5: 1 | BV5: 1 | BW5: 2 | BX5: 1 | BY5: 1 | BZ5: 2 | CA5: 1 | CB5: 1 | CC5: 2
A6: 961620 | B6: 895329 | C6: 904328 | D6: 1019270 | E6: 975810 | F6: 895426 | G6: 961718 | H6: 901042 | I6: 985100 | J6: 912753 | K6: 915031 | L6: 912359 | M6: 890565 | N6: 900228 | O6: 967307 | P6: 934347 | Q6: 958344 | R6: 895235 | S6: 879057 | T6: 888068 | U6: 890951 | V6: 880679 | W6: 897425 | X6: 914331 | Y6: 852277 | Z6: 881219 | AA6: 885650 | AB6: 0 | AC6: 10 | AD6: 0 | AE6: 44 | AF6: 43 | AG6: 0 | AH6: 51 | AI6: 0 | AJ6: 71 | AK6: 0 | AL6: 15 | AM6: 0 | AN6: 0 | AO6: 22 | AP6: 54 | AQ6: 0 | AR6: 33 | AS6: 0 | AT6: 0 | AU6: 0 | AV6: 0 | AW6: 0 | AX6: 33 | AY6: 46 | AZ6: 0 | BA6: 0 | BB6: 0 | BC6: 0 | BD6: 1 | BE6: 1 | BF6: 0 | BG6: 1 | BH6: 1 | BI6: 1 | BJ6: 0 | BK6: 1 | BL6: 1 | BM6: 1 | BN6: 1 | BO6: 1 | BP6: 1 | BQ6: 1 | BR6: 1 | BS6: 1 | BT6: 1 | BU6: 1 | BV6: 1 | BW6: 1 | BX6: 1 | BY6: 1 | BZ6: 2 | CA6: 1 | CB6: 1 | CC6: 2
A7: 1014140 | B7: 989356 | C7: 1018040 | D7: 1023820 | E7: 1031600 | F7: 957867 | G7: 1041290 | H7: 1018890 | I7: 963978 | J7: 1028030 | K7: 1048420 | L7: 978800 | M7: 1039740 | N7: 1025410 | O7: 968522 | P7: 1003500 | Q7: 987278 | R7: 956512 | S7: 993708 | T7: 1006230 | U7: 1019860 | V7: 1035670 | W7: 949379 | X7: 1003480 | Y7: 1002370 | Z7: 952065 | AA7: 914145 | AB7: 0 | AC7: 0 | AD7: 0 | AE7: 0 | AF7: 0 | AG7: 0 | AH7: 0 | AI7: 0 | AJ7: 0 | AK7: 0 | AL7: 0 | AM7: 0 | AN7: 0 | AO7: 0 | AP7: 0 | AQ7: 0 | AR7: 0 | AS7: 0 | AT7: 0 | AU7: 1 | AV7: 0 | AW7: 0 | AX7: 0 | AY7: 0 | AZ7: 37 | BA7: 0 | BB7: 0 | BC7: 0 | BD7: 1 | BE7: 1 | BF7: 0 | BG7: 1 | BH7: 1 | BI7: 0 | BJ7: 1 | BK7: 1 | BL7: 1 | BM7: 0 | BN7: 1 | BO7: 1 | BP7: 1 | BQ7: 1 | BR7: 0 | BS7: 1 | BT7: 2 | BU7: 0 | BV7: 1 | BW7: 2 | BX7: 1 | BY7: 1 | BZ7: 2 | CA7: 0 | CB7: 2 | CC7: 1
A8: 1019310 | B8: 962971 | C8: 985249 | D8: 1052750 | E8: 1107620 | F8: 1013580 | G8: 1055940 | H8: 1016470 | I8: 962290 | J8: 1026190 | K8: 1112370 | L8: 1025170 | M8: 1107970 | N8: 1038790 | O8: 966823 | P8: 970750 | Q8: 1017370 | R8: 1016520 | S8: 1034020 | T8: 1094660 | U8: 968839 | V8: 991000 | W8: 1018100 | X8: 961022 | Y8: 953874 | Z8: 975740 | AA8: 928732 | AB8: 0 | AC8: 0 | AD8: 0 | AE8: 20 | AF8: 106 | AG8: 0 | AH8: 29 | AI8: 27 | AJ8: 0 | AK8: 0 | AL8: 95 | AM8: 0 | AN8: 98 | AO8: 19 | AP8: 0 | AQ8: 0 | AR8: 40 | AS8: 1 | AT8: 0 | AU8: 112 | AV8: 0 | AW8: 0 | AX8: 0 | AY8: 0 | AZ8: 0 | BA8: 0 | BB8: 0 | BC8: 1 | BD8: 0 | BE8: 1 | BF8: 1 | BG8: 1 | BH8: 0 | BI8: 1 | BJ8: 1 | BK8: 1 | BL8: 0 | BM8: 1 | BN8: 1 | BO8: 1 | BP8: 1 | BQ8: 1 | BR8: 1 | BS8: 1 | BT8: 1 | BU8: 1 | BV8: 1 | BW8: 1 | BX8: 1 | BY8: 1 | BZ8: 2 | CA8: 1 | CB8: 1 | CC8: 2
A9: 897101 | B9: 864540 | C9: 862775 | D9: 895459 | E9: 874538 | F9: 839368 | G9: 880020 | H9: 911683 | I9: 845379 | J9: 902024 | K9: 885984 | L9: 875520 | M9: 869825 | N9: 841952 | O9: 860238 | P9: 844354 | Q9: 835258 | R9: 831415 | S9: 893822 | T9: 883912 | U9: 852321 | V9: 858169 | W9: 868691 | X9: 818490 | Y9: 861938 | Z9: 821280 | AA9: 825487 | AB9: 0 | AC9: 0 | AD9: 0 | AE9: 0 | AF9: 0 | AG9: 0 | AH9: 0 | AI9: 25 | AJ9: 0 | AK9: 0 | AL9: 0 | AM9: 21 | AN9: 0 | AO9: 0 | AP9: 0 | AQ9: 0 | AR9: 0 | AS9: 0 | AT9: 0 | AU9: 0 | AV9: 0 | AW9: 15 | AX9: 0 | AY9: 0 | AZ9: 0 | BA9: 0 | BB9: 0 | BC9: 0 | BD9: 1 | BE9: 1 | BF9: 0 | BG9: 1 | BH9: 0 | BI9: 1 | BJ9: 1 | BK9: 1 | BL9: 0 | BM9: 1 | BN9: 1 | BO9: 1 | BP9: 1 | BQ9: 1 | BR9: 0 | BS9: 1 | BT9: 2 | BU9: 0 | BV9: 2 | BW9: 1 | BX9: 1 | BY9: 1 | BZ9: 2 | CA9: 0 | CB9: 2 | CC9: 1
A10: 850058 | B10: 825823 | C10: 780293 | D10: 797158 | E10: 863039 | F10: 809337 | G10: 899303 | H10: 801320 | I10: 813191 | J10: 840104 | K10: 840442 | L10: 841503 | M10: 881859 | N10: 857255 | O10: 786968 | P10: 811559 | Q10: 751932 | R10: 784040 | S10: 822998 | T10: 771173 | U10: 813607 | V10: 871358 | W10: 797220 | X10: 799744 | Y10: 807445 | Z10: 730135 | AA10: 788109 | AB10: 0 | AC10: 0 | AD10: 0 | AE10: 0 | AF10: 56 | AG10: 0 | AH10: 64 | AI10: 0 | AJ10: 0 | AK10: 0 | AL10: 0 | AM10: 0 | AN10: 40 | AO10: 58 | AP10: 0 | AQ10: 0 | AR10: 0 | AS10: 0 | AT10: 0 | AU10: 0 | AV10: 17 | AW10: 0 | AX10: 0 | AY10: 0 | AZ10: 0 | BA10: 0 | BB10: 0 | BC10: 1 | BD10: 1 | BE10: 0 | BF10: 1 | BG10: 1 | BH10: 1 | BI10: 0 | BJ10: 1 | BK10: 1 | BL10: 0 | BM10: 1 | BN10: 1 | BO10: 1 | BP10: 1 | BQ10: 1 | BR10: 0 | BS10: 1 | BT10: 1 | BU10: 1 | BV10: 1 | BW10: 2 | BX10: 1 | BY10: 1 | BZ10: 1 | CA10: 1 | CB10: 2 | CC10: 1
A11: 829685 | B11: 830351 | C11: 825506 | D11: 828752 | E11: 810114 | F11: 866014 | G11: 781287 | H11: 797809 | I11: 842570 | J11: 816405 | K11: 839555 | L11: 806464 | M11: 874600 | N11: 866036 | O11: 851682 | P11: 811286 | Q11: 894124 | R11: 755550 | S11: 885933 | T11: 827536 | U11: 825869 | V11: 894064 | W11: 826784 | X11: 759637 | Y11: 783634 | Z11: 783260 | AA11: 769068 | AB11: 0 | AC11: 0 | AD11: 0 | AE11: 0 | AF11: 11 | AG11: 0 | AH11: 0 | AI11: 0 | AJ11: 46 | AK11: 0 | AL11: 53 | AM11: 0 | AN11: 24 | AO11: 48 | AP11: 27 | AQ11: 0 | AR11: 40 | AS11: 0 | AT11: 0 | AU11: 0 | AV11: 0 | AW11: 39 | AX11: 0 | AY11: 0 | AZ11: 0 | BA11: 0 | BB11: 0 | BC11: 1 | BD11: 0 | BE11: 1 | BF11: 1 | BG11: 0 | BH11: 1 | BI11: 1 | BJ11: 1 | BK11: 1 | BL11: 0 | BM11: 1 | BN11: 1 | BO11: 1 | BP11: 1 | BQ11: 1 | BR11: 1 | BS11: 1 | BT11: 1 | BU11: 0 | BV11: 2 | BW11: 1 | BX11: 1 | BY11: 1 | BZ11: 2 | CA11: 1 | CB11: 1 | CC11: 2
A12: 1120500 | B12: 1125240 | C12: 1092460 | D12: 1066120 | E12: 1034080 | F12: 1107160 | G12: 1096900 | H12: 1065450 | I12: 1137810 | J12: 1211210 | K12: 1119490 | L12: 1087190 | M12: 1145290 | N12: 1104360 | O12: 1102000 | P12: 1094190 | Q12: 1114240 | R12: 1071010 | S12: 1096010 | T12: 1087980 | U12: 1116470 | V12: 1096280 | W12: 1067290 | X12: 1135220 | Y12: 1127730 | Z12: 1061170 | AA12: 1043390 | AB12: 0 | AC12: 0 | AD12: 0 | AE12: 0 | AF12: 0 | AG12: 0 | AH12: 0 | AI12: 0 | AJ12: 0 | AK12: 69 | AL12: 0 | AM12: 0 | AN12: 0 | AO12: 0 | AP12: 0 | AQ12: 0 | AR12: 0 | AS12: 0 | AT12: 0 | AU12: 0 | AV12: 0 | AW12: 0 | AX12: 0 | AY12: 0 | AZ12: 0 | BA12: 0 | BB12: 0 | BC12: 0 | BD12: 1 | BE12: 1 | BF12: 0 | BG12: 1 | BH12: 1 | BI12: 0 | BJ12: 1 | BK12: 1 | BL12: 0 | BM12: 1 | BN12: 1 | BO12: 1 | BP12: 1 | BQ12: 1 | BR12: 0 | BS12: 1 | BT12: 1 | BU12: 1 | BV12: 1 | BW12: 2 | BX12: 0 | BY12: 2 | BZ12: 1 | CA12: 1 | CB12: 1 | CC12: 2
A13: 944860 | B13: 955718 | C13: 933098 | D13: 1017530 | E13: 968308 | F13: 933486 | G13: 957126 | H13: 948089 | I13: 891176 | J13: 981096 | K13: 950360 | L13: 956277 | M13: 972563 | N13: 984243 | O13: 955250 | P13: 985084 | Q13: 942102 | R13: 912387 | S13: 960171 | T13: 992966 | U13: 912513 | V13: 953211 | W13: 925577 | X13: 913822 | Y13: 924563 | Z13: 959636 | AA13: 963107 | AB13: 0 | AC13: 0 | AD13: 0 | AE13: 0 | AF13: 0 | AG13: 0 | AH13: 0 | AI13: 26 | AJ13: 0 | AK13: 0 | AL13: 0 | AM13: 0 | AN13: 0 | AO13: 0 | AP13: 0 | AQ13: 33 | AR13: 0 | AS13: 0 | AT13: 0 | AU13: 10 | AV13: 0 | AW13: 0 | AX13: 0 | AY13: 0 | AZ13: 0 | BA13: 0 | BB13: 0 | BC13: 0 | BD13: 1 | BE13: 1 | BF13: 0 | BG13: 1 | BH13: 1 | BI13: 0 | BJ13: 1 | BK13: 1 | BL13: 1 | BM13: 0 | BN13: 1 | BO13: 1 | BP13: 1 | BQ13: 1 | BR13: 1 | BS13: 0 | BT13: 2 | BU13: 0 | BV13: 2 | BW13: 1 | BX13: 1 | BY13: 1 | BZ13: 2 | CA13: 0 | CB13: 2 | CC13: 1
... A61: 899405 | B61: 914523 | C61: 875990 | D61: 901991 | E61: 905310 | F61: 870673 | G61: 877712 | H61: 874394 | I61: 858243 | J61: 919066 | K61: 888206 | L61: 866767 | M61: 911941 | N61: 954623 | O61: 877048 | P61: 854864 | Q61: 855540 | R61: 877623 | S61: 912754 | T61: 879231 | U61: 872726 | V61: 884953 | W61: 888757 | X61: 841639 | Y61: 869259 | Z61: 847133 | AA61: 837866 | AB61: 0 | AC61: 0 | AD61: 0 | AE61: 0 | AF61: 0 | AG61: 0 | AH61: 0 | AI61: 0 | AJ61: 0 | AK61: 0 | AL61: 0 | AM61: 0 | AN61: 0 | AO61: 44 | AP61: 0 | AQ61: 0 | AR61: 0 | AS61: 0 | AT61: 0 | AU61: 0 | AV61: 4 | AW61: 0 | AX61: 0 | AY61: 0 | AZ61: 0 | BA61: 0 | BB61: 0 | BC61: 1 | BD61: 1 | BE61: 1 | BF61: 0 | BG61: 1 | BH61: 1 | BI61: 1 | BJ61: 0 | BK61: 2 | BL61: 0 | BM61: 1 | BN61: 1 | BO61: 1 | BP61: 1 | BQ61: 1 | BR61: 1 | BS61: 1 | BT61: 2 | BU61: 1 | BV61: 1 | BW61: 2 | BX61: 1 | BY61: 1 | BZ61: 2 | CA61: 1 | CB61: 2 | CC61: 2

Sheet 4_80J
A1: 40_500_0.2 | B1: 40_800_0.2 | C1: 40_1000_0.2 | D1: 40_500_0.3 | E1: 40_800_0.3 | F1: 40_1000_0.3 | G1: 40_500_0.5 | H1: 40_800_0.5 | I1: 40_1000_0.5 | J1: 50_500_0.2 | K1: 50_800_0.2 | L1: 50_1000_0.2 | M1: 50_500_0.3 | N1: 50_800_0.3 | O1: 50_1000_0.3 | P1: 50_500_0.5 | Q1: 50_800_0.5 | R1: 50_1000_0.5 | S1: 70_500_0.2 | T1: 70_800_0.2 | U1: 70_1000_0.2 | V1: 70_500_0.3 | W1: 70_800_0.3 | X1: 70_1000_0.3 | Y1: 70_500_0.5 | Z1: 70_800_0.5 | AA1: 70_1000_0.5 | AB1: OVER_1 | AC1: OVER_2 | AD1: OVER_3 | AE1: OVER_4 | AF1: OVER_5 | AG1: OVER_6 | AH1: OVER_7 | AI1: OVER_8 | AJ1: OVER_9 | AK1: OVER_10 | AL1: OVER_11 | AM1: OVER_12 | AN1: OVER_13 | AO1: OVER_14 | AP1: OVER_15 | AQ1: OVER_16 | AR1: OVER_17 | AS1: OVER_18 | AT1: OVER_19 | AU1: OVER_20 | AV1: OVER_21 | AW1: OVER_22 | AX1: OVER_23 | AY1: OVER_24 | AZ1: OVER_25 | BA1: OVER_26 | BB1: OVER_27 | BC1: TIME_1 | BD1: TIME_2 | BE1: TIME_3 | BF1: TIME_4 | BG1: TIME_5 | BH1: TIME_6 | BI1: TIME_7 | BJ1: TIME_8 | BK1: TIME_9 | BL1: TIME_10 | BM1: TIME_11 | BN1: TIME_12 | BO1: TIME_13 | BP1: TIME_14 | BQ1: TIME_15 | BR1: TIME_16 | BS1: TIME_17 | BT1: TIME_18 | BU1: TIME_19 | BV1: TIME_20 | BW1: TIME_21 | BX1: TIME_22 | BY1: TIME_23 | BZ1: TIME_24 | CA1: TIME_25 | CB1: TIME_26 | CC1: TIME_27
A2: 1038580 | B2: 914970 | C2: 951857 | D2: 958995 | E2: 867382 | F2: 877226 | G2: 959478 | H2: 882941 | I2: 859675 | J2: 905917 | K2: 909347 | L2: 917193 | M2: 883139 | N2: 932342 | O2: 880318 | P2: 885849 | Q2: 895153 | R2: 815659 | S2: 920747 | T2: 857925 | U2: 910037 | V2: 868932 | W2: 903130 | X2: 877107 | Y2: 916286 | Z2: 870607 | AA2: 809014 | AB2: 88 | AC2: 0 | AD2: 25 | AE2: 0 | AF2: 0 | AG2: 0 | AH2: 80 | AI2: 0 | AJ2: 0 | AK2: 0 | AL2: 0 | AM2: 0 | AN2: 0 | AO2: 0 | AP2: 0 | AQ2: 0 | AR2: 0 | AS2: 0 | AT2: 0 | AU2: 0 | AV2: 0 | AW2: 0 | AX2: 0 | AY2: 0 | AZ2: 0 | BA2: 0 | BB2: 0 | BC2: 0 | BD2: 1 | BE2: 1 | BF2: 0 | BG2: 1 | BH2: 1 | BI2: 0 | BJ2: 1 | BK2: 1 | BL2: 1 | BM2: 0 | BN2: 1 | BO2: 1 | BP2: 1 | BQ2: 1 | BR2: 0 | BS2: 1 | BT2: 2 | BU2: 0 | BV2: 1 | BW2: 2 | BX2: 1 | BY2: 1 | BZ2: 1 | CA2: 1 | CB2: 1 | CC2: 2
A3: 1036510 | B3: 965162 | C3: 982097 | D3: 977811 | E3: 992590 | F3: 909845 | G3: 1014500 | H3: 986327 | I3: 894361 | J3: 929269 | K3: 1043150 | L3: 936715 | M3: 999192 | N3: 944249 | O3: 989834 | P3: 892750 | Q3: 894580 | R3: 944519 | S3: 937469 | T3: 1035680 | U3: 956848 | V3: 1020650 | W3: 969181 | X3: 1020820 | Y3: 910431 | Z3: 952704 | AA3: 940582 | AB3: 0 | AC3: 0 | AD3: 0 | AE3: 0 | AF3: 43 | AG3: 0 | AH3: 0 | AI3: 0 | AJ3: 0 | AK3: 0 | AL3: 43 | AM3: 0 | AN3: 0 | AO3: 16 | AP3: 26 | AQ3: 0 | AR3: 0 | AS3: 0 | AT3: 0 | AU3: 106 | AV3: 0 | AW3: 0 | AX3: 0 | AY3: 24 | AZ3: 0 | BA3: 0 | BB3: 0 | BC3: 1 | BD3: 0 | BE3: 1 | BF3: 0 | BG3: 1 | BH3: 1 | BI3: 1 | BJ3: 0 | BK3: 1 | BL3: 1 | BM3: 1 | BN3: 1 | BO3: 0 | BP3: 1 | BQ3: 2 | BR3: 0 | BS3: 1 | BT3: 1 | BU3: 1 | BV3: 1 | BW3: 2 | BX3: 1 | BY3: 1 | BZ3: 1 | CA3: 1 | CB3: 2 | CC3: 1
A4: 1041440 | B4: 1007310 | C4: 1051660 | D4: 1078570 | E4: 1019750 | F4: 998418 | G4: 1014360 | H4: 1000990 | I4: 975985 | J4: 1001690 | K4: 991383 | L4: 959046 | M4: 982303 | N4: 982207 | O4: 980031 | P4: 945978 | Q4: 957256 | R4: 923096 | S4: 981792 | T4: 953537 | U4: 955490 | V4: 960655 | W4: 917212 | X4: 896803 | Y4: 950251 | Z4: 972454 | AA4: 900678 | AB4: 0 | AC4: 0 | AD4: 10 | AE4: 55 | AF4: 0 | AG4: 0 | AH4: 0 | AI4: 0 | AJ4: 0 | AK4: 28 | AL4: 0 | AM4: 0 | AN4: 0 | AO4: 0 | AP4: 13 | AQ4: 0 | AR4: 7 | AS4: 0 | AT4: 16 | AU4: 0 | AV4: 0 | AW4: 0 | AX4: 0 | AY4: 0 | AZ4: 0 | BA4: 0 | BB4: 0 | BC4: 1 | BD4: 0 | BE4: 1 | BF4: 1 | BG4: 1 | BH4: 0 | BI4: 1 | BJ4: 1 | BK4: 1 | BL4: 0 | BM4: 1 | BN4: 1 | BO4: 1 | BP4: 0 | BQ4: 2 | BR4: 0 | BS4: 1 | BT4: 2 | BU4: 0 | BV4: 1 | BW4: 2 | BX4: 1 | BY4: 1 | BZ4: 1 | CA4: 1 | CB4: 2 | CC4: 1
A5: 908212 | B5: 1004260 | C5: 929234 | D5: 1008590 | E5: 969661 | F5: 1084950 | G5: 918993 | H5: 883187 | I5: 893798 | J5: 939964 | K5: 953736 | L5: 923309 | M5: 979034 | N5: 894236 | O5: 908332 | P5: 958657 | Q5: 915866 | R5: 879627 | S5: 931657 | T5: 913711 | U5: 955168 | V5: 910382 | W5: 900180 | X5: 912059 | Y5: 923219 | Z5: 859967 | AA5: 925516 | AB5: 0 | AC5: 0 | AD5: 0 | AE5: 13 | AF5: 0 | AG5: 139 | AH5: 0 | AI5: 0 | AJ5: 0 | AK5: 0 | AL5: 0 | AM5: 0 | AN5: 0 | AO5: 0 | AP5: 0 | AQ5: 0 | AR5: 0 | AS5: 0 | AT5: 0 | AU5: 0 | AV5: 0 | AW5: 0 | AX5: 0 | AY5: 0 | AZ5: 0 | BA5: 0 | BB5: 11 | BC5: 1 | BD5: 0 | BE5: 1 | BF5: 1 | BG5: 0 | BH5: 1 | BI5: 1 | BJ5: 1 | BK5: 1 | BL5: 0 | BM5: 1 | BN5: 1 | BO5: 1 | BP5: 0 | BQ5: 1 | BR5: 1 | BS5: 1 | BT5: 1 | BU5: 1 | BV5: 1 | BW5: 2 | BX5: 0 | BY5: 2 | BZ5: 1 | CA5: 1 | CB5: 1 | CC5: 2
A6: 928783 | B6: 930700 | C6: 904486 | D6: 950112 | E6: 1011120 | F6: 892810 | G6: 968052 | H6: 874410 | I6: 877042 | J6: 898224 | K6: 928438 | L6: 895661 | M6: 968707 | N6: 937164 | O6: 944044 | P6: 877366 | Q6: 880898 | R6: 944919 | S6: 914812 | T6: 905640 | U6: 880879 | V6: 883871 | W6: 888681 | X6: 953966 | Y6: 857494 | Z6: 894376 | AA6: 872325 | AB6: 0 | AC6: 0 | AD6: 0 | AE6: 3 | AF6: 55 | AG6: 0 | AH6: 56 | AI6: 0 | AJ6: 0 | AK6: 0 | AL6: 0 | AM6: 0 | AN6: 58 | AO6: 0 | AP6: 59 | AQ6: 0 | AR6: 0 | AS6: 60 | AT6: 0 | AU6: 0 | AV6: 0 | AW6: 0 | AX6: 19 | AY6: 87 | AZ6: 0 | BA6: 32 | BB6: 0 | BC6: 0 | BD6: 1 | BE6: 1 | BF6: 0 | BG6: 1 | BH6: 1 | BI6: 1 | BJ6: 0 | BK6: 1 | BL6: 1 | BM6: 1 | BN6: 1 | BO6: 0 | BP6: 1 | BQ6: 1 | BR6: 1 | BS6: 1 | BT6: 1 | BU6: 1 | BV6: 1 | BW6: 2 | BX6: 1 | BY6: 1 | BZ6: 2 | CA6: 1 | CB6: 1 | CC6: 2
A7: 1050930 | B7: 1100630 | C7: 995409 | D7: 994649 | E7: 984239 | F7: 963235 | G7: 988588 | H7: 960690 | I7: 997087 | J7: 1024120 | K7: 974618 | L7: 1001020 | M7: 1046780 | N7: 995198 | O7: 986068 | P7: 996482 | Q7: 960914 | R7: 968300 | S7: 1016690 | T7: 989238 | U7: 1016570 | V7: 1009130 | W7: 978440 | X7: 971631 | Y7: 1002560 | Z7: 966026 | AA7: 964274 | AB7: 0 | AC7: 42 | AD7: 0 | AE7: 0 | AF7: 0 | AG7: 0 | AH7: 0 | AI7: 0 | AJ7: 0 | AK7: 0 | AL7: 0 | AM7: 0 | AN7: 0 | AO7: 0 | AP7: 0 | AQ7: 0 | AR7: 0 | AS7: 0 | AT7: 0 | AU7: 0 | AV7: 0 | AW7: 0 | AX7: 0 | AY7: 0 | AZ7: 0 | BA7: 0 | BB7: 0 | BC7: 0 | BD7: 1 | BE7: 1 | BF7: 0 | BG7: 1 | BH7: 1 | BI7: 0 | BJ7: 1 | BK7: 1 | BL7: 0 | BM7: 1 | BN7: 1 | BO7: 1 | BP7: 1 | BQ7: 1 | BR7: 0 | BS7: 1 | BT7: 2 | BU7: 0 | BV7: 1 | BW7: 2 | BX7: 1 | BY7: 1 | BZ7: 1 | CA7: 1 | CB7: 2 | CC7: 1
A8: 1043250 | B8: 1040800 | C8: 987568 | D8: 1039330 | E8: 999651 | F8: 992713 | G8: 958923 | H8: 1028820 | I8: 971026 | J8: 1073430 | K8: 1031130 | L8: 1152980 | M8: 1020990 | N8: 969870 | O8: 1019170 | P8: 1000610 | Q8: 987013 | R8: 944881 | S8: 981670 | T8: 986585 | U8: 1039340 | V8: 950565 | W8: 1027020 | X8: 1006720 | Y8: 974294 | Z8: 977539 | AA8: 948676 | AB8: 0 | AC8: 0 | AD8: 0 | AE8: 0 | AF8: 0 | AG8: 54 | AH8: 0 | AI8: 19 | AJ8: 0 | AK8: 13 | AL8: 0 | AM8: 164 | AN8: 0 | AO8: 0 | AP8: 0 | AQ8: 0 | AR8: 0 | AS8: 0 | AT8: 0 | AU8: 0 | AV8: 36 | AW8: 0 | AX8: 0 | AY8: 0 | AZ8: 0 | BA8: 0 | BB8: 0 | BC8: 1 | BD8: 0 | BE8: 1 | BF8: 1 | BG8: 0 | BH8: 1 | BI8: 1 | BJ8: 1 | BK8: 1 | BL8: 0 | BM8: 1 | BN8: 1 | BO8: 1 | BP8: 1 | BQ8: 1 | BR8: 0 | BS8: 1 | BT8: 2 | BU8: 0 | BV8: 1 | BW8: 2 | BX8: 1 | BY8: 1 | BZ8: 2 | CA8: 0 | CB8: 2 | CC8: 1
A9: 938984 | B9: 880346 | C9: 877443 | D9: 900036 | E9: 901224 | F9: 866859 | G9: 877506 | H9: 841302 | I9: 830931 | J9: 926337 | K9: 874930 | L9: 822539 | M9: 812657 | N9: 921306 | O9: 846535 | P9: 862005 | Q9: 819052 | R9: 886668 | S9: 869180 | T9: 874967 | U9: 845734 | V9: 827776 | W9: 841048 | X9: 878556 | Y9: 839710 | Z9: 793831 | AA9: 835231 | AB9: 41 | AC9: 23 | AD9: 3 | AE9: 0 | AF9: 0 | AG9: 0 | AH9: 0 | AI9: 0 | AJ9: 0 | AK9: 0 | AL9: 0 | AM9: 0 | AN9: 0 | AO9: 31 | AP9: 0 | AQ9: 0 | AR9: 0 | AS9: 69 | AT9: 0 | AU9: 23 | AV9: 0 | AW9: 11 | AX9: 0 | AY9: 0 | AZ9: 0 | BA9: 0 | BB9: 0 | BC9: 1 | BD9: 1 | BE9: 1 | BF9: 0 | BG9: 1 | BH9: 1 | BI9: 0 | BJ9: 1 | BK9: 1 | BL9: 0 | BM9: 1 | BN9: 1 | BO9: 1 | BP9: 1 | BQ9: 1 | BR9: 0 | BS9: 1 | BT9: 2 | BU9: 0 | BV9: 2 | BW9: 1 | BX9: 1 | BY9: 1 | BZ9: 2 | CA9: 0 | CB9: 2 | CC9: 1
A10: 967043 | B10: 846128 | C10: 973915 | D10: 835984 | E10: 815749 | F10: 798092 | G10: 835836 | H10: 826138 | I10: 800961 | J10: 835776 | K10: 780705 | L10: 824930 | M10: 830920 | N10: 823105 | O10: 837794 | P10: 780641 | Q10: 804873 | R10: 833242 | S10: 826632 | T10: 830052 | U10: 848847 | V10: 872756 | W10: 886594 | X10: 835803 | Y10: 815278 | Z10: 813861 | AA10: 786419 | AB10: 10 | AC10: 0 | AD10: 98 | AE10: 0 | AF10: 0 | AG10: 0 | AH10: 0 | AI10: 0 | AJ10: 0 | AK10: 0 | AL10: 0 | AM10: 0 | AN10: 12 | AO10: 0 | AP10: 0 | AQ10: 0 | AR10: 0 | AS10: 0 | AT10: 0 | AU10: 0 | AV10: 1 | AW10: 0 | AX10: 123 | AY10: 3 | AZ10: 0 | BA10: 11 | BB10: 0 | BC10: 1 | BD10: 1 | BE10: 0 | BF10: 1 | BG10: 1 | BH10: 0 | BI10: 1 | BJ10: 1 | BK10: 1 | BL10: 0 | BM10: 1 | BN10: 1 | BO10: 1 | BP10: 1 | BQ10: 1 | BR10: 0 | BS10: 1 | BT10: 1 | BU10: 1 | BV10: 1 | BW10: 2 | BX10: 0 | BY10: 2 | BZ10: 2 | CA10: 1 | CB10: 1 | CC10: 2
A11: 849207 | B11: 799837 | C11: 816325 | D11: 841462 | E11: 833314 | F11: 770553 | G11: 820028 | H11: 792429 | I11: 929633 | J11: 894062 | K11: 822262 | L11: 774226 | M11: 824897 | N11: 826803 | O11: 825806 | P11: 782570 | Q11: 793644 | R11: 825940 | S11: 837392 | T11: 815828 | U11: 777551 | V11: 826882 | W11: 771430 | X11: 777524 | Y11: 757031 | Z11: 746851 | AA11: 788044 | AB11: 0 | AC11: 0 | AD11: 20 | AE11: 0 | AF11: 0 | AG11: 0 | AH11: 8 | AI11: 0 | AJ11: 125 | AK11: 0 | AL11: 0 | AM11: 0 | AN11: 0 | AO11: 0 | AP11: 0 | AQ11: 0 | AR11: 40 | AS11: 54 | AT11: 0 | AU11: 29 | AV11: 0 | AW11: 0 | AX11: 0 | AY11: 0 | AZ11: 0 | BA11: 0 | BB11: 0 | BC11: 0 | BD11: 1 | BE11: 1 | BF11: 0 | BG11: 1 | BH11: 1 | BI11: 0 | BJ11: 1 | BK11: 1 | BL11: 1 | BM11: 1 | BN11: 1 | BO11: 0 | BP11: 1 | BQ11: 1 | BR11: 1 | BS11: 1 | BT11: 1 | BU11: 1 | BV11: 1 | BW11: 2 | BX11: 0 | BY11: 2 | BZ11: 1 | CA11: 1 | CB11: 1 | CC11: 2
A12: 1117130 | B12: 1128450 | C12: 1083170 | D12: 1129100 | E12: 1162340 | F12: 1082940 | G12: 1083640 | H12: 1076200 | I12: 1074910 | J12: 1162270 | K12: 1121220 | L12: 1110670 | M12: 1101980 | N12: 1138290 | O12: 1112170 | P12: 1164400 | Q12: 1081330 | R12: 1103460 | S12: 1148800 | T12: 1088130 | U12: 1065990 | V12: 1110720 | W12: 1090220 | X12: 1081420 | Y12: 1087330 | Z12: 1062260 | AA12: 1113560 | AB12: 0 | AC12: 0 | AD12: 0 | AE12: 0 | AF12: 0 | AG12: 0 | AH12: 0 | AI12: 0 | AJ12: 0 | AK12: 0 | AL12: 0 | AM12: 0 | AN12: 0 | AO12: 25 | AP12: 0 | AQ12: 0 | AR12: 0 | AS12: 0 | AT12: 0 | AU12: 0 | AV12: 0 | AW12: 0 | AX12: 0 | AY12: 0 | AZ12: 0 | BA12: 0 | BB12: 0 | BC12: 1 | BD12: 0 | BE12: 1 | BF12: 0 | BG12: 1 | BH12: 1 | BI12: 0 | BJ12: 1 | BK12: 1 | BL12: 1 | BM12: 0 | BN12: 1 | BO12: 1 | BP12: 1 | BQ12: 1 | BR12: 1 | BS12: 1 | BT12: 1 | BU12: 0 | BV12: 2 | BW12: 1 | BX12: 1 | BY12: 1 | BZ12: 2 | CA12: 0 | CB12: 2 | CC12: 1
A13: 992247 | B13: 988957 | C13: 950869 | D13: 944027 | E13: 950070 | F13: 953994 | G13: 970523 | H13: 941282 | I13: 959951 | J13: 955680 | K13: 965188 | L13: 908156 | M13: 974830 | N13: 992297 | O13: 919220 | P13: 966465 | Q13: 1080210 | R13: 908330 | S13: 970080 | T13: 926862 | U13: 924716 | V13: 959938 | W13: 916034 | X13: 944059 | Y13: 903643 | Z13: 893945 | AA13: 881646 | AB13: 0 | AC13: 4 | AD13: 0 | AE13: 0 | AF13: 0 | AG13: 0 | AH13: 0 | AI13: 0 | AJ13: 0 | AK13: 0 | AL13: 39 | AM13: 0 | AN13: 0 | AO13: 0 | AP13: 0 | AQ13: 0 | AR13: 135 | AS13: 0 | AT13: 0 | AU13: 0 | AV13: 0 | AW13: 0 | AX13: 0 | AY13: 0 | AZ13: 0 | BA13: 0 | BB13: 0 | BC13: 1 | BD13: 1 | BE13: 0 | BF13: 1 | BG13: 1 | BH13: 0 | BI13: 1 | BJ13: 1 | BK13: 1 | BL13: 0 | BM13: 1 | BN13: 1 | BO13: 0 | BP13: 1 | BQ13: 1 | BR13: 1 | BS13: 1 | BT13: 1 | BU13: 1 | BV13: 1 | BW13: 2 | BX13: 0 | BY13: 2 | BZ13: 1 | CA13: 1 | CB13: 1 | CC13: 2
... A61: 909313 | B61: 892031 | C61: 900219 | D61: 907064 | E61: 902037 | F61: 884395 | G61: 892918 | H61: 857816 | I61: 858092 | J61: 896783 | K61: 881098 | L61: 894341 | M61: 971922 | N61: 849569 | O61: 855212 | P61: 896766 | Q61: 869354 | R61: 861151 | S61: 883638 | T61: 870867 | U61: 894507 | V61: 863014 | W61: 885653 | X61: 865369 | Y61: 881674 | Z61: 858059 | AA61: 826375 | AB61: 0 | AC61: 0 | AD61: 0 | AE61: 0 | AF61: 0 | AG61: 0 | AH61: 0 | AI61: 0 | AJ61: 0 | AK61: 0 | AL61: 0 | AM61: 0 | AN61: 46 | AO61: 0 | AP61: 0 | AQ61: 0 | AR61: 0 | AS61: 0 | AT61: 0 | AU61: 0 | AV61: 0 | AW61: 0 | AX61: 0 | AY61: 0 | AZ61: 0 | BA61: 0 | BB61: 0 | BC61: 0 | BD61: 1 | BE61: 1 | BF61: 1 | BG61: 0 | BH61: 1 | BI61: 1 | BJ61: 1 | BK61: 1 | BL61: 1 | BM61: 1 | BN61: 1 | BO61: 1 | BP61: 1 | BQ61: 1 | BR61: 1 | BS61: 1 | BT61: 1 | BU61: 1 | BV61: 1 | BW61: 2 | BX61: 1 | BY61: 1 | BZ61: 2 | CA61: 1 | CB61: 2 | CC61: 2

Sheet 5_80J
A1: 40_500_0.2 | B1: 40_800_0.2 | C1: 40_1000_0.2 | D1: 40_500_0.3 | E1: 40_800_0.3 | F1: 40_1000_0.3 | G1: 40_500_0.5 | H1: 40_800_0.5 | I1: 40_1000_0.5 | J1: 50_500_0.2 | K1: 50_800_0.2 | L1: 50_1000_0.2 | M1: 50_500_0.3 | N1: 50_800_0.3 | O1: 50_1000_0.3 | P1: 50_500_0.5 | Q1: 50_800_0.5 | R1: 50_1000_0.5 | S1: 70_500_0.2 | T1: 70_800_0.2 | U1: 70_1000_0.2 | V1: 70_500_0.3 | W1: 70_800_0.3 | X1: 70_1000_0.3 | Y1: 70_500_0.5 | Z1: 70_800_0.5 | AA1: 70_1000_0.5 | AB1: OVER_1 | AC1: OVER_2 | AD1: OVER_3 | AE1: OVER_4 | AF1: OVER_5 | AG1: OVER_6 | AH1: OVER_7 | AI1: OVER_8 | AJ1: OVER_9 | AK1: OVER_10 | AL1: OVER_11 | AM1: OVER_12 | AN1: OVER_13 | AO1: OVER_14 | AP1: OVER_15 | AQ1: OVER_16 | AR1: OVER_17 | AS1: OVER_18 | AT1: OVER_19 | AU1: OVER_20 | AV1: OVER_21 | AW1: OVER_22 | AX1: OVER_23 | AY1: OVER_24 | AZ1: OVER_25 | BA1: OVER_26 | BB1: OVER_27 | BC1: TIME_1 | BD1: TIME_2 | BE1: TIME_3 | BF1: TIME_4 | BG1: TIME_5 | BH1: TIME_6 | BI1: TIME_7 | BJ1: TIME_8 | BK1: TIME_9 | BL1: TIME_10 | BM1: TIME_11 | BN1: TIME_12 | BO1: TIME_13 | BP1: TIME_14 | BQ1: TIME_15 | BR1: TIME_16 | BS1: TIME_17 | BT1: TIME_18 | BU1: TIME_19 | BV1: TIME_20 | BW1: TIME_21 | BX1: TIME_22 | BY1: TIME_23 | BZ1: TIME_24 | CA1: TIME_25 | CB1: TIME_26 | CC1: TIME_27
A2: 916086 | B2: 898747 | C2: 888916 | D2: 884989 | E2: 896951 | F2: 917033 | G2: 876628 | H2: 816964 | I2: 841642 | J2: 914826 | K2: 957735 | L2: 858888 | M2: 950662 | N2: 832689 | O2: 842797 | P2: 911343 | Q2: 851722 | R2: 856126 | S2: 938453 | T2: 853124 | U2: 832277 | V2: 857301 | W2: 900396 | X2: 866637 | Y2: 870239 | Z2: 900555 | AA2: 833080 | AB2: 0 | AC2: 0 | AD2: 0 | AE2: 0 | AF2: 0 | AG2: 0 | AH2: 0 | AI2: 0 | AJ2: 0 | AK2: 0 | AL2: 38 | AM2: 0 | AN2: 0 | AO2: 0 | AP2: 0 | AQ2: 0 | AR2: 0 | AS2: 0 | AT2: 24 | AU2: 0 | AV2: 0 | AW2: 0 | AX2: 0 | AY2: 0 | AZ2: 0 | BA2: 0 | BB2: 0 | BC2: 0 | BD2: 1 | BE2: 1 | BF2: 0 | BG2: 1 | BH2: 1 | BI2: 0 | BJ2: 1 | BK2: 1 | BL2: 0 | BM2: 1 | BN2: 1 | BO2: 1 | BP2: 1 | BQ2: 1 | BR2: 0 | BS2: 1 | BT2: 1 | BU2: 1 | BV2: 1 | BW2: 2 | BX2: 0 | BY2: 2 | BZ2: 1 | CA2: 1 | CB2: 1 | CC2: 2
A3: 966119 | B3: 1003980 | C3: 1009920 | D3: 994544 | E3: 1004930 | F3: 985644 | G3: 1106340 | H3: 930033 | I3: 959827 | J3: 946969 | K3: 968612 | L3: 960898 | M3: 971299 | N3: 952759 | O3: 945296 | P3: 959720 | Q3: 926631 | R3: 925616 | S3: 990636 | T3: 952272 | U3: 975493 | V3: 949847 | W3: 945452 | X3: 934485 | Y3: 940729 | Z3: 931551 | AA3: 958409 | AB3: 0 | AC3: 0 | AD3: 44 | AE3: 0 | AF3: 0 | AG3: 0 | AH3: 139 | AI3: 0 | AJ3: 0 | AK3: 0 | AL3: 0 | AM3: 11 | AN3: 0 | AO3: 0 | AP3: 0 | AQ3: 0 | AR3: 0 | AS3: 0 | AT3: 0 | AU3: 0 | AV3: 0 | AW3: 0 | AX3: 0 | AY3: 0 | AZ3: 0 | BA3: 0 | BB3: 0 | BC3: 0 | BD3: 1 | BE3: 1 | BF3: 0 | BG3: 1 | BH3: 1 | BI3: 0 | BJ3: 1 | BK3: 1 | BL3: 1 | BM3: 0 | BN3: 2 | BO3: 0 | BP3: 1 | BQ3: 1 | BR3: 1 | BS3: 1 | BT3: 1 | BU3: 0 | BV3: 2 | BW3: 1 | BX3: 1 | BY3: 1 | BZ3: 2 | CA3: 0 | CB3: 2 | CC3: 1
A4: 1048150 | B4: 995405 | C4: 930427 | D4: 1030580 | E4: 984718 | F4: 952828 | G4: 976883 | H4: 1004460 | I4: 942838 | J4: 966841 | K4: 927291 | L4: 1088070 | M4: 987974 | N4: 896086 | O4: 932056 | P4: 981687 | Q4: 950728 | R4: 981725 | S4: 993060 | T4: 972414 | U4: 1025190 | V4: 953655 | W4: 976624 | X4: 952900 | Y4: 952028 | Z4: 955456 | AA4: 934791 | AB4: 0 | AC4: 0 | AD4: 0 | AE4: 17 | AF4: 0 | AG4: 0 | AH4: 0 | AI4: 0 | AJ4: 0 | AK4: 0 | AL4: 0 | AM4: 102 | AN4: 0 | AO4: 0 | AP4: 0 | AQ4: 0 | AR4: 0 | AS4: 0 | AT4: 0 | AU4: 3 | AV4: 38 | AW4: 0 | AX4: 0 | AY4: 0 | AZ4: 0 | BA4: 0 | BB4: 0 | BC4: 1 | BD4: 0 | BE4: 1 | BF4: 1 | BG4: 0 | BH4: 1 | BI4: 1 | BJ4: 0 | BK4: 1 | BL4: 1 | BM4: 1 | BN4: 1 | BO4: 1 | BP4: 0 | BQ4: 2 | BR4: 0 | BS4: 1 | BT4: 1 | BU4: 1 | BV4: 1 | BW4: 2 | BX4: 1 | BY4: 1 | BZ4: 1 | CA4: 1 | CB4: 2 | CC4: 1
A5: 1009510 | B5: 951528 | C5: 932304 | D5: 945743 | E5: 965572 | F5: 907972 | G5: 910078 | H5: 944434 | I5: 990249 | J5: 1005300 | K5: 944002 | L5: 978088 | M5: 969118 | N5: 897392 | O5: 920698 | P5: 975739 | Q5: 902159 | R5: 907302 | S5: 996552 | T5: 967892 | U5: 930972 | V5: 963275 | W5: 918043 | X5: 916531 | Y5: 923001 | Z5: 923075 | AA5: 901934 | AB5: 0 | AC5: 0 | AD5: 0 | AE5: 18 | AF5: 0 | AG5: 12 | AH5: 0 | AI5: 20 | AJ5: 62 | AK5: 0 | AL5: 33 | AM5: 0 | AN5: 0 | AO5: 0 | AP5: 0 | AQ5: 0 | AR5: 0 | AS5: 0 | AT5: 0 | AU5: 26 | AV5: 0 | AW5: 0 | AX5: 0 | AY5: 0 | AZ5: 0 | BA5: 0 | BB5: 0 | BC5: 1 | BD5: 0 | BE5: 1 | BF5: 0 | BG5: 1 | BH5: 1 | BI5: 1 | BJ5: 1 | BK5: 1 | BL5: 0 | BM5: 1 | BN5: 1 | BO5: 1 | BP5: 0 | BQ5: 1 | BR5: 1 | BS5: 1 | BT5: 1 | BU5: 1 | BV5: 1 | BW5: 2 | BX5: 0 | BY5: 2 | BZ5: 1 | CA5: 1 | CB5: 1 | CC5: 2
A6: 908796 | B6: 991682 | C6: 957307 | D6: 912823 | E6: 940285 | F6: 887225 | G6: 895970 | H6: 982036 | I6: 872370 | J6: 919597 | K6: 901165 | L6: 923605 | M6: 909627 | N6: 885425 | O6: 957150 | P6: 914981 | Q6: 899293 | R6: 892191 | S6: 910621 | T6: 887680 | U6: 882246 | V6: 883936 | W6: 865959 | X6: 872462 | Y6: 876319 | Z6: 865964 | AA6: 900227 | AB6: 0 | AC6: 24 | AD6: 0 | AE6: 0 | AF6: 0 | AG6: 0 | AH6: 0 | AI6: 42 | AJ6: 0 | AK6: 0 | AL6: 0 | AM6: 45 | AN6: 0 | AO6: 0 | AP6: 42 | AQ6: 1 | AR6: 0 | AS6: 0 | AT6: 0 | AU6: 0 | AV6: 0 | AW6: 0 | AX6: 0 | AY6: 0 | AZ6: 0 | BA6: 0 | BB6: 0 | BC6: 0 | BD6: 1 | BE6: 1 | BF6: 0 | BG6: 1 | BH6: 1 | BI6: 0 | BJ6: 1 | BK6: 1 | BL6: 1 | BM6: 1 | BN6: 1 | BO6: 0 | BP6: 1 | BQ6: 1 | BR6: 1 | BS6: 1 | BT6: 1 | BU6: 1 | BV6: 1 | BW6: 2 | BX6: 0 | BY6: 2 | BZ6: 1 | CA6: 1 | CB6: 1 | CC6: 2
A7: 1008590 | B7: 1016340 | C7: 1024510 | D7: 1028350 | E7: 1003950 | F7: 1033920 | G7: 1031810 | H7: 992471 | I7: 963528 | J7: 1039870 | K7: 963809 | L7: 1003640 | M7: 1030750 | N7: 1024280 | O7: 1032820 | P7: 1019400 | Q7: 950869 | R7: 1068040 | S7: 1031290 | T7: 1003210 | U7: 1011740 | V7: 977700 | W7: 1013700 | X7: 1045920 | Y7: 998895 | Z7: 974187 | AA7: 926056 | AB7: 0 | AC7: 0 | AD7: 0 | AE7: 0 | AF7: 0 | AG7: 0 | AH7: 30 | AI7: 0 | AJ7: 0 | AK7: 0 | AL7: 0 | AM7: 0 | AN7: 0 | AO7: 0 | AP7: 0 | AQ7: 0 | AR7: 0 | AS7: 110 | AT7: 0 | AU7: 0 | AV7: 0 | AW7: 0 | AX7: 0 | AY7: 0 | AZ7: 0 | BA7: 0 | BB7: 0 | BC7: 1 | BD7: 0 | BE7: 1 | BF7: 0 | BG7: 1 | BH7: 1 | BI7: 1 | BJ7: 0 | BK7: 1 | BL7: 1 | BM7: 1 | BN7: 1 | BO7: 0 | BP7: 1 | BQ7: 1 | BR7: 1 | BS7: 1 | BT7: 1 | BU7: 1 | BV7: 1 | BW7: 1 | BX7: 1 | BY7: 1 | BZ7: 2 | CA7: 1 | CB7: 1 | CC7: 2
A8: 1041360 | B8: 1023110 | C8: 1018360 | D8: 1059880 | E8: 1015920 | F8: 957346 | G8: 1004320 | H8: 1058450 | I8: 1016290 | J8: 1035240 | K8: 1101250 | L8: 977497 | M8: 1000600 | N8: 955788 | O8: 991977 | P8: 1005480 | Q8: 946573 | R8: 946273 | S8: 1083420 | T8: 942600 | U8: 951542 | V8: 991668 | W8: 1029130 | X8: 972977 | Y8: 976845 | Z8: 961574 | AA8: 947457 | AB8: 0 | AC8: 0 | AD8: 0 | AE8: 0 | AF8: 0 | AG8: 0 | AH8: 0 | AI8: 37 | AJ8: 48 | AK8: 0 | AL8: 58 | AM8: 0 | AN8: 0 | AO8: 0 | AP8: 0 | AQ8: 0 | AR8: 0 | AS8: 0 | AT8: 53 | AU8: 0 | AV8: 0 | AW8: 0 | AX8: 37 | AY8: 0 | AZ8: 0 | BA8: 0 | BB8: 0 | BC8: 0 | BD8: 1 | BE8: 0 | BF8: 1 | BG8: 1 | BH8: 0 | BI8: 1 | BJ8: 1 | BK8: 1 | BL8: 0 | BM8: 1 | BN8: 1 | BO8: 1 | BP8: 1 | BQ8: 1 | BR8: 0 | BS8: 1 | BT8: 1 | BU8: 1 | BV8: 1 | BW8: 2 | BX8: 0 | BY8: 2 | BZ8: 1 | CA8: 1 | CB8: 2 | CC8: 1
A9: 892412 | B9: 840790 | C9: 895093 | D9: 884834 | E9: 883373 | F9: 882668 | G9: 952741 | H9: 855782 | I9: 862712 | J9: 1009730 | K9: 876410 | L9: 849705 | M9: 855229 | N9: 864888 | O9: 837078 | P9: 853013 | Q9: 817172 | R9: 858880 | S9: 883600 | T9: 849238 | U9: 834953 | V9: 853568 | W9: 849605 | X9: 821416 | Y9: 802562 | Z9: 809863 | AA9: 875988 | AB9: 0 | AC9: 0 | AD9: 0 | AE9: 0 | AF9: 21 | AG9: 0 | AH9: 73 | AI9: 0 | AJ9: 0 | AK9: 104 | AL9: 0 | AM9: 0 | AN9: 0 | AO9: 0 | AP9: 0 | AQ9: 0 | AR9: 0 | AS9: 0 | AT9: 28 | AU9: 0 | AV9: 0 | AW9: 0 | AX9: 29 | AY9: 0 | AZ9: 0 | BA9: 0 | BB9: 0 | BC9: 1 | BD9: 0 | BE9: 1 | BF9: 1 | BG9: 0 | BH9: 1 | BI9: 1 | BJ9: 1 | BK9: 0 | BL9: 1 | BM9: 1 | BN9: 1 | BO9: 0 | BP9: 1 | BQ9: 1 | BR9: 1 | BS9: 1 | BT9: 1 | BU9: 1 | BV9: 1 | BW9: 1 | BX9: 1 | BY9: 2 | BZ9: 1 | CA9: 1 | CB9: 1 | CC9: 2
A10: 853485 | B10: 789781 | C10: 824326 | D10: 842271 | E10: 860328 | F10: 928182 | G10: 824746 | H10: 968004 | I10: 821784 | J10: 939460 | K10: 808931 | L10: 787114 | M10: 788262 | N10: 846808 | O10: 819335 | P10: 812735 | Q10: 788714 | R10: 741678 | S10: 845516 | T10: 921529 | U10: 815581 | V10: 827585 | W10: 971808 | X10: 812457 | Y10: 811798 | Z10: 778798 | AA10: 806025 | AB10: 0 | AC10: 0 | AD10: 0 | AE10: 0 | AF10: 0 | AG10: 121 | AH10: 0 | AI10: 139 | AJ10: 0 | AK10: 90 | AL10: 0 | AM10: 0 | AN10: 0 | AO10: 0 | AP10: 0 | AQ10: 0 | AR10: 0 | AS10: 0 | AT10: 0 | AU10: 85 | AV10: 0 | AW10: 0 | AX10: 139 | AY10: 0 | AZ10: 15 | BA10: 0 | BB10: 9 | BC10: 0 | BD10: 1 | BE10: 1 | BF10: 0 | BG10: 1 | BH10: 1 | BI10: 0 | BJ10: 1 | BK10: 1 | BL10: 1 | BM10: 1 | BN10: 1 | BO10: 0 | BP10: 1 | BQ10: 1 | BR10: 1 | BS10: 1 | BT10: 1 | BU10: 0 | BV10: 2 | BW10: 1 | BX10: 1 | BY10: 1 | BZ10: 2 | CA10: 1 | CB10: 1 | CC10: 2
A11: 874679 | B11: 783805 | C11: 827157 | D11: 865020 | E11: 806077 | F11: 801671 | G11: 881967 | H11: 794951 | I11: 789605 | J11: 792998 | K11: 815294 | L11: 846277 | M11: 792248 | N11: 752928 | O11: 777811 | P11: 825946 | Q11: 782664 | R11: 786171 | S11: 831471 | T11: 852702 | U11: 770455 | V11: 813366 | W11: 849532 | X11: 786102 | Y11: 774716 | Z11: 785237 | AA11: 789198 | AB11: 28 | AC11: 0 | AD11: 0 | AE11: 48 | AF11: 0 | AG11: 0 | AH11: 108 | AI11: 0 | AJ11: 0 | AK11: 0 | AL11: 0 | AM11: 0 | AN11: 0 | AO11: 0 | AP11: 0 | AQ11: 0 | AR11: 0 | AS11: 0 | AT11: 0 | AU11: 29 | AV11: 0 | AW11: 0 | AX11: 0 | AY11: 0 | AZ11: 0 | BA11: 0 | BB11: 0 | BC11: 0 | BD11: 1 | BE11: 1 | BF11: 0 | BG11: 1 | BH11: 1 | BI11: 0 | BJ11: 1 | BK11: 1 | BL11: 0 | BM11: 1 | BN11: 1 | BO11: 1 | BP11: 1 | BQ11: 1 | BR11: 0 | BS11: 1 | BT11: 2 | BU11: 0 | BV11: 2 | BW11: 1 | BX11: 1 | BY11: 1 | BZ11: 2 | CA11: 0 | CB11: 2 | CC11: 1
A12: 1140980 | B12: 1110720 | C12: 1115900 | D12: 1086300 | E12: 1117940 | F12: 1146120 | G12: 1119060 | H12: 1117360 | I12: 1041360 | J12: 1120210 | K12: 1146180 | L12: 1110010 | M12: 1188560 | N12: 1223880 | O12: 1090030 | P12: 1143180 | Q12: 1118170 | R12: 1090860 | S12: 1187470 | T12: 1066250 | U12: 1074560 | V12: 1083190 | W12: 1028800 | X12: 1069880 | Y12: 1128950 | Z12: 1095240 | AA12: 1079580 | AB12: 0 | AC12: 0 | AD12: 0 | AE12: 0 | AF12: 0 | AG12: 0 | AH12: 3 | AI12: 0 | AJ12: 0 | AK12: 0 | AL12: 0 | AM12: 0 | AN12: 43 | AO12: 116 | AP12: 0 | AQ12: 0 | AR12: 0 | AS12: 0 | AT12: 32 | AU12: 0 | AV12: 0 | AW12: 0 | AX12: 0 | AY12: 0 | AZ12: 0 | BA12: 0 | BB12: 0 | BC12: 1 | BD12: 1 | BE12: 0 | BF12: 1 | BG12: 0 | BH12: 1 | BI12: 1 | BJ12: 1 | BK12: 0 | BL12: 1 | BM12: 1 | BN12: 1 | BO12: 1 | BP12: 1 | BQ12: 1 | BR12: 0 | BS12: 1 | BT12: 1 | BU12: 1 | BV12: 1 | BW12: 2 | BX12: 1 | BY12: 1 | BZ12: 1 | CA12: 1 | CB12: 1 | CC12: 2
A13: 984473 | B13: 995565 | C13: 1115080 | D13: 950335 | E13: 948781 | F13: 946542 | G13: 964745 | H13: 948762 | I13: 924564 | J13: 985953 | K13: 909967 | L13: 947891 | M13: 1075170 | N13: 1004520 | O13: 987426 | P13: 961252 | Q13: 952300 | R13: 933385 | S13: 970121 | T13: 967232 | U13: 945233 | V13: 902721 | W13: 934723 | X13: 899912 | Y13: 958542 | Z13: 892883 | AA13: 918129 | AB13: 0 | AC13: 24 | AD13: 162 | AE13: 0 | AF13: 0 | AG13: 0 | AH13: 0 | AI13: 0 | AJ13: 0 | AK13: 0 | AL13: 0 | AM13: 0 | AN13: 84 | AO13: 0 | AP13: 9 | AQ13: 0 | AR13: 0 | AS13: 0 | AT13: 0 | AU13: 0 | AV13: 0 | AW13: 0 | AX13: 0 | AY13: 0 | AZ13: 0 | BA13: 0 | BB13: 0 | BC13: 0 | BD13: 1 | BE13: 1 | BF13: 1 | BG13: 0 | BH13: 1 | BI13: 1 | BJ13: 0 | BK13: 1 | BL13: 1 | BM13: 1 | BN13: 1 | BO13: 0 | BP13: 1 | BQ13: 1 | BR13: 1 | BS13: 1 | BT13: 1 | BU13: 1 | BV13: 1 | BW13: 2 | BX13: 0 | BY13: 1 | BZ13: 2 | CA13: 1 | CB13: 1 | CC13: 2
... A61: 943467 | B61: 898594 | C61: 874884 | D61: 885201 | E61: 908664 | F61: 939060 | G61: 932585 | H61: 879660 | I61: 869782 | J61: 908580 | K61: 882770 | L61: 889280 | M61: 877989 | N61: 874644 | O61: 896984 | P61: 897192 | Q61: 865314 | R61: 877022 | S61: 885647 | T61: 894752 | U61: 880332 | V61: 900052 | W61: 891205 | X61: 857108 | Y61: 902823 | Z61: 835591 | AA61: 846583 | AB61: 0 | AC61: 0 | AD61: 0 | AE61: 0 | AF61: 0 | AG61: 41 | AH61: 0 | AI61: 0 | AJ61: 0 | AK61: 0 | AL61: 0 | AM61: 0 | AN61: 0 | AO61: 0 | AP61: 0 | AQ61: 0 | AR61: 0 | AS61: 0 | AT61: 0 | AU61: 0 | AV61: 0 | AW61: 0 | AX61: 0 | AY61: 0 | AZ61: 0 | BA61: 0 | BB61: 0 | BC61: 0 | BD61: 1 | BE61: 1 | BF61: 1 | BG61: 0 | BH61: 2 | BI61: 0 | BJ61: 1 | BK61: 1 | BL61: 1 | BM61: 1 | BN61: 1 | BO61: 1 | BP61: 1 | BQ61: 1 | BR61: 1 | BS61: 1 | BT61: 1 | BU61: 1 | BV61: 1 | BW61: 2 | BX61: 1 | BY61: 1 | BZ61: 2 | CA61: 1 | CB61: 2 | CC61: 2

Sheet AVG_80
B1: Avg.obj.1 | C1: Avg.obj.2 | D1: Avg.obj.3 | E1: Avg.obj.4 | F1: Avg.obj.5 | G1: Avg.obj.6 | H1: Avg.obj.7 | I1: Avg.obj.8 | J1: Avg.obj.9 | K1: Avg.obj.10 | L1: Avg.obj.11 | M1: Avg.obj.12 | N1: Avg.obj.13 | O1: Avg.obj.14 | P1: Avg.obj.15 | Q1: Avg.obj.16 | R1: Avg.obj.17 | S1: Avg.obj.18 | T1: Avg.obj.19 | U1: Avg.obj.20 | V1: Avg.obj.21 | W1: Avg.obj.22 | X1: Avg.obj.23 | Y1: Avg.obj.24 | Z1: Avg.obj.25 | AA1: Avg.obj.26 | AB1: Avg.obj.27 | AC1: Avg.over.1 | AD1: Avg.over.2 | AE1: Avg.over.3 | AF1: Avg.over.4 | AG1: Avg.over.5 | AH1: Avg.over.6 | AI1: Avg.over.7 | AJ1: Avg.over.8 | AK1: Avg.over.9 | AL1: Avg.over.10 | AM1: Avg.over.11 | AN1: Avg.over.12 | AO1: Avg.over.13 | AP1: Avg.over.14 | AQ1: Avg.over.15 | AR1: Avg.over.16 | AS1: Avg.over.17 | AT1: Avg.over.18 | AU1: Avg.over.19 | AV1: Avg.over.20 | AW1: Avg.over.21 | AX1: Avg.over.22 | AY1: Avg.over.23 | AZ1: Avg.over.24 | BA1: Avg.over.25 | BB1: Avg.over.26 | BC1: Avg.over.27 | BD1: Avg.time.1 | BE1: Avg.time.2 | BF1: Avg.time.3 | BG1: Avg.time.4 | BH1: Avg.time.5 | BI1: Avg.time.6 | BJ1: Avg.time.7 | BK1: Avg.time.8 | BL1: Avg.time.9 | BM1: Avg.time.10 | BN1: Avg.time.11 | BO1: Avg.time.12 | BP1: Avg.time.13 | BQ1: Avg.time.14 | BR1: Avg.time.15 | BS1: Avg.time.16 | BT1: Avg.time.17 | BU1: Avg.time.18 | BV1: Avg.time.19 | BW1: Avg.time.20 | BX1: Avg.time.21 | BY1: Avg.time.22 | BZ1: Avg.time.23 | CA1: Avg.time.24 | CB1: Avg.time.25 | CC1: Avg.time.26 | CD1: Avg.time.27
B2: =AVERAGE('1_80J'!A2,'2_80J'!A2,'3_80J'!A2,'4_80J'!A2,'5_80J'!A2) -> 932154.2 | C2: =AVERAGE('1_80J'!B2,'2_80J'!B2,'3_80J'!B2,'4_80J'!B2,'5_80J'!B2) -> 894002.8 | D2: =AVERAGE('1_80J'!C2,'2_80J'!C2,'3_80J'!C2,'4_80J'!C2,'5_80J'!C2) -> 925473 | E2: =AVERAGE('1_80J'!D2,'2_80J'!D2,'3_80J'!D2,'4_80J'!D2,'5_80J'!D2) -> 914988.4 | F2: =AVERAGE('1_80J'!E2,'2_80J'!E2,'3_80J'!E2,'4_80J'!E2,'5_80J'!E2) -> 887815.2 | G2: =AVERAGE('1_80J'!F2,'2_80J'!F2,'3_80J'!F2,'4_80J'!F2,'5_80J'!F2) -> 895403.4 | H2: =AVERAGE('1_80J'!G2,'2_80J'!G2,'3_80J'!G2,'4_80J'!G2,'5_80J'!G2) -> 884347.6 | I2: =AVERAGE('1_80J'!H2,'2_80J'!H2,'3_80J'!H2,'4_80J'!H2,'5_80J'!H2) -> 870693.2 | ... CD2: =AVERAGE('1_80J'!CC2,'2_80J'!CC2,'3_80J'!CC2,'4_80J'!CC2,'5_80J'!CC2) -> 1.6
B3: =AVERAGE('1_80J'!A3,'2_80J'!A3,'3_80J'!A3,'4_80J'!A3,'5_80J'!A3) -> 975261.2 | C3: =AVERAGE('1_80J'!B3,'2_80J'!B3,'3_80J'!B3,'4_80J'!B3,'5_80J'!B3) -> 986238.6 | D3: =AVERAGE('1_80J'!C3,'2_80J'!C3,'3_80J'!C3,'4_80J'!C3,'5_80J'!C3) -> 956762 | E3: =AVERAGE('1_80J'!D3,'2_80J'!D3,'3_80J'!D3,'4_80J'!D3,'5_80J'!D3) -> 972931 | F3: =AVERAGE('1_80J'!E3,'2_80J'!E3,'3_80J'!E3,'4_80J'!E3,'5_80J'!E3) -> 960742.4 | G3: =AVERAGE('1_80J'!F3,'2_80J'!F3,'3_80J'!F3,'4_80J'!F3,'5_80J'!F3) -> 948299.8 | H3: =AVERAGE('1_80J'!G3,'2_80J'!G3,'3_80J'!G3,'4_80J'!G3,'5_80J'!G3) -> 995211.8 | I3: =AVERAGE('1_80J'!H3,'2_80J'!H3,'3_80J'!H3,'4_80J'!H3,'5_80J'!H3) -> 953657.2 | ... CD3: =AVERAGE('1_80J'!CC3,'2_80J'!CC3,'3_80J'!CC3,'4_80J'!CC3,'5_80J'!CC3) -> 1
B4: =AVERAGE('1_80J'!A4,'2_80J'!A4,'3_80J'!A4,'4_80J'!A4,'5_80J'!A4) -> 1024205.4 | C4: =AVERAGE('1_80J'!B4,'2_80J'!B4,'3_80J'!B4,'4_80J'!B4,'5_80J'!B4) -> 1008044.8 | D4: =AVERAGE('1_80J'!C4,'2_80J'!C4,'3_80J'!C4,'4_80J'!C4,'5_80J'!C4) -> 977350 | E4: =AVERAGE('1_80J'!D4,'2_80J'!D4,'3_80J'!D4,'4_80J'!D4,'5_80J'!D4) -> 1011922 | F4: =AVERAGE('1_80J'!E4,'2_80J'!E4,'3_80J'!E4,'4_80J'!E4,'5_80J'!E4) -> 977938.6 | G4: =AVERAGE('1_80J'!F4,'2_80J'!F4,'3_80J'!F4,'4_80J'!F4,'5_80J'!F4) -> 978038.6 | H4: =AVERAGE('1_80J'!G4,'2_80J'!G4,'3_80J'!G4,'4_80J'!G4,'5_80J'!G4) -> 960730.6 | I4: =AVERAGE('1_80J'!H4,'2_80J'!H4,'3_80J'!H4,'4_80J'!H4,'5_80J'!H4) -> 968950.6 | ... CD4: =AVERAGE('1_80J'!CC4,'2_80J'!CC4,'3_80J'!CC4,'4_80J'!CC4,'5_80J'!CC4) -> 1.2
B5: =AVERAGE('1_80J'!A5,'2_80J'!A5,'3_80J'!A5,'4_80J'!A5,'5_80J'!A5) -> 978817.4 | C5: =AVERAGE('1_80J'!B5,'2_80J'!B5,'3_80J'!B5,'4_80J'!B5,'5_80J'!B5) -> 973872.8 | D5: =AVERAGE('1_80J'!C5,'2_80J'!C5,'3_80J'!C5,'4_80J'!C5,'5_80J'!C5) -> 916466.8 | E5: =AVERAGE('1_80J'!D5,'2_80J'!D5,'3_80J'!D5,'4_80J'!D5,'5_80J'!D5) -> 981413.4 | F5: =AVERAGE('1_80J'!E5,'2_80J'!E5,'3_80J'!E5,'4_80J'!E5,'5_80J'!E5) -> 954605.6 | G5: =AVERAGE('1_80J'!F5,'2_80J'!F5,'3_80J'!F5,'4_80J'!F5,'5_80J'!F5) -> 947601.2 | H5: =AVERAGE('1_80J'!G5,'2_80J'!G5,'3_80J'!G5,'4_80J'!G5,'5_80J'!G5) -> 954277.2 | I5: =AVERAGE('1_80J'!H5,'2_80J'!H5,'3_80J'!H5,'4_80J'!H5,'5_80J'!H5) -> 918164.2 | ... CD5: =AVERAGE('1_80J'!CC5,'2_80J'!CC5,'3_80J'!CC5,'4_80J'!CC5,'5_80J'!CC5) -> 1.6
B6: =AVERAGE('1_80J'!A6,'2_80J'!A6,'3_80J'!A6,'4_80J'!A6,'5_80J'!A6) -> 943730.8 | C6: =AVERAGE('1_80J'!B6,'2_80J'!B6,'3_80J'!B6,'4_80J'!B6,'5_80J'!B6) -> 943780.6 | D6: =AVERAGE('1_80J'!C6,'2_80J'!C6,'3_80J'!C6,'4_80J'!C6,'5_80J'!C6) -> 918853.6 | E6: =AVERAGE('1_80J'!D6,'2_80J'!D6,'3_80J'!D6,'4_80J'!D6,'5_80J'!D6) -> 946036.4 | F6: =AVERAGE('1_80J'!E6,'2_80J'!E6,'3_80J'!E6,'4_80J'!E6,'5_80J'!E6) -> 957917.4 | G6: =AVERAGE('1_80J'!F6,'2_80J'!F6,'3_80J'!F6,'4_80J'!F6,'5_80J'!F6) -> 896210.6 | H6: =AVERAGE('1_80J'!G6,'2_80J'!G6,'3_80J'!G6,'4_80J'!G6,'5_80J'!G6) -> 944558.8 | I6: =AVERAGE('1_80J'!H6,'2_80J'!H6,'3_80J'!H6,'4_80J'!H6,'5_80J'!H6) -> 902489 | ... CD6: =AVERAGE('1_80J'!CC6,'2_80J'!CC6,'3_80J'!CC6,'4_80J'!CC6,'5_80J'!CC6) -> 1.8
B7: =AVERAGE('1_80J'!A7,'2_80J'!A7,'3_80J'!A7,'4_80J'!A7,'5_80J'!A7) -> 1044060 | C7: =AVERAGE('1_80J'!B7,'2_80J'!B7,'3_80J'!B7,'4_80J'!B7,'5_80J'!B7) -> 1030290.8 | D7: =AVERAGE('1_80J'!C7,'2_80J'!C7,'3_80J'!C7,'4_80J'!C7,'5_80J'!C7) -> 1018217.8 | E7: =AVERAGE('1_80J'!D7,'2_80J'!D7,'3_80J'!D7,'4_80J'!D7,'5_80J'!D7) -> 1028169.8 | F7: =AVERAGE('1_80J'!E7,'2_80J'!E7,'3_80J'!E7,'4_80J'!E7,'5_80J'!E7) -> 1008081.8 | G7: =AVERAGE('1_80J'!F7,'2_80J'!F7,'3_80J'!F7,'4_80J'!F7,'5_80J'!F7) -> 1028156.4 | H7: =AVERAGE('1_80J'!G7,'2_80J'!G7,'3_80J'!G7,'4_80J'!G7,'5_80J'!G7) -> 1008828.6 | I7: =AVERAGE('1_80J'!H7,'2_80J'!H7,'3_80J'!H7,'4_80J'!H7,'5_80J'!H7) -> 992418 | ... CD7: =AVERAGE('1_80J'!CC7,'2_80J'!CC7,'3_80J'!CC7,'4_80J'!CC7,'5_80J'!CC7) -> 1.4
B8: =AVERAGE('1_80J'!A8,'2_80J'!A8,'3_80J'!A8,'4_80J'!A8,'5_80J'!A8) -> 1049510 | C8: =AVERAGE('1_80J'!B8,'2_80J'!B8,'3_80J'!B8,'4_80J'!B8,'5_80J'!B8) -> 1010052.2 | D8: =AVERAGE('1_80J'!C8,'2_80J'!C8,'3_80J'!C8,'4_80J'!C8,'5_80J'!C8) -> 997804.2 | E8: =AVERAGE('1_80J'!D8,'2_80J'!D8,'3_80J'!D8,'4_80J'!D8,'5_80J'!D8) -> 1038658 | F8: =AVERAGE('1_80J'!E8,'2_80J'!E8,'3_80J'!E8,'4_80J'!E8,'5_80J'!E8) -> 1021951.2 | G8: =AVERAGE('1_80J'!F8,'2_80J'!F8,'3_80J'!F8,'4_80J'!F8,'5_80J'!F8) -> 982305 | H8: =AVERAGE('1_80J'!G8,'2_80J'!G8,'3_80J'!G8,'4_80J'!G8,'5_80J'!G8) -> 993562.8 | I8: =AVERAGE('1_80J'!H8,'2_80J'!H8,'3_80J'!H8,'4_80J'!H8,'5_80J'!H8) -> 1026709 | ... CD8: =AVERAGE('1_80J'!CC8,'2_80J'!CC8,'3_80J'!CC8,'4_80J'!CC8,'5_80J'!CC8) -> 1.4
B9: =AVERAGE('1_80J'!A9,'2_80J'!A9,'3_80J'!A9,'4_80J'!A9,'5_80J'!A9) -> 904267.8 | C9: =AVERAGE('1_80J'!B9,'2_80J'!B9,'3_80J'!B9,'4_80J'!B9,'5_80J'!B9) -> 892722.2 | D9: =AVERAGE('1_80J'!C9,'2_80J'!C9,'3_80J'!C9,'4_80J'!C9,'5_80J'!C9) -> 879275.6 | E9: =AVERAGE('1_80J'!D9,'2_80J'!D9,'3_80J'!D9,'4_80J'!D9,'5_80J'!D9) -> 892984.2 | F9: =AVERAGE('1_80J'!E9,'2_80J'!E9,'3_80J'!E9,'4_80J'!E9,'5_80J'!E9) -> 905393.2 | G9: =AVERAGE('1_80J'!F9,'2_80J'!F9,'3_80J'!F9,'4_80J'!F9,'5_80J'!F9) -> 869276.4 | H9: =AVERAGE('1_80J'!G9,'2_80J'!G9,'3_80J'!G9,'4_80J'!G9,'5_80J'!G9) -> 886580.6 | I9: =AVERAGE('1_80J'!H9,'2_80J'!H9,'3_80J'!H9,'4_80J'!H9,'5_80J'!H9) -> 863458.2 | ... CD9: =AVERAGE('1_80J'!CC9,'2_80J'!CC9,'3_80J'!CC9,'4_80J'!CC9,'5_80J'!CC9) -> 1.4
B10: =AVERAGE('1_80J'!A10,'2_80J'!A10,'3_80J'!A10,'4_80J'!A10,'5_80J'!A10) -> 884934 | C10: =AVERAGE('1_80J'!B10,'2_80J'!B10,'3_80J'!B10,'4_80J'!B10,'5_80J'!B10) -> 826455.4 | D10: =AVERAGE('1_80J'!C10,'2_80J'!C10,'3_80J'!C10,'4_80J'!C10,'5_80J'!C10) -> 858143.2 | E10: =AVERAGE('1_80J'!D10,'2_80J'!D10,'3_80J'!D10,'4_80J'!D10,'5_80J'!D10) -> 840786.8 | F10: =AVERAGE('1_80J'!E10,'2_80J'!E10,'3_80J'!E10,'4_80J'!E10,'5_80J'!E10) -> 836798.4 | G10: =AVERAGE('1_80J'!F10,'2_80J'!F10,'3_80J'!F10,'4_80J'!F10,'5_80J'!F10) -> 835443.8 | H10: =AVERAGE('1_80J'!G10,'2_80J'!G10,'3_80J'!G10,'4_80J'!G10,'5_80J'!G10) -> 846739 | I10: =AVERAGE('1_80J'!H10,'2_80J'!H10,'3_80J'!H10,'4_80J'!H10,'5_80J'!H10) -> 836257.4 | ... CD10: =AVERAGE('1_80J'!CC10,'2_80J'!CC10,'3_80J'!CC10,'4_80J'!CC10,'5_80J'!CC10) -> 1.8
B11: =AVERAGE('1_80J'!A11,'2_80J'!A11,'3_80J'!A11,'4_80J'!A11,'5_80J'!A11) -> 854227.2 | C11: =AVERAGE('1_80J'!B11,'2_80J'!B11,'3_80J'!B11,'4_80J'!B11,'5_80J'!B11) -> 827265 | D11: =AVERAGE('1_80J'!C11,'2_80J'!C11,'3_80J'!C11,'4_80J'!C11,'5_80J'!C11) -> 803190.4 | E11: =AVERAGE('1_80J'!D11,'2_80J'!D11,'3_80J'!D11,'4_80J'!D11,'5_80J'!D11) -> 827664.8 | F11: =AVERAGE('1_80J'!E11,'2_80J'!E11,'3_80J'!E11,'4_80J'!E11,'5_80J'!E11) -> 808228.8 | G11: =AVERAGE('1_80J'!F11,'2_80J'!F11,'3_80J'!F11,'4_80J'!F11,'5_80J'!F11) -> 817179.2 | H11: =AVERAGE('1_80J'!G11,'2_80J'!G11,'3_80J'!G11,'4_80J'!G11,'5_80J'!G11) -> 823337.4 | I11: =AVERAGE('1_80J'!H11,'2_80J'!H11,'3_80J'!H11,'4_80J'!H11,'5_80J'!H11) -> 800718 | ... CD11: =AVERAGE('1_80J'!CC11,'2_80J'!CC11,'3_80J'!CC11,'4_80J'!CC11,'5_80J'!CC11) -> 1.6
B12: =AVERAGE('1_80J'!A12,'2_80J'!A12,'3_80J'!A12,'4_80J'!A12,'5_80J'!A12) -> 1126074 | C12: =AVERAGE('1_80J'!B12,'2_80J'!B12,'3_80J'!B12,'4_80J'!B12,'5_80J'!B12) -> 1126126 | D12: =AVERAGE('1_80J'!C12,'2_80J'!C12,'3_80J'!C12,'4_80J'!C12,'5_80J'!C12) -> 1095286 | E12: =AVERAGE('1_80J'!D12,'2_80J'!D12,'3_80J'!D12,'4_80J'!D12,'5_80J'!D12) -> 1105092 | F12: =AVERAGE('1_80J'!E12,'2_80J'!E12,'3_80J'!E12,'4_80J'!E12,'5_80J'!E12) -> 1118614 | G12: =AVERAGE('1_80J'!F12,'2_80J'!F12,'3_80J'!F12,'4_80J'!F12,'5_80J'!F12) -> 1114412 | H12: =AVERAGE('1_80J'!G12,'2_80J'!G12,'3_80J'!G12,'4_80J'!G12,'5_80J'!G12) -> 1118072 | I12: =AVERAGE('1_80J'!H12,'2_80J'!H12,'3_80J'!H12,'4_80J'!H12,'5_80J'!H12) -> 1104696 | ... CD12: =AVERAGE('1_80J'!CC12,'2_80J'!CC12,'3_80J'!CC12,'4_80J'!CC12,'5_80J'!CC12) -> 1.8
B13: =AVERAGE('1_80J'!A13,'2_80J'!A13,'3_80J'!A13,'4_80J'!A13,'5_80J'!A13) -> 978426 | C13: =AVERAGE('1_80J'!B13,'2_80J'!B13,'3_80J'!B13,'4_80J'!B13,'5_80J'!B13) -> 972607 | D13: =AVERAGE('1_80J'!C13,'2_80J'!C13,'3_80J'!C13,'4_80J'!C13,'5_80J'!C13) -> 979709.8 | E13: =AVERAGE('1_80J'!D13,'2_80J'!D13,'3_80J'!D13,'4_80J'!D13,'5_80J'!D13) -> 974462.4 | F13: =AVERAGE('1_80J'!E13,'2_80J'!E13,'3_80J'!E13,'4_80J'!E13,'5_80J'!E13) -> 947660.4 | G13: =AVERAGE('1_80J'!F13,'2_80J'!F13,'3_80J'!F13,'4_80J'!F13,'5_80J'!F13) -> 946814.6 | H13: =AVERAGE('1_80J'!G13,'2_80J'!G13,'3_80J'!G13,'4_80J'!G13,'5_80J'!G13) -> 951403.6 | I13: =AVERAGE('1_80J'!H13,'2_80J'!H13,'3_80J'!H13,'4_80J'!H13,'5_80J'!H13) -> 943481.2 | ... CD13: =AVERAGE('1_80J'!CC13,'2_80J'!CC13,'3_80J'!CC13,'4_80J'!CC13,'5_80J'!CC13) -> 1.8
... B61: =AVERAGE('1_80J'!A61,'2_80J'!A61,'3_80J'!A61,'4_80J'!A61,'5_80J'!A61) -> 918693.8 | C61: =AVERAGE('1_80J'!B61,'2_80J'!B61,'3_80J'!B61,'4_80J'!B61,'5_80J'!B61) -> 896429.2 | D61: =AVERAGE('1_80J'!C61,'2_80J'!C61,'3_80J'!C61,'4_80J'!C61,'5_80J'!C61) -> 881610.8 | E61: =AVERAGE('1_80J'!D61,'2_80J'!D61,'3_80J'!D61,'4_80J'!D61,'5_80J'!D61) -> 900893.8 | F61: =AVERAGE('1_80J'!E61,'2_80J'!E61,'3_80J'!E61,'4_80J'!E61,'5_80J'!E61) -> 893124 | G61: =AVERAGE('1_80J'!F61,'2_80J'!F61,'3_80J'!F61,'4_80J'!F61,'5_80J'!F61) -> 886730.6 | H61: =AVERAGE('1_80J'!G61,'2_80J'!G61,'3_80J'!G61,'4_80J'!G61,'5_80J'!G61) -> 902346.6 | I61: =AVERAGE('1_80J'!H61,'2_80J'!H61,'3_80J'!H61,'4_80J'!H61,'5_80J'!H61) -> 874903.4 | ... CD61: =AVERAGE('1_80J'!CC61,'2_80J'!CC61,'3_80J'!CC61,'4_80J'!CC61,'5_80J'!CC61) -> 2

Sheet RPD_80
A1: Minimum | B1: 40_500_0.2 | C1: 40_800_0.2 | D1: 40_1000_0.2 | E1: 40_500_0.3 | F1: 40_800_0.3 | G1: 40_1000_0.3 | H1: 40_500_0.5 | I1: 40_800_0.5 | J1: 40_1000_0.5 | K1: 50_500_0.2 | L1: 50_800_0.2 | M1: 50_1000_0.2 | N1: 50_500_0.3 | O1: 50_800_0.3 | P1: 50_1000_0.3 | Q1: 50_500_0.5 | R1: 50_800_0.5 | S1: 50_1000_0.5 | T1: 70_500_0.2 | U1: 70_800_0.2 | V1: 70_1000_0.2 | W1: 70_500_0.3 | X1: 70_800_0.3 | Y1: 70_1000_0.3 | Z1: 70_500_0.5 | AA1: 70_800_0.5 | AB1: 70_1000_0.5
A2: =MIN(AVG_80!B2:AB2) -> 851579.4 | B2: =(100* (AVG_80!B2 - A2)/A2) -> 9.4618071 | C2: =(100* (AVG_80!C2 - A2)/A2) -> 4.9817316 | D2: =(100* (AVG_80!D2 - A2)/A2) -> 8.6772414 | E2: =(100* (AVG_80!E2 - A2)/A2) -> 7.4460467 | F2: =(100* (AVG_80!F2 - A2)/A2) -> 4.2551288 | G2: =(100* (AVG_80!G2 - A2)/A2) -> 5.1462025 | H2: =(100* (AVG_80!H2 - A2)/A2) -> 3.8479324 | I2: =(100* (AVG_80!I2 - A2)/A2) -> 2.2445118 | J2: =(100* (AVG_80!J2 - A2)/A2) -> 2.6766735 | K2: =(100* (AVG_80!K2 - A2)/A2) -> 9.8453297 | L2: =(100* (AVG_80!L2 - A2)/A2) -> 6.8733227 | M2: =(100* (AVG_80!M2 - A2)/A2) -> 3.2842269 | N2: =(100* (AVG_80!N2 - A2)/A2) -> 6.4358532 | O2: =(100* (AVG_80!O2 - A2)/A2) -> 0.80488091 | P2: =(100* (AVG_80!P2 - A2)/A2) -> 2.8465696 | Q2: =(100* (AVG_80!Q2 - A2)/A2) -> 4.9009405 | R2: =(100* (AVG_80!R2 - A2)/A2) -> 2.1702498 | S2: =(100* (AVG_80!S2 - A2)/A2) -> 0.84126037 | T2: =(100* (AVG_80!T2 - A2)/A2) -> 8.1755853 | U2: =(100* (AVG_80!U2 - A2)/A2) -> 3.0237462 | V2: =(100* (AVG_80!V2 - A2)/A2) -> 2.3054574 | W2: =(100* (AVG_80!W2 - A2)/A2) -> 3.1842715 | X2: =(100* (AVG_80!X2 - A2)/A2) -> 3.607626 | Y2: =(100* (AVG_80!Y2 - A2)/A2) -> 0.73355462 | Z2: =(100* (AVG_80!Z2 - A2)/A2) -> 3.5577422 | AA2: =(100* (AVG_80!AA2 - A2)/A2) -> 2.2414117 | AB2: =(100* (AVG_80!AB2 - A2)/A2) -> 0
A3: =MIN(AVG_80!B3:AB3) -> 924313.8 | B3: =(100* (AVG_80!B3 - A3)/A3) -> 5.511916 | C3: =(100* (AVG_80!C3 - A3)/A3) -> 6.6995429 | D3: =(100* (AVG_80!D3 - A3)/A3) -> 3.5105177 | E3: =(100* (AVG_80!E3 - A3)/A3) -> 5.2598154 | F3: =(100* (AVG_80!F3 - A3)/A3) -> 3.9411507 | G3: =(100* (AVG_80!G3 - A3)/A3) -> 2.5950062 | H3: =(100* (AVG_80!H3 - A3)/A3) -> 7.6703388 | I3: =(100* (AVG_80!I3 - A3)/A3) -> 3.1746145 | J3: =(100* (AVG_80!J3 - A3)/A3) -> 1.5502744 | K3: =(100* (AVG_80!K3 - A3)/A3) -> 3.7900765 | L3: =(100* (AVG_80!L3 - A3)/A3) -> 6.8191993 | M3: =(100* (AVG_80!M3 - A3)/A3) -> 0.21533812 | N3: =(100* (AVG_80!N3 - A3)/A3) -> 6.5088069 | O3: =(100* (AVG_80!O3 - A3)/A3) -> 2.7542378 | P3: =(100* (AVG_80!P3 - A3)/A3) -> 2.2199171 | Q3: =(100* (AVG_80!Q3 - A3)/A3) -> 4.7582758 | R3: =(100* (AVG_80!R3 - A3)/A3) -> 2.1656498 | S3: =(100* (AVG_80!S3 - A3)/A3) -> 0.96006356 | T3: =(100* (AVG_80!T3 - A3)/A3) -> 4.8448481 | U3: =(100* (AVG_80!U3 - A3)/A3) -> 4.951457 | V3: =(100* (AVG_80!V3 - A3)/A3) -> 4.3382886 | W3: =(100* (AVG_80!W3 - A3)/A3) -> 6.0386635 | X3: =(100* (AVG_80!X3 - A3)/A3) -> 0.015189647 | Y3: =(100* (AVG_80!Y3 - A3)/A3) -> 3.02129 | Z3: =(100* (AVG_80!Z3 - A3)/A3) -> 0.15232922 | AA3: =(100* (AVG_80!AA3 - A3)/A3) -> 0.41057485 | AB3: =(100* (AVG_80!AB3 - A3)/A3) -> 0
A4: =MIN(AVG_80!B4:AB4) -> 917244.2 | B4: =(100* (AVG_80!B4 - A4)/A4) -> 11.661148 | C4: =(100* (AVG_80!C4 - A4)/A4) -> 9.8992831 | D4: =(100* (AVG_80!D4 - A4)/A4) -> 6.5528678 | E4: =(100* (AVG_80!E4 - A4)/A4) -> 10.321984 | F4: =(100* (AVG_80!F4 - A4)/A4) -> 6.6170383 | G4: =(100* (AVG_80!G4 - A4)/A4) -> 6.6279405 | H4: =(100* (AVG_80!H4 - A4)/A4) -> 4.7409839 | I4: =(100* (AVG_80!I4 - A4)/A4) -> 5.6371466 | J4: =(100* (AVG_80!J4 - A4)/A4) -> 4.6384594 | K4: =(100* (AVG_80!K4 - A4)/A4) -> 8.0078348 | L4: =(100* (AVG_80!L4 - A4)/A4) -> 7.9297749 | M4: =(100* (AVG_80!M4 - A4)/A4) -> 7.9027155 | N4: =(100* (AVG_80!N4 - A4)/A4) -> 6.5724918 | O4: =(100* (AVG_80!O4 - A4)/A4) -> 4.3121559 | P4: =(100* (AVG_80!P4 - A4)/A4) -> 6.0939933 | Q4: =(100* (AVG_80!Q4 - A4)/A4) -> 6.342564 | R4: =(100* (AVG_80!R4 - A4)/A4) -> 3.767023 | S4: =(100* (AVG_80!S4 - A4)/A4) -> 4.4887937 | T4: =(100* (AVG_80!T4 - A4)/A4) -> 7.646993 | U4: =(100* (AVG_80!U4 - A4)/A4) -> 4.9089436 | V4: =(100* (AVG_80!V4 - A4)/A4) -> 5.6730149 | W4: =(100* (AVG_80!W4 - A4)/A4) -> 5.8069378 | X4: =(100* (AVG_80!X4 - A4)/A4) -> 4.9539697 | Y4: =(100* (AVG_80!Y4 - A4)/A4) -> 1.799608 | Z4: =(100* (AVG_80!Z4 - A4)/A4) -> 6.9836582 | AA4: =(100* (AVG_80!AA4 - A4)/A4) -> 6.5224506 | AB4: =(100* (AVG_80!AB4 - A4)/A4) -> 0
A5: =MIN(AVG_80!B5:AB5) -> 900804.6 | B5: =(100* (AVG_80!B5 - A5)/A5) -> 8.6603465 | C5: =(100* (AVG_80!C5 - A5)/A5) -> 8.1114373 | D5: =(100* (AVG_80!D5 - A5)/A5) -> 1.7386901 | E5: =(100* (AVG_80!E5 - A5)/A5) -> 8.9485333 | F5: =(100* (AVG_80!F5 - A5)/A5) -> 5.9725494 | G5: =(100* (AVG_80!G5 - A5)/A5) -> 5.1949779 | H5: =(100* (AVG_80!H5 - A5)/A5) -> 5.9360931 | I5: =(100* (AVG_80!I5 - A5)/A5) -> 1.9271216 | J5: =(100* (AVG_80!J5 - A5)/A5) -> 2.3695483 | K5: =(100* (AVG_80!K5 - A5)/A5) -> 6.7664175 | L5: =(100* (AVG_80!L5 - A5)/A5) -> 5.5955753 | M5: =(100* (AVG_80!M5 - A5)/A5) -> 10.781317 | N5: =(100* (AVG_80!N5 - A5)/A5) -> 6.0859814 | O5: =(100* (AVG_80!O5 - A5)/A5) -> 0.024933265 | P5: =(100* (AVG_80!P5 - A5)/A5) -> 5.0268837 | Q5: =(100* (AVG_80!Q5 - A5)/A5) -> 5.7375373 | R5: =(100* (AVG_80!R5 - A5)/A5) -> 2.90336 | S5: =(100* (AVG_80!S5 - A5)/A5) -> 0 | T5: =(100* (AVG_80!T5 - A5)/A5) -> 7.2044481 | U5: =(100* (AVG_80!U5 - A5)/A5) -> 6.3822942 | V5: =(100* (AVG_80!V5 - A5)/A5) -> 4.7679819 | W5: =(100* (AVG_80!W5 - A5)/A5) -> 5.1424471 | X5: =(100* (AVG_80!X5 - A5)/A5) -> 2.8804693 | Y5: =(100* (AVG_80!Y5 - A5)/A5) -> 1.1322766 | Z5: =(100* (AVG_80!Z5 - A5)/A5) -> 2.2588029 | AA5: =(100* (AVG_80!AA5 - A5)/A5) -> 1.5637798 | AB5: =(100* (AVG_80!AB5 - A5)/A5) -> 2.1079599
A6: =MIN(AVG_80!B6:AB6) -> 880458.2 | B6: =(100* (AVG_80!B6 - A6)/A6) -> 7.1863264 | C6: =(100* (AVG_80!C6 - A6)/A6) -> 7.1919825 | D6: =(100* (AVG_80!D6 - A6)/A6) -> 4.360843 | E6: =(100* (AVG_80!E6 - A6)/A6) -> 7.44819 | F6: =(100* (AVG_80!F6 - A6)/A6) -> 8.7976011 | G6: =(100* (AVG_80!G6 - A6)/A6) -> 1.7891139 | H6: =(100* (AVG_80!H6 - A6)/A6) -> 7.2803683 | I6: =(100* (AVG_80!I6 - A6)/A6) -> 2.5021972 | J6: =(100* (AVG_80!J6 - A6)/A6) -> 4.0401009 | K6: =(100* (AVG_80!K6 - A6)/A6) -> 5.3066914 | L6: =(100* (AVG_80!L6 - A6)/A6) -> 3.0819635 | M6: =(100* (AVG_80!M6 - A6)/A6) -> 3.2031049 | N6: =(100* (AVG_80!N6 - A6)/A6) -> 4.7137729 | O6: =(100* (AVG_80!O6 - A6)/A6) -> 3.2872429 | P6: =(100* (AVG_80!P6 - A6)/A6) -> 7.1810791 | Q6: =(100* (AVG_80!Q6 - A6)/A6) -> 2.5165079 | R6: =(100* (AVG_80!R6 - A6)/A6) -> 3.1194212 | S6: =(100* (AVG_80!S6 - A6)/A6) -> 1.6805568 | T6: =(100* (AVG_80!T6 - A6)/A6) -> 4.7592719 | U6: =(100* (AVG_80!U6 - A6)/A6) -> 1.9075295 | V6: =(100* (AVG_80!V6 - A6)/A6) -> 0 | W6: =(100* (AVG_80!W6 - A6)/A6) -> 1.2840814 | X6: =(100* (AVG_80!X6 - A6)/A6) -> 2.1108555 | Y6: =(100* (AVG_80!Y6 - A6)/A6) -> 2.5234588 | Z6: =(100* (AVG_80!Z6 - A6)/A6) -> 0.014537885 | AA6: =(100* (AVG_80!AA6 - A6)/A6) -> 1.4888157 | AB6: =(100* (AVG_80!AB6 - A6)/A6) -> 0.64602726
A7: =MIN(AVG_80!B7:AB7) -> 946907 | B7: =(100* (AVG_80!B7 - A7)/A7) -> 10.260036 | C7: =(100* (AVG_80!C7 - A7)/A7) -> 8.8059123 | D7: =(100* (AVG_80!D7 - A7)/A7) -> 7.5309191 | E7: =(100* (AVG_80!E7 - A7)/A7) -> 8.5819199 | F7: =(100* (AVG_80!F7 - A7)/A7) -> 6.4604866 | G7: =(100* (AVG_80!G7 - A7)/A7) -> 8.5805047 | H7: =(100* (AVG_80!H7 - A7)/A7) -> 6.5393539 | I7: =(100* (AVG_80!I7 - A7)/A7) -> 4.8062798 | J7: =(100* (AVG_80!J7 - A7)/A7) -> 2.8584011 | K7: =(100* (AVG_80!K7 - A7)/A7) -> 7.6851053 | L7: =(100* (AVG_80!L7 - A7)/A7) -> 6.2054669 | M7: =(100* (AVG_80!M7 - A7)/A7) -> 5.1036057 | N7: =(100* (AVG_80!N7 - A7)/A7) -> 8.8476482 | O7: =(100* (AVG_80!O7 - A7)/A7) -> 6.1983912 | P7: =(100* (AVG_80!P7 - A7)/A7) -> 2.8633013 | Q7: =(100* (AVG_80!Q7 - A7)/A7) -> 6.9243759 | R7: =(100* (AVG_80!R7 - A7)/A7) -> 3.2598555 | S7: =(100* (AVG_80!S7 - A7)/A7) -> 3.235059 | T7: =(100* (AVG_80!T7 - A7)/A7) -> 7.0524983 | U7: =(100* (AVG_80!U7 - A7)/A7) -> 5.1760521 | V7: =(100* (AVG_80!V7 - A7)/A7) -> 5.7966622 | W7: =(100* (AVG_80!W7 - A7)/A7) -> 7.0731973 | X7: =(100* (AVG_80!X7 - A7)/A7) -> 4.2756047 | Y7: =(100* (AVG_80!Y7 - A7)/A7) -> 5.279209 | Z7: =(100* (AVG_80!Z7 - A7)/A7) -> 5.681973 | AA7: =(100* (AVG_80!AA7 - A7)/A7) -> 0.98387698 | AB7: =(100* (AVG_80!AB7 - A7)/A7) -> 0
A8: =MIN(AVG_80!B8:AB8) -> 963847.4 | B8: =(100* (AVG_80!B8 - A8)/A8) -> 8.8875687 | C8: =(100* (AVG_80!C8 - A8)/A8) -> 4.7937879 | D8: =(100* (AVG_80!D8 - A8)/A8) -> 3.5230473 | E8: =(100* (AVG_80!E8 - A8)/A8) -> 7.7616643 | F8: =(100* (AVG_80!F8 - A8)/A8) -> 6.0283194 | G8: =(100* (AVG_80!G8 - A8)/A8) -> 1.9149919 | H8: =(100* (AVG_80!H8 - A8)/A8) -> 3.0829984 | I8: =(100* (AVG_80!I8 - A8)/A8) -> 6.5219453 | J8: =(100* (AVG_80!J8 - A8)/A8) -> 2.9344479 | K8: =(100* (AVG_80!K8 - A8)/A8) -> 7.599398 | L8: =(100* (AVG_80!L8 - A8)/A8) -> 9.195605 | M8: =(100* (AVG_80!M8 - A8)/A8) -> 5.4048597 | N8: =(100* (AVG_80!N8 - A8)/A8) -> 7.24374 | O8: =(100* (AVG_80!O8 - A8)/A8) -> 1.1360305 | P8: =(100* (AVG_80!P8 - A8)/A8) -> 2.1079685 | Q8: =(100* (AVG_80!Q8 - A8)/A8) -> 3.1497102 | R8: =(100* (AVG_80!R8 - A8)/A8) -> 1.7209571 | S8: =(100* (AVG_80!S8 - A8)/A8) -> 0.18621205 | T8: =(100* (AVG_80!T8 - A8)/A8) -> 6.04023 | U8: =(100* (AVG_80!U8 - A8)/A8) -> 3.9063238 | V8: =(100* (AVG_80!V8 - A8)/A8) -> 2.8601831 | W8: =(100* (AVG_80!W8 - A8)/A8) -> 5.0394699 | X8: =(100* (AVG_80!X8 - A8)/A8) -> 3.6632147 | Y8: =(100* (AVG_80!Y8 - A8)/A8) -> 2.3900256 | Z8: =(100* (AVG_80!Z8 - A8)/A8) -> 1.8989313 | AA8: =(100* (AVG_80!AA8 - A8)/A8) -> 1.0203897 | AB8: =(100* (AVG_80!AB8 - A8)/A8) -> 0
A9: =MIN(AVG_80!B9:AB9) -> 820107.6 | B9: =(100* (AVG_80!B9 - A9)/A9) -> 10.262092 | C9: =(100* (AVG_80!C9 - A9)/A9) -> 8.8542772 | D9: =(100* (AVG_80!D9 - A9)/A9) -> 7.2146631 | E9: =(100* (AVG_80!E9 - A9)/A9) -> 8.8862242 | F9: =(100* (AVG_80!F9 - A9)/A9) -> 10.399318 | G9: =(100* (AVG_80!G9 - A9)/A9) -> 5.9954084 | H9: =(100* (AVG_80!H9 - A9)/A9) -> 8.1053998 | I9: =(100* (AVG_80!I9 - A9)/A9) -> 5.2859649 | J9: =(100* (AVG_80!J9 - A9)/A9) -> 3.5145144 | K9: =(100* (AVG_80!K9 - A9)/A9) -> 12.869067 | L9: =(100* (AVG_80!L9 - A9)/A9) -> 5.001173 | M9: =(100* (AVG_80!M9 - A9)/A9) -> 6.0169909 | N9: =(100* (AVG_80!N9 - A9)/A9) -> 3.7267305 | O9: =(100* (AVG_80!O9 - A9)/A9) -> 7.5528626 | P9: =(100* (AVG_80!P9 - A9)/A9) -> 3.1896302 | Q9: =(100* (AVG_80!Q9 - A9)/A9) -> 3.5129049 | R9: =(100* (AVG_80!R9 - A9)/A9) -> 3.8024279 | S9: =(100* (AVG_80!S9 - A9)/A9) -> 3.9898911 | T9: =(100* (AVG_80!T9 - A9)/A9) -> 8.0912066 | U9: =(100* (AVG_80!U9 - A9)/A9) -> 5.7587078 | V9: =(100* (AVG_80!V9 - A9)/A9) -> 3.4197952 | W9: =(100* (AVG_80!W9 - A9)/A9) -> 3.9838675 | X9: =(100* (AVG_80!X9 - A9)/A9) -> 2.699475 | Y9: =(100* (AVG_80!Y9 - A9)/A9) -> 0.85905801 | Z9: =(100* (AVG_80!Z9 - A9)/A9) -> 1.5568445 | AA9: =(100* (AVG_80!AA9 - A9)/A9) -> 0 | AB9: =(100* (AVG_80!AB9 - A9)/A9) -> 1.4803179
A10: =MIN(AVG_80!B10:AB10) -> 778827 | B10: =(100* (AVG_80!B10 - A10)/A10) -> 13.62395 | C10: =(100* (AVG_80!C10 - A10)/A10) -> 6.1154018 | D10: =(100* (AVG_80!D10 - A10)/A10) -> 10.184059 | E10: =(100* (AVG_80!E10 - A10)/A10) -> 7.955528 | F10: =(100* (AVG_80!F10 - A10)/A10) -> 7.4434245 | G10: =(100* (AVG_80!G10 - A10)/A10) -> 7.2694963 | H10: =(100* (AVG_80!H10 - A10)/A10) -> 8.7197799 | I10: =(100* (AVG_80!I10 - A10)/A10) -> 7.3739611 | J10: =(100* (AVG_80!J10 - A10)/A10) -> 3.8390554 | K10: =(100* (AVG_80!K10 - A10)/A10) -> 9.2112626 | L10: =(100* (AVG_80!L10 - A10)/A10) -> 4.7072585 | M10: =(100* (AVG_80!M10 - A10)/A10) -> 5.6129538 | N10: =(100* (AVG_80!N10 - A10)/A10) -> 8.183024 | O10: =(100* (AVG_80!O10 - A10)/A10) -> 7.6662982 | P10: =(100* (AVG_80!P10 - A10)/A10) -> 5.0420697 | Q10: =(100* (AVG_80!Q10 - A10)/A10) -> 3.9366894 | R10: =(100* (AVG_80!R10 - A10)/A10) -> 5.8043956 | S10: =(100* (AVG_80!S10 - A10)/A10) -> 2.7622309 | T10: =(100* (AVG_80!T10 - A10)/A10) -> 9.7514596 | U10: =(100* (AVG_80!U10 - A10)/A10) -> 6.5975114 | V10: =(100* (AVG_80!V10 - A10)/A10) -> 5.7405817 | W10: =(100* (AVG_80!W10 - A10)/A10) -> 8.6098967 | X10: =(100* (AVG_80!X10 - A10)/A10) -> 10.479503 | Y10: =(100* (AVG_80!Y10 - A10)/A10) -> 3.2509916 | Z10: =(100* (AVG_80!Z10 - A10)/A10) -> 4.4977639 | AA10: =(100* (AVG_80!AA10 - A10)/A10) -> 0.21365464 | AB10: =(100* (AVG_80!AB10 - A10)/A10) -> 0
A11: =MIN(AVG_80!B11:AB11) -> 781730.2 | B11: =(100* (AVG_80!B11 - A11)/A11) -> 9.2739157 | C11: =(100* (AVG_80!C11 - A11)/A11) -> 5.8248741 | D11: =(100* (AVG_80!D11 - A11)/A11) -> 2.7452182 | E11: =(100* (AVG_80!E11 - A11)/A11) -> 5.8760171 | F11: =(100* (AVG_80!F11 - A11)/A11) -> 3.3897373 | G11: =(100* (AVG_80!G11 - A11)/A11) -> 4.5346847 | H11: =(100* (AVG_80!H11 - A11)/A11) -> 5.3224501 | I11: =(100* (AVG_80!I11 - A11)/A11) -> 2.4289454 | J11: =(100* (AVG_80!J11 - A11)/A11) -> 7.8773214 | K11: =(100* (AVG_80!K11 - A11)/A11) -> 8.5084598 | L11: =(100* (AVG_80!L11 - A11)/A11) -> 9.0363146 | M11: =(100* (AVG_80!M11 - A11)/A11) -> 5.6952642 | N11: =(100* (AVG_80!N11 - A11)/A11) -> 6.0430824 | O11: =(100* (AVG_80!O11 - A11)/A11) -> 3.4338446 | P11: =(100* (AVG_80!P11 - A11)/A11) -> 4.9469497 | Q11: =(100* (AVG_80!Q11 - A11)/A11) -> 3.4994426 | R11: =(100* (AVG_80!R11 - A11)/A11) -> 3.9520796 | S11: =(100* (AVG_80!S11 - A11)/A11) -> 1.8793185 | T11: =(100* (AVG_80!T11 - A11)/A11) -> 7.3626169 | U11: =(100* (AVG_80!U11 - A11)/A11) -> 8.7113943 | V11: =(100* (AVG_80!V11 - A11)/A11) -> 2.6232324 | W11: =(100* (AVG_80!W11 - A11)/A11) -> 6.3205183 | X11: =(100* (AVG_80!X11 - A11)/A11) -> 5.2173243 | Y11: =(100* (AVG_80!Y11 - A11)/A11) -> 0 | Z11: =(100* (AVG_80!Z11 - A11)/A11) -> 0.28749049 | AA11: =(100* (AVG_80!AA11 - A11)/A11) -> 1.6548165 | AB11: =(100* (AVG_80!AB11 - A11)/A11) -> 2.7089141
A12: =MIN(AVG_80!B12:AB12) -> 1076270 | B12: =(100* (AVG_80!B12 - A12)/A12) -> 4.6274634 | C12: =(100* (AVG_80!C12 - A12)/A12) -> 4.6322949 | D12: =(100* (AVG_80!D12 - A12)/A12) -> 1.7668429 | E12: =(100* (AVG_80!E12 - A12)/A12) -> 2.6779526 | F12: =(100* (AVG_80!F12 - A12)/A12) -> 3.9343287 | G12: =(100* (AVG_80!G12 - A12)/A12) -> 3.5439063 | H12: =(100* (AVG_80!H12 - A12)/A12) -> 3.8839696 | I12: =(100* (AVG_80!I12 - A12)/A12) -> 2.6411588 | J12: =(100* (AVG_80!J12 - A12)/A12) -> 0.99436015 | K12: =(100* (AVG_80!K12 - A12)/A12) -> 8.7113828 | L12: =(100* (AVG_80!L12 - A12)/A12) -> 4.6133405 | M12: =(100* (AVG_80!M12 - A12)/A12) -> 2.0615645 | N12: =(100* (AVG_80!N12 - A12)/A12) -> 6.8802438 | O12: =(100* (AVG_80!O12 - A12)/A12) -> 6.0148476 | P12: =(100* (AVG_80!P12 - A12)/A12) -> 1.7179704 | Q12: =(100* (AVG_80!Q12 - A12)/A12) -> 5.0940749 | R12: =(100* (AVG_80!R12 - A12)/A12) -> 3.3878116 | S12: =(100* (AVG_80!S12 - A12)/A12) -> 0.34916889 | T12: =(100* (AVG_80!T12 - A12)/A12) -> 5.5434045 | U12: =(100* (AVG_80!U12 - A12)/A12) -> 1.1422784 | V12: =(100* (AVG_80!V12 - A12)/A12) -> 0.87282931 | W12: =(100* (AVG_80!W12 - A12)/A12) -> 2.3891774 | X12: =(100* (AVG_80!X12 - A12)/A12) -> 0.14717497 | Y12: =(100* (AVG_80!Y12 - A12)/A12) -> 0.79032213 | Z12: =(100* (AVG_80!Z12 - A12)/A12) -> 2.8100755 | AA12: =(100* (AVG_80!AA12 - A12)/A12) -> 0 | AB12: =(100* (AVG_80!AB12 - A12)/A12) -> 0.061322902
A13: =MIN(AVG_80!B13:AB13) -> 913176.8 | B13: =(100* (AVG_80!B13 - A13)/A13) -> 7.1452976 | C13: =(100* (AVG_80!C13 - A13)/A13) -> 6.5080716 | D13: =(100* (AVG_80!D13 - A13)/A13) -> 7.2858837 | E13: =(100* (AVG_80!E13 - A13)/A13) -> 6.7112524 | F13: =(100* (AVG_80!F13 - A13)/A13) -> 3.7762238 | G13: =(100* (AVG_80!G13 - A13)/A13) -> 3.6836021 | H13: =(100* (AVG_80!H13 - A13)/A13) -> 4.1861335 | I13: =(100* (AVG_80!I13 - A13)/A13) -> 3.3185688 | J13: =(100* (AVG_80!J13 - A13)/A13) -> 1.1022838 | K13: =(100* (AVG_80!K13 - A13)/A13) -> 7.817588 | L13: =(100* (AVG_80!L13 - A13)/A13) -> 4.1177349 | M13: =(100* (AVG_80!M13 - A13)/A13) -> 3.0531437 | N13: =(100* (AVG_80!N13 - A13)/A13) -> 9.2166599 | O13: =(100* (AVG_80!O13 - A13)/A13) -> 8.3946723 | P13: =(100* (AVG_80!P13 - A13)/A13) -> 4.6947316 | Q13: =(100* (AVG_80!Q13 - A13)/A13) -> 4.9085128 | R13: =(100* (AVG_80!R13 - A13)/A13) -> 5.5665891 | S13: =(100* (AVG_80!S13 - A13)/A13) -> 1.1677695 | T13: =(100* (AVG_80!T13 - A13)/A13) -> 5.1580811 | U13: =(100* (AVG_80!U13 - A13)/A13) -> 3.9519182 | V13: =(100* (AVG_80!V13 - A13)/A13) -> 1.9117437 | W13: =(100* (AVG_80!W13 - A13)/A13) -> 3.6473988 | X13: =(100* (AVG_80!X13 - A13)/A13) -> 1.7122205 | Y13: =(100* (AVG_80!Y13 - A13)/A13) -> 1.1647471 | Z13: =(100* (AVG_80!Z13 - A13)/A13) -> 2.9826426 | AA13: =(100* (AVG_80!AA13 - A13)/A13) -> 0.96833384 | AB13: =(100* (AVG_80!AB13 - A13)/A13) -> 0
... A61: =MIN(AVG_80!B61:AB61) -> 838239.6 | B61: =(100* (AVG_80!B61 - A61)/A61) -> 9.5979956 | C61: =(100* (AVG_80!C61 - A61)/A61) -> 6.9418815 | D61: =(100* (AVG_80!D61 - A61)/A61) -> 5.1740815 | E61: =(100* (AVG_80!E61 - A61)/A61) -> 7.4744977 | F61: =(100* (AVG_80!F61 - A61)/A61) -> 6.547579 | G61: =(100* (AVG_80!G61 - A61)/A61) -> 5.7848615 | H61: =(100* (AVG_80!H61 - A61)/A61) -> 7.6478133 | I61: =(100* (AVG_80!I61 - A61)/A61) -> 4.3739045 | J61: =(100* (AVG_80!J61 - A61)/A61) -> 3.8704208 | K61: =(100* (AVG_80!K61 - A61)/A61) -> 8.6618194 | L61: =(100* (AVG_80!L61 - A61)/A61) -> 5.6874192 | M61: =(100* (AVG_80!M61 - A61)/A61) -> 5.1410122 | N61: =(100* (AVG_80!N61 - A61)/A61) -> 8.7204661 | O61: =(100* (AVG_80!O61 - A61)/A61) -> 5.5733707 | P61: =(100* (AVG_80!P61 - A61)/A61) -> 3.7024736 | Q61: =(100* (AVG_80!Q61 - A61)/A61) -> 6.6108783 | R61: =(100* (AVG_80!R61 - A61)/A61) -> 2.4497053 | S61: =(100* (AVG_80!S61 - A61)/A61) -> 3.5813627 | T61: =(100* (AVG_80!T61 - A61)/A61) -> 6.8644812 | U61: =(100* (AVG_80!U61 - A61)/A61) -> 5.3496637 | V61: =(100* (AVG_80!V61 - A61)/A61) -> 4.1005221 | W61: =(100* (AVG_80!W61 - A61)/A61) -> 7.9302386 | X61: =(100* (AVG_80!X61 - A61)/A61) -> 4.6917612 | Y61: =(100* (AVG_80!Y61 - A61)/A61) -> 3.0810522 | Z61: =(100* (AVG_80!Z61 - A61)/A61) -> 4.9547886 | AA61: =(100* (AVG_80!AA61 - A61)/A61) -> 1.4664065 | AB61: =(100* (AVG_80!AB61 - A61)/A61) -> 0

Sheet 1_100J
A1: 40_500_0.2 | B1: 40_800_0.2 | C1: 40_1000_0.2 | D1: 40_500_0.3 | E1: 40_800_0.3 | F1: 40_1000_0.3 | G1: 40_500_0.5 | H1: 40_800_0.5 | I1: 40_1000_0.5 | J1: 50_500_0.2 | K1: 50_800_0.2 | L1: 50_1000_0.2 | M1: 50_500_0.3 | N1: 50_800_0.3 | O1: 50_1000_0.3 | P1: 50_500_0.5 | Q1: 50_800_0.5 | R1: 50_1000_0.5 | S1: 70_500_0.2 | T1: 70_800_0.2 | U1: 70_1000_0.2 | V1: 70_500_0.3 | W1: 70_800_0.3 | X1: 70_1000_0.3 | Y1: 70_500_0.5 | Z1: 70_800_0.5 | AA1: 70_1000_0.5 | AB1: OVER_1 | AC1: OVER_2 | AD1: OVER_3 | AE1: OVER_4 | AF1: OVER_5 | AG1: OVER_6 | AH1: OVER_7 | AI1: OVER_8 | AJ1: OVER_9 | AK1: OVER_10 | AL1: OVER_11 | AM1: OVER_12 | AN1: OVER_13 | AO1: OVER_14 | AP1: OVER_15 | AQ1: OVER_16 | AR1: OVER_17 | AS1: OVER_18 | AT1: OVER_19 | AU1: OVER_20 | AV1: OVER_21 | AW1: OVER_22 | AX1: OVER_23 | AY1: OVER_24 | AZ1: OVER_25 | BA1: OVER_26 | BB1: OVER_27 | BC1: TIME_1 | BD1: TIME_2 | BE1: TIME_3 | BF1: TIME_4 | BG1: TIME_5 | BH1: TIME_6 | BI1: TIME_7 | BJ1: TIME_8 | BK1: TIME_9 | BL1: TIME_10 | BM1: TIME_11 | BN1: TIME_12 | BO1: TIME_13 | BP1: TIME_14 | BQ1: TIME_15 | BR1: TIME_16 | BS1: TIME_17 | BT1: TIME_18 | BU1: TIME_19 | BV1: TIME_20 | BW1: TIME_21 | BX1: TIME_22 | BY1: TIME_23 | BZ1: TIME_24 | CA1: TIME_25 | CB1: TIME_26 | CC1: TIME_27
A2: 1640290 | B2: 1601870 | C2: 1627820 | D2: 1750140 | E2: 1567530 | F2: 1616950 | G2: 1571160 | H2: 1602040 | I2: 1678400 | J2: 1664570 | K2: 1606300 | L2: 1687070 | M2: 1669290 | N2: 1643890 | O2: 1541350 | P2: 1569080 | Q2: 1568740 | R2: 1491010 | S2: 1675810 | T2: 1563610 | U2: 1593460 | V2: 1595260 | W2: 1613900 | X2: 1549880 | Y2: 1520560 | Z2: 1529270 | AA2: 1652440 | AB2: 0 | AC2: 0 | AD2: 0 | AE2: 104 | AF2: 0 | AG2: 0 | AH2: 0 | AI2: 0 | AJ2: 58 | AK2: 0 | AL2: 5 | AM2: 103 | AN2: 0 | AO2: 7 | AP2: 0 | AQ2: 0 | AR2: 0 | AS2: 0 | AT2: 0 | AU2: 0 | AV2: 0 | AW2: 0 | AX2: 0 | AY2: 0 | AZ2: 0 | BA2: 0 | BB2: 107 | BC2: 0 | BD2: 1 | BE2: 1 | BF2: 1 | BG2: 1 | BH2: 1 | BI2: 0 | BJ2: 1 | BK2: 2 | BL2: 0 | BM2: 1 | BN2: 2 | BO2: 1 | BP2: 1 | BQ2: 1 | BR2: 1 | BS2: 1 | BT2: 2 | BU2: 0 | BV2: 2 | BW2: 2 | BX2: 1 | BY2: 1 | BZ2: 2 | CA2: 1 | CB2: 2 | CC2: 2
A3: 1380090 | B3: 1332060 | C3: 1234950 | D3: 1330770 | E3: 1334470 | F3: 1335380 | G3: 1315330 | H3: 1332160 | I3: 1246400 | J3: 1406640 | K3: 1288430 | L3: 1382840 | M3: 1565820 | N3: 1331060 | O3: 1308440 | P3: 1304580 | Q3: 1266120 | R3: 1322560 | S3: 1351820 | T3: 1283840 | U3: 1216150 | V3: 1269670 | W3: 1386090 | X3: 1305420 | Y3: 1325230 | Z3: 1229470 | AA3: 1257430 | AB3: 0 | AC3: 0 | AD3: 0 | AE3: 0 | AF3: 0 | AG3: 0 | AH3: 0 | AI3: 72 | AJ3: 0 | AK3: 0 | AL3: 0 | AM3: 90 | AN3: 213 | AO3: 23 | AP3: 22 | AQ3: 0 | AR3: 0 | AS3: 80 | AT3: 0 | AU3: 0 | AV3: 0 | AW3: 0 | AX3: 92 | AY3: 0 | AZ3: 109 | BA3: 22 | BB3: 39 | BC3: 1 | BD3: 1 | BE3: 1 | BF3: 0 | BG3: 1 | BH3: 1 | BI3: 1 | BJ3: 1 | BK3: 1 | BL3: 1 | BM3: 1 | BN3: 1 | BO3: 1 | BP3: 1 | BQ3: 1 | BR3: 1 | BS3: 1 | BT3: 2 | BU3: 1 | BV3: 1 | BW3: 2 | BX3: 1 | BY3: 2 | BZ3: 2 | CA3: 1 | CB3: 2 | CC3: 2
A4: 1608120 | B4: 1617300 | C4: 1527050 | D4: 1542090 | E4: 1652820 | F4: 1593990 | G4: 1529630 | H4: 1429630 | I4: 1444640 | J4: 1598150 | K4: 1605840 | L4: 1543940 | M4: 1513040 | N4: 1519900 | O4: 1504470 | P4: 1475570 | Q4: 1471290 | R4: 1516930 | S4: 1550780 | T4: 1523460 | U4: 1520540 | V4: 1524090 | W4: 1475420 | X4: 1480030 | Y4: 1461750 | Z4: 1526070 | AA4: 1491210 | AB4: 0 | AC4: 51 | AD4: 27 | AE4: 40 | AF4: 82 | AG4: 47 | AH4: 0 | AI4: 0 | AJ4: 0 | AK4: 42 | AL4: 94 | AM4: 36 | AN4: 0 | AO4: 0 | AP4: 0 | AQ4: 0 | AR4: 0 | AS4: 0 | AT4: 0 | AU4: 0 | AV4: 0 | AW4: 0 | AX4: 0 | AY4: 0 | AZ4: 0 | BA4: 0 | BB4: 19 | BC4: 0 | BD4: 1 | BE4: 1 | BF4: 1 | BG4: 1 | BH4: 1 | BI4: 1 | BJ4: 1 | BK4: 1 | BL4: 1 | BM4: 1 | BN4: 1 | BO4: 1 | BP4: 1 | BQ4: 1 | BR4: 1 | BS4: 1 | BT4: 2 | BU4: 1 | BV4: 1 | BW4: 2 | BX4: 1 | BY4: 1 | BZ4: 2 | CA4: 1 | CB4: 2 | CC4: 2
A5: 1344800 | B5: 1313170 | C5: 1275470 | D5: 1315160 | E5: 1269330 | F5: 1325290 | G5: 1313000 | H5: 1315000 | I5: 1264350 | J5: 1488480 | K5: 1389000 | L5: 1297850 | M5: 1320620 | N5: 1261650 | O5: 1273940 | P5: 1325690 | Q5: 1269490 | R5: 1302520 | S5: 1363320 | T5: 1274310 | U5: 1275160 | V5: 1283360 | W5: 1235220 | X5: 1246570 | Y5: 1347420 | Z5: 1258630 | AA5: 1260790 | AB5: 0 | AC5: 0 | AD5: 0 | AE5: 0 | AF5: 0 | AG5: 4 | AH5: 0 | AI5: 29 | AJ5: 53 | AK5: 77 | AL5: 80 | AM5: 0 | AN5: 0 | AO5: 0 | AP5: 0 | AQ5: 28 | AR5: 17 | AS5: 0 | AT5: 7 | AU5: 23 | AV5: 0 | AW5: 0 | AX5: 0 | AY5: 4 | AZ5: 0 | BA5: 0 | BB5: 18 | BC5: 1 | BD5: 0 | BE5: 1 | BF5: 1 | BG5: 1 | BH5: 1 | BI5: 1 | BJ5: 1 | BK5: 1 | BL5: 1 | BM5: 1 | BN5: 1 | BO5: 1 | BP5: 1 | BQ5: 1 | BR5: 1 | BS5: 1 | BT5: 2 | BU5: 1 | BV5: 1 | BW5: 2 | BX5: 1 | BY5: 2 | BZ5: 2 | CA5: 1 | CB5: 1 | CC5: 2
A6: 1483290 | B6: 1380490 | C6: 1441630 | D6: 1484660 | E6: 1455210 | F6: 1417700 | G6: 1490580 | H6: 1501780 | I6: 1437680 | J6: 1426410 | K6: 1479110 | L6: 1433490 | M6: 1444570 | N6: 1422590 | O6: 1428790 | P6: 1453290 | Q6: 1372550 | R6: 1411610 | S6: 1522410 | T6: 1557470 | U6: 1477620 | V6: 1380390 | W6: 1408910 | X6: 1391410 | Y6: 1364380 | Z6: 1338010 | AA6: 1420180 | AB6: 0 | AC6: 0 | AD6: 0 | AE6: 0 | AF6: 0 | AG6: 0 | AH6: 0 | AI6: 59 | AJ6: 0 | AK6: 0 | AL6: 0 | AM6: 0 | AN6: 0 | AO6: 0 | AP6: 0 | AQ6: 0 | AR6: 0 | AS6: 55 | AT6: 0 | AU6: 67 | AV6: 65 | AW6: 0 | AX6: 0 | AY6: 0 | AZ6: 0 | BA6: 0 | BB6: 31 | BC6: 1 | BD6: 1 | BE6: 1 | BF6: 0 | BG6: 1 | BH6: 1 | BI6: 1 | BJ6: 1 | BK6: 1 | BL6: 1 | BM6: 1 | BN6: 1 | BO6: 1 | BP6: 1 | BQ6: 1 | BR6: 1 | BS6: 1 | BT6: 1 | BU6: 1 | BV6: 2 | BW6: 2 | BX6: 1 | BY6: 1 | BZ6: 2 | CA6: 1 | CB6: 2 | CC6: 2
A7: 1623680 | B7: 1625750 | C7: 1584120 | D7: 1621450 | E7: 1558550 | F7: 1509120 | G7: 1601020 | H7: 1517760 | I7: 1469780 | J7: 1637230 | K7: 1509290 | L7: 1556330 | M7: 1468420 | N7: 1552310 | O7: 1589910 | P7: 1558810 | Q7: 1540200 | R7: 1461430 | S7: 1589630 | T7: 1523860 | U7: 1594040 | V7: 1551550 | W7: 1491030 | X7: 1496440 | Y7: 1510810 | Z7: 1477490 | AA7: 1487380 | AB7: 0 | AC7: 12 | AD7: 0 | AE7: 0 | AF7: 0 | AG7: 0 | AH7: 0 | AI7: 0 | AJ7: 0 | AK7: 24 | AL7: 0 | AM7: 0 | AN7: 0 | AO7: 0 | AP7: 1 | AQ7: 0 | AR7: 0 | AS7: 0 | AT7: 0 | AU7: 0 | AV7: 0 | AW7: 0 | AX7: 0 | AY7: 0 | AZ7: 0 | BA7: 0 | BB7: 0 | BC7: 1 | BD7: 1 | BE7: 1 | BF7: 0 | BG7: 1 | BH7: 1 | BI7: 1 | BJ7: 1 | BK7: 1 | BL7: 1 | BM7: 1 | BN7: 1 | BO7: 0 | BP7: 1 | BQ7: 2 | BR7: 1 | BS7: 1 | BT7: 1 | BU7: 1 | BV7: 2 | BW7: 1 | BX7: 1 | BY7: 2 | BZ7: 2 | CA7: 1 | CB7: 1 | CC7: 2
A8: 1558320 | B8: 1564480 | C8: 1537250 | D8: 1551740 | E8: 1486470 | F8: 1556190 | G8: 1541130 | H8: 1464280 | I8: 1477680 | J8: 1543500 | K8: 1514000 | L8: 1448320 | M8: 1576730 | N8: 1556780 | O8: 1459200 | P8: 1482700 | Q8: 1490790 | R8: 1565480 | S8: 1525580 | T8: 1474370 | U8: 1465760 | V8: 1514790 | W8: 1497910 | X8: 1540700 | Y8: 1524720 | Z8: 1438540 | AA8: 1480050 | AB8: 0 | AC8: 0 | AD8: 0 | AE8: 0 | AF8: 0 | AG8: 0 | AH8: 0 | AI8: 0 | AJ8: 0 | AK8: 0 | AL8: 0 | AM8: 0 | AN8: 0 | AO8: 0 | AP8: 0 | AQ8: 0 | AR8: 0 | AS8: 0 | AT8: 0 | AU8: 0 | AV8: 0 | AW8: 0 | AX8: 0 | AY8: 57 | AZ8: 0 | BA8: 0 | BB8: 22 | BC8: 1 | BD8: 1 | BE8: 1 | BF8: 0 | BG8: 1 | BH8: 1 | BI8: 1 | BJ8: 1 | BK8: 1 | BL8: 0 | BM8: 1 | BN8: 2 | BO8: 0 | BP8: 1 | BQ8: 2 | BR8: 0 | BS8: 2 | BT8: 1 | BU8: 1 | BV8: 1 | BW8: 2 | BX8: 1 | BY8: 1 | BZ8: 3 | CA8: 1 | CB8: 1 | CC8: 3
A9: 1731570 | B9: 1717720 | C9: 1644040 | D9: 1719590 | E9: 1656830 | F9: 1742690 | G9: 1646990 | H9: 1608100 | I9: 1574560 | J9: 1655790 | K9: 1614520 | L9: 1675270 | M9: 1624070 | N9: 1628290 | O9: 1645270 | P9: 1763110 | Q9: 1651240 | R9: 1622080 | S9: 1744450 | T9: 1627610 | U9: 1640420 | V9: 1666860 | W9: 1621070 | X9: 1601830 | Y9: 1575540 | Z9: 1587520 | AA9: 1646110 | AB9: 0 | AC9: 97 | AD9: 6 | AE9: 4 | AF9: 0 | AG9: 68 | AH9: 0 | AI9: 0 | AJ9: 0 | AK9: 5 | AL9: 0 | AM9: 62 | AN9: 0 | AO9: 0 | AP9: 7 | AQ9: 129 | AR9: 0 | AS9: 53 | AT9: 25 | AU9: 0 | AV9: 0 | AW9: 0 | AX9: 0 | AY9: 0 | AZ9: 0 | BA9: 0 | BB9: 0 | BC9: 0 | BD9: 1 | BE9: 1 | BF9: 1 | BG9: 1 | BH9: 1 | BI9: 1 | BJ9: 0 | BK9: 2 | BL9: 0 | BM9: 1 | BN9: 2 | BO9: 0 | BP9: 1 | BQ9: 2 | BR9: 1 | BS9: 1 | BT9: 2 | BU9: 0 | BV9: 2 | BW9: 2 | BX9: 1 | BY9: 1 | BZ9: 2 | CA9: 1 | CB9: 2 | CC9: 2
A10: 1745480 | B10: 1686380 | C10: 1582750 | D10: 1738550 | E10: 1596010 | F10: 1649850 | G10: 1621140 | H10: 1529570 | I10: 1555210 | J10: 1758410 | K10: 1705710 | L10: 1602870 | M10: 1699560 | N10: 1662480 | O10: 1602620 | P10: 1666340 | Q10: 1590340 | R10: 1563880 | S10: 1655650 | T10: 1685920 | U10: 1621770 | V10: 1689230 | W10: 1540420 | X10: 1563900 | Y10: 1631020 | Z10: 1593010 | AA10: 1625280 | AB10: 0 | AC10: 0 | AD10: 0 | AE10: 0 | AF10: 0 | AG10: 0 | AH10: 0 | AI10: 0 | AJ10: 0 | AK10: 0 | AL10: 0 | AM10: 0 | AN10: 0 | AO10: 0 | AP10: 0 | AQ10: 45 | AR10: 0 | AS10: 0 | AT10: 0 | AU10: 0 | AV10: 0 | AW10: 0 | AX10: 0 | AY10: 0 | AZ10: 0 | BA10: 0 | BB10: 0 | BC10: 0 | BD10: 1 | BE10: 1 | BF10: 0 | BG10: 1 | BH10: 1 | BI10: 1 | BJ10: 1 | BK10: 1 | BL10: 1 | BM10: 1 | BN10: 1 | BO10: 1 | BP10: 1 | BQ10: 1 | BR10: 1 | BS10: 1 | BT10: 1 | BU10: 1 | BV10: 2 | BW10: 2 | BX10: 1 | BY10: 1 | BZ10: 2 | CA10: 1 | CB10: 2 | CC10: 2
A11: 1698370 | B11: 1625760 | C11: 1557600 | D11: 1509670 | E11: 1605590 | F11: 1504350 | G11: 1578240 | H11: 1551080 | I11: 1516940 | J11: 1599940 | K11: 1629500 | L11: 1542310 | M11: 1520750 | N11: 1454060 | O11: 1533900 | P11: 1529310 | Q11: 1479970 | R11: 1473200 | S11: 1592420 | T11: 1515540 | U11: 1532560 | V11: 1564520 | W11: 1512330 | X11: 1464190 | Y11: 1488080 | Z11: 1502970 | AA11: 1444090 | AB11: 0 | AC11: 0 | AD11: 0 | AE11: 0 | AF11: 0 | AG11: 0 | AH11: 0 | AI11: 0 | AJ11: 0 | AK11: 0 | AL11: 0 | AM11: 0 | AN11: 0 | AO11: 0 | AP11: 0 | AQ11: 0 | AR11: 0 | AS11: 0 | AT11: 0 | AU11: 0 | AV11: 0 | AW11: 0 | AX11: 0 | AY11: 0 | AZ11: 0 | BA11: 0 | BB11: 0 | BC11: 0 | BD11: 1 | BE11: 1 | BF11: 0 | BG11: 1 | BH11: 1 | BI11: 1 | BJ11: 1 | BK11: 1 | BL11: 1 | BM11: 1 | BN11: 1 | BO11: 1 | BP11: 1 | BQ11: 1 | BR11: 1 | BS11: 1 | BT11: 1 | BU11: 1 | BV11: 2 | BW11: 1 | BX11: 1 | BY11: 2 | BZ11: 2 | CA11: 1 | CB11: 1 | CC11: 2
A12: 1454990 | B12: 1372770 | C12: 1477680 | D12: 1402570 | E12: 1376560 | F12: 1448050 | G12: 1385020 | H12: 1324760 | I12: 1369610 | J12: 1425570 | K12: 1401490 | L12: 1399100 | M12: 1521200 | N12: 1396870 | O12: 1391230 | P12: 1403780 | Q12: 1470760 | R12: 1324600 | S12: 1449210 | T12: 1367280 | U12: 1313510 | V12: 1441490 | W12: 1342140 | X12: 1280820 | Y12: 1427610 | Z12: 1333010 | AA12: 1318670 | AB12: 0 | AC12: 0 | AD12: 24 | AE12: 0 | AF12: 0 | AG12: 31 | AH12: 0 | AI12: 0 | AJ12: 0 | AK12: 0 | AL12: 0 | AM12: 0 | AN12: 0 | AO12: 0 | AP12: 22 | AQ12: 0 | AR12: 43 | AS12: 0 | AT12: 0 | AU12: 0 | AV12: 0 | AW12: 0 | AX12: 0 | AY12: 0 | AZ12: 0 | BA12: 0 | BB12: 0 | BC12: 1 | BD12: 1 | BE12: 1 | BF12: 0 | BG12: 1 | BH12: 1 | BI12: 1 | BJ12: 1 | BK12: 1 | BL12: 1 | BM12: 1 | BN12: 1 | BO12: 1 | BP12: 1 | BQ12: 1 | BR12: 1 | BS12: 1 | BT12: 2 | BU12: 1 | BV12: 1 | BW12: 2 | BX12: 1 | BY12: 1 | BZ12: 2 | CA12: 1 | CB12: 2 | CC12: 2
A13: 1578050 | B13: 1632990 | C13: 1485170 | D13: 1551280 | E13: 1433660 | F13: 1646580 | G13: 1461400 | H13: 1504260 | I13: 1444710 | J13: 1528430 | K13: 1658730 | L13: 1506690 | M13: 1582200 | N13: 1540470 | O13: 1408310 | P13: 1483090 | Q13: 1500340 | R13: 1486330 | S13: 1528540 | T13: 1488200 | U13: 1486850 | V13: 1518150 | W13: 1467500 | X13: 1448430 | Y13: 1497990 | Z13: 1427390 | AA13: 1410750 | AB13: 0 | AC13: 0 | AD13: 0 | AE13: 0 | AF13: 0 | AG13: 86 | AH13: 0 | AI13: 0 | AJ13: 0 | AK13: 0 | AL13: 107 | AM13: 0 | AN13: 40 | AO13: 93 | AP13: 0 | AQ13: 0 | AR13: 0 | AS13: 0 | AT13: 13 | AU13: 0 | AV13: 0 | AW13: 0 | AX13: 0 | AY13: 0 | AZ13: 0 | BA13: 0 | BB13: 0 | BC13: 0 | BD13: 1 | BE13: 1 | BF13: 1 | BG13: 0 | BH13: 2 | BI13: 0 | BJ13: 1 | BK13: 1 | BL13: 1 | BM13: 1 | BN13: 2 | BO13: 0 | BP13: 1 | BQ13: 2 | BR13: 0 | BS13: 2 | BT13: 1 | BU13: 1 | BV13: 1 | BW13: 2 | BX13: 1 | BY13: 2 | BZ13: 1 | CA13: 2 | CB13: 1 | CC13: 2
... A61: 1394500 | B61: 1387690 | C61: 1388300 | D61: 1459860 | E61: 1431650 | F61: 1389900 | G61: 1361600 | H61: 1324970 | I61: 1308050 | J61: 1396330 | K61: 1372240 | L61: 1357820 | M61: 1398030 | N61: 1363420 | O61: 1299840 | P61: 1404420 | Q61: 1322650 | R61: 1361930 | S61: 1396770 | T61: 1371520 | U61: 1365410 | V61: 1352480 | W61: 1344050 | X61: 1299340 | Y61: 1348990 | Z61: 1352970 | AA61: 1306640 | AB61: 0 | AC61: 0 | AD61: 0 | AE61: 0 | AF61: 0 | AG61: 0 | AH61: 0 | AI61: 0 | AJ61: 0 | AK61: 0 | AL61: 0 | AM61: 0 | AN61: 0 | AO61: 0 | AP61: 0 | AQ61: 0 | AR61: 0 | AS61: 0 | AT61: 0 | AU61: 0 | AV61: 0 | AW61: 0 | AX61: 0 | AY61: 0 | AZ61: 0 | BA61: 0 | BB61: 0 | BC61: 1 | BD61: 1 | BE61: 1 | BF61: 0 | BG61: 1 | BH61: 2 | BI61: 0 | BJ61: 1 | BK61: 2 | BL61: 1 | BM61: 1 | BN61: 1 | BO61: 1 | BP61: 1 | BQ61: 2 | BR61: 1 | BS61: 1 | BT61: 2 | BU61: 1 | BV61: 2 | BW61: 2 | BX61: 1 | BY61: 1 | BZ61: 3 | CA61: 1 | CB61: 2 | CC61: 2

Sheet 2_100J
A1: 40_500_0.2 | B1: 40_800_0.2 | C1: 40_1000_0.2 | D1: 40_500_0.3 | E1: 40_800_0.3 | F1: 40_1000_0.3 | G1: 40_500_0.5 | H1: 40_800_0.5 | I1: 40_1000_0.5 | J1: 50_500_0.2 | K1: 50_800_0.2 | L1: 50_1000_0.2 | M1: 50_500_0.3 | N1: 50_800_0.3 | O1: 50_1000_0.3 | P1: 50_500_0.5 | Q1: 50_800_0.5 | R1: 50_1000_0.5 | S1: 70_500_0.2 | T1: 70_800_0.2 | U1: 70_1000_0.2 | V1: 70_500_0.3 | W1: 70_800_0.3 | X1: 70_1000_0.3 | Y1: 70_500_0.5 | Z1: 70_800_0.5 | AA1: 70_1000_0.5 | AB1: OVER_1 | AC1: OVER_2 | AD1: OVER_3 | AE1: OVER_4 | AF1: OVER_5 | AG1: OVER_6 | AH1: OVER_7 | AI1: OVER_8 | AJ1: OVER_9 | AK1: OVER_10 | AL1: OVER_11 | AM1: OVER_12 | AN1: OVER_13 | AO1: OVER_14 | AP1: OVER_15 | AQ1: OVER_16 | AR1: OVER_17 | AS1: OVER_18 | AT1: OVER_19 | AU1: OVER_20 | AV1: OVER_21 | AW1: OVER_22 | AX1: OVER_23 | AY1: OVER_24 | AZ1: OVER_25 | BA1: OVER_26 | BB1: OVER_27 | BC1: TIME_1 | BD1: TIME_2 | BE1: TIME_3 | BF1: TIME_4 | BG1: TIME_5 | BH1: TIME_6 | BI1: TIME_7 | BJ1: TIME_8 | BK1: TIME_9 | BL1: TIME_10 | BM1: TIME_11 | BN1: TIME_12 | BO1: TIME_13 | BP1: TIME_14 | BQ1: TIME_15 | BR1: TIME_16 | BS1: TIME_17 | BT1: TIME_18 | BU1: TIME_19 | BV1: TIME_20 | BW1: TIME_21 | BX1: TIME_22 | BY1: TIME_23 | BZ1: TIME_24 | CA1: TIME_25 | CB1: TIME_26 | CC1: TIME_27
