Workbook
Name _1_FINAL_ILS_PROP_OBJ_F_100jobs: AG_LS!$A$362:$B$541
Name _1_FINAL_ILS_PROP_OBJ_F_100jobs: ILS_RVND_1!$A$362:$B$541
Name _1_FINAL_ILS_PROP_OBJ_F_100jobs: ILS_RVND_2!$A$362:$B$541
Name _1_FINAL_ILS_PROP_OBJ_F_50jobs: AG_LS!$A$2:$B$181
Name _1_FINAL_ILS_PROP_OBJ_F_50jobs: ILS_RVND_1!$A$2:$B$181
Name _1_FINAL_ILS_PROP_OBJ_F_50jobs: ILS_RVND_2!$A$2:$B$181
Name _1_FINAL_ILS_PROP_OBJ_F_80jobs: AG_LS!$A$182:$B$361
Name _1_FINAL_ILS_PROP_OBJ_F_80jobs: ILS_RVND_1!$A$182:$B$361
Name _1_FINAL_ILS_PROP_OBJ_F_80jobs: ILS_RVND_2!$A$182:$B$361
Name _2_FINAL_ILS_PROP_OBJ_F_100jobs: AG_LS!$C$362:$D$541
Name _2_FINAL_ILS_PROP_OBJ_F_100jobs: ILS_RVND_1!$C$362:$D$541
Name _2_FINAL_ILS_PROP_OBJ_F_100jobs: ILS_RVND_2!$C$362:$D$541
Name _2_FINAL_ILS_PROP_OBJ_F_50jobs: AG_LS!$C$2:$D$181
Name _2_FINAL_ILS_PROP_OBJ_F_50jobs: ILS_RVND_1!$C$2:$D$181
Name _2_FINAL_ILS_PROP_OBJ_F_50jobs: ILS_RVND_2!$C$2:$D$181
Name _2_FINAL_ILS_PROP_OBJ_F_80jobs: AG_LS!$C$182:$D$361
Name _2_FINAL_ILS_PROP_OBJ_F_80jobs: ILS_RVND_1!$C$182:$D$361
Name _2_FINAL_ILS_PROP_OBJ_F_80jobs: ILS_RVND_2!$C$182:$D$361
Name _3_FINAL_ILS_PROP_OBJ_F_100jobs: AG_LS!$E$362:$F$541
Name _3_FINAL_ILS_PROP_OBJ_F_100jobs: ILS_RVND_1!$E$362:$F$541
Name _3_FINAL_ILS_PROP_OBJ_F_100jobs: ILS_RVND_2!$E$362:$F$541
Name _3_FINAL_ILS_PROP_OBJ_F_50jobs: AG_LS!$E$2:$F$181
Name _3_FINAL_ILS_PROP_OBJ_F_50jobs: ILS_RVND_1!$E$2:$F$181
Name _3_FINAL_ILS_PROP_OBJ_F_50jobs: ILS_RVND_2!$E$2:$F$181
Name _3_FINAL_ILS_PROP_OBJ_F_80jobs: AG_LS!$E$182:$F$361
Name _3_FINAL_ILS_PROP_OBJ_F_80jobs: ILS_RVND_1!$E$182:$F$361
Name _3_FINAL_ILS_PROP_OBJ_F_80jobs: ILS_RVND_2!$E$182:$F$361
Name _4_FINAL_ILS_PROP_OBJ_F_100jobs: AG_LS!$G$362:$H$541
Name _4_FINAL_ILS_PROP_OBJ_F_100jobs: ILS_RVND_1!$G$362:$H$541
Name _4_FINAL_ILS_PROP_OBJ_F_100jobs: ILS_RVND_2!$G$362:$H$541
Name _4_FINAL_ILS_PROP_OBJ_F_50jobs: AG_LS!$G$2:$H$181
Name _4_FINAL_ILS_PROP_OBJ_F_50jobs: ILS_RVND_1!$G$2:$H$181
Name _4_FINAL_ILS_PROP_OBJ_F_50jobs: ILS_RVND_2!$G$2:$H$181
Name _4_FINAL_ILS_PROP_OBJ_F_80jobs: AG_LS!$G$182:$H$361
Name _4_FINAL_ILS_PROP_OBJ_F_80jobs: ILS_RVND_1!$G$182:$H$361
Name _4_FINAL_ILS_PROP_OBJ_F_80jobs: ILS_RVND_2!$G$182:$H$361
Name _5_FINAL_ILS_PROP_OBJ_F_100jobs: AG_LS!$I$362:$J$541
Name _5_FINAL_ILS_PROP_OBJ_F_100jobs: ILS_RVND_1!$I$362:$J$541
Name _5_FINAL_ILS_PROP_OBJ_F_100jobs: ILS_RVND_2!$I$362:$J$541
Name _5_FINAL_ILS_PROP_OBJ_F_50jobs: AG_LS!$I$2:$J$181
Name _5_FINAL_ILS_PROP_OBJ_F_50jobs: ILS_RVND_1!$I$2:$J$181
Name _5_FINAL_ILS_PROP_OBJ_F_50jobs: ILS_RVND_2!$I$2:$J$181
Name _5_FINAL_ILS_PROP_OBJ_F_80jobs: AG_LS!$I$182:$J$361
Name _5_FINAL_ILS_PROP_OBJ_F_80jobs: ILS_RVND_1!$I$182:$J$361
Name _5_FINAL_ILS_PROP_OBJ_F_80jobs: ILS_RVND_2!$I$182:$J$361

Sheet ILS_RVND_1
A1: Final Obj. Function Values (5 rounds) | L1: Average: | M1: Best Value:
A2: 1 | B2: 272533 | C2: 1 | D2: 273264 | E2: 1 | F2: 273048 | G2: 1 | H2: 272349 | I2: 1 | J2: 271949 | L2: =(B2+D2+F2+H2+J2)/5 -> 272628.6 | M2: =MIN(B2,D2,F2,H2,J2) -> 271949
A3: 2 | B3: 277712 | C3: 2 | D3: 277345 | E3: 2 | F3: 277924 | G3: 2 | H3: 275441 | I3: 2 | J3: 277345 | L3: =(B3+D3+F3+H3+J3)/5 -> 277153.4 | M3: =MIN(B3,D3,F3,H3,J3) -> 275441
A4: 3 | B4: 280176 | C4: 3 | D4: 280176 | E4: 3 | F4: 269047 | G4: 3 | H4: 280176 | I4: 3 | J4: 280176 | L4: =(B4+D4+F4+H4+J4)/5 -> 277950.2 | M4: =MIN(B4,D4,F4,H4,J4) -> 269047
A5: 4 | B5: 268515 | C5: 4 | D5: 267966 | E5: 4 | F5: 270002 | G5: 4 | H5: 268515 | I5: 4 | J5: 269176 | L5: =(B5+D5+F5+H5+J5)/5 -> 268834.8 | M5: =MIN(B5,D5,F5,H5,J5) -> 267966
A6: 5 | B6: 259785 | C6: 5 | D6: 259215 | E6: 5 | F6: 260326 | G6: 5 | H6: 259887 | I6: 5 | J6: 259215 | L6: =(B6+D6+F6+H6+J6)/5 -> 259685.6 | M6: =MIN(B6,D6,F6,H6,J6) -> 259215
A7: 6 | B7: 270137 | C7: 6 | D7: 272060 | E7: 6 | F7: 271071 | G7: 6 | H7: 268105 | I7: 6 | J7: 270110 | L7: =(B7+D7+F7+H7+J7)/5 -> 270296.6 | M7: =MIN(B7,D7,F7,H7,J7) -> 268105
A8: 7 | B8: 237510 | C8: 7 | D8: 235772 | E8: 7 | F8: 236658 | G8: 7 | H8: 237057 | I8: 7 | J8: 237001 | L8: =(B8+D8+F8+H8+J8)/5 -> 236799.6 | M8: =MIN(B8,D8,F8,H8,J8) -> 235772
A9: 8 | B9: 315776 | C9: 8 | D9: 303776 | E9: 8 | F9: 317914 | G9: 8 | H9: 304294 | I9: 8 | J9: 306225 | L9: =(B9+D9+F9+H9+J9)/5 -> 309597 | M9: =MIN(B9,D9,F9,H9,J9) -> 303776
A10: 9 | B10: 253365 | C10: 9 | D10: 249611 | E10: 9 | F10: 250359 | G10: 9 | H10: 250359 | I10: 9 | J10: 253391 | L10: =(B10+D10+F10+H10+J10)/5 -> 251417 | M10: =MIN(B10,D10,F10,H10,J10) -> 249611
A11: 10 | B11: 297205 | C11: 10 | D11: 297328 | E11: 10 | F11: 297305 | G11: 10 | H11: 299949 | I11: 10 | J11: 299662 | L11: =(B11+D11+F11+H11+J11)/5 -> 298289.8 | M11: =MIN(B11,D11,F11,H11,J11) -> 297205
A12: 11 | B12: 287161 | C12: 11 | D12: 286388 | E12: 11 | F12: 286046 | G12: 11 | H12: 286754 | I12: 11 | J12: 286912 | L12: =(B12+D12+F12+H12+J12)/5 -> 286652.2 | M12: =MIN(B12,D12,F12,H12,J12) -> 286046
A13: 12 | B13: 264596 | C13: 12 | D13: 263719 | E13: 12 | F13: 264775 | G13: 12 | H13: 263719 | I13: 12 | J13: 264596 | L13: =(B13+D13+F13+H13+J13)/5 -> 264281 | M13: =MIN(B13,D13,F13,H13,J13) -> 263719
... A541: 180 | B541: 948150 | C541: 180 | D541: 945649 | E541: 180 | F541: 951936 | G541: 180 | H541: 953722 | I541: 180 | J541: 949619 | L541: =(B541+D541+F541+H541+J541)/5 -> 949815.2 | M541: =MIN(B541,D541,F541,H541,J541) -> 945649

Sheet ILS_RVND_2
A1: Final Obj. Function Values (5 rounds) | L1: Average: | M1: Best Value:
A2: 1 | B2: 298453 | C2: 1 | D2: 302134 | E2: 1 | F2: 298075 | G2: 1 | H2: 296482 | I2: 1 | J2: 299039 | L2: =(B2+D2+F2+H2+J2)/5 -> 298836.6 | M2: =MIN(B2,D2,F2,H2,J2) -> 296482
A3: 2 | B3: 305554 | C3: 2 | D3: 307345 | E3: 2 | F3: 307876 | G3: 2 | H3: 313399 | I3: 2 | J3: 308922 | L3: =(B3+D3+F3+H3+J3)/5 -> 308619.2 | M3: =MIN(B3,D3,F3,H3,J3) -> 305554
A4: 3 | B4: 314318 | C4: 3 | D4: 311061 | E4: 3 | F4: 310941 | G4: 3 | H4: 320136 | I4: 3 | J4: 308349 | L4: =(B4+D4+F4+H4+J4)/5 -> 312961 | M4: =MIN(B4,D4,F4,H4,J4) -> 308349
A5: 4 | B5: 309039 | C5: 4 | D5: 308242 | E5: 4 | F5: 305550 | G5: 4 | H5: 307681 | I5: 4 | J5: 306144 | L5: =(B5+D5+F5+H5+J5)/5 -> 307331.2 | M5: =MIN(B5,D5,F5,H5,J5) -> 305550
A6: 5 | B6: 299287 | C6: 5 | D6: 297873 | E6: 5 | F6: 296805 | G6: 5 | H6: 287813 | I6: 5 | J6: 293964 | L6: =(B6+D6+F6+H6+J6)/5 -> 295148.4 | M6: =MIN(B6,D6,F6,H6,J6) -> 287813
A7: 6 | B7: 308906 | C7: 6 | D7: 290518 | E7: 6 | F7: 298846 | G7: 6 | H7: 305052 | I7: 6 | J7: 312598 | L7: =(B7+D7+F7+H7+J7)/5 -> 303184 | M7: =MIN(B7,D7,F7,H7,J7) -> 290518
A8: 7 | B8: 273393 | C8: 7 | D8: 279147 | E8: 7 | F8: 281702 | G8: 7 | H8: 283083 | I8: 7 | J8: 283396 | L8: =(B8+D8+F8+H8+J8)/5 -> 280144.2 | M8: =MIN(B8,D8,F8,H8,J8) -> 273393
A9: 8 | B9: 346849 | C9: 8 | D9: 349822 | E9: 8 | F9: 355298 | G9: 8 | H9: 347523 | I9: 8 | J9: 352663 | L9: =(B9+D9+F9+H9+J9)/5 -> 350431 | M9: =MIN(B9,D9,F9,H9,J9) -> 346849
A10: 9 | B10: 285389 | C10: 9 | D10: 285894 | E10: 9 | F10: 281180 | G10: 9 | H10: 276340 | I10: 9 | J10: 277937 | L10: =(B10+D10+F10+H10+J10)/5 -> 281348 | M10: =MIN(B10,D10,F10,H10,J10) -> 276340
A11: 10 | B11: 333165 | C11: 10 | D11: 327126 | E11: 10 | F11: 307906 | G11: 10 | H11: 331883 | I11: 10 | J11: 321529 | L11: =(B11+D11+F11+H11+J11)/5 -> 324321.8 | M11: =MIN(B11,D11,F11,H11,J11) -> 307906
A12: 11 | B12: 314523 | C12: 11 | D12: 320769 | E12: 11 | F12: 315082 | G12: 11 | H12: 322697 | I12: 11 | J12: 316612 | L12: =(B12+D12+F12+H12+J12)/5 -> 317936.6 | M12: =MIN(B12,D12,F12,H12,J12) -> 314523
A13: 12 | B13: 293290 | C13: 12 | D13: 296309 | E13: 12 | F13: 301793 | G13: 12 | H13: 293088 | I13: 12 | J13: 298512 | L13: =(B13+D13+F13+H13+J13)/5 -> 296598.4 | M13: =MIN(B13,D13,F13,H13,J13) -> 293088
... A541: 180 | B541: 1107130 | C541: 180 | D541: 1148420 | E541: 180 | F541: 1124880 | G541: 180 | H541: 1130150 | I541: 180 | J541: 1137490 | L541: =(B541+D541+F541+H541+J541)/5 -> 1129614 | M541: =MIN(B541,D541,F541,H541,J541) -> 1107130

Sheet AG_LS
A1: Final Obj. Function Values (5 rounds) | L1: Average: | M1: Best Value:
A2: 1 | B2: 274447 | C2: 1 | D2: 275912 | E2: 1 | F2: 273451 | G2: 1 | H2: 272572 | I2: 1 | J2: 273264 | L2: =(B2+D2+F2+H2+J2)/5 -> 273929.2 | M2: =MIN(B2,D2,F2,H2,J2) -> 272572
A3: 2 | B3: 278731 | C3: 2 | D3: 281148 | E3: 2 | F3: 282239 | G3: 2 | H3: 280434 | I3: 2 | J3: 276022 | L3: =(B3+D3+F3+H3+J3)/5 -> 279714.8 | M3: =MIN(B3,D3,F3,H3,J3) -> 276022
A4: 3 | B4: 269047 | C4: 3 | D4: 283970 | E4: 3 | F4: 280176 | G4: 3 | H4: 269047 | I4: 3 | J4: 269047 | L4: =(B4+D4+F4+H4+J4)/5 -> 274257.4 | M4: =MIN(B4,D4,F4,H4,J4) -> 269047
A5: 4 | B5: 276178 | C5: 4 | D5: 276700 | E5: 4 | F5: 267762 | G5: 4 | H5: 279205 | I5: 4 | J5: 278139 | L5: =(B5+D5+F5+H5+J5)/5 -> 275596.8 | M5: =MIN(B5,D5,F5,H5,J5) -> 267762
A6: 5 | B6: 262838 | C6: 5 | D6: 262888 | E6: 5 | F6: 262677 | G6: 5 | H6: 262284 | I6: 5 | J6: 261217 | L6: =(B6+D6+F6+H6+J6)/5 -> 262380.8 | M6: =MIN(B6,D6,F6,H6,J6) -> 261217
A7: 6 | B7: 271670 | C7: 6 | D7: 270371 | E7: 6 | F7: 270825 | G7: 6 | H7: 272975 | I7: 6 | J7: 272780 | L7: =(B7+D7+F7+H7+J7)/5 -> 271724.2 | M7: =MIN(B7,D7,F7,H7,J7) -> 270371
A8: 7 | B8: 239160 | C8: 7 | D8: 237089 | E8: 7 | F8: 241560 | G8: 7 | H8: 242927 | I8: 7 | J8: 253188 | L8: =(B8+D8+F8+H8+J8)/5 -> 242784.8 | M8: =MIN(B8,D8,F8,H8,J8) -> 237089
A9: 8 | B9: 303740 | C9: 8 | D9: 319458 | E9: 8 | F9: 322796 | G9: 8 | H9: 322352 | I9: 8 | J9: 308665 | L9: =(B9+D9+F9+H9+J9)/5 -> 315402.2 | M9: =MIN(B9,D9,F9,H9,J9) -> 303740
A10: 9 | B10: 255213 | C10: 9 | D10: 256695 | E10: 9 | F10: 249611 | G10: 9 | H10: 249611 | I10: 9 | J10: 255451 | L10: =(B10+D10+F10+H10+J10)/5 -> 253316.2 | M10: =MIN(B10,D10,F10,H10,J10) -> 249611
A11: 10 | B11: 292351 | C11: 10 | D11: 291480 | E11: 10 | F11: 292688 | G11: 10 | H11: 299927 | I11: 10 | J11: 291756 | L11: =(B11+D11+F11+H11+J11)/5 -> 293640.4 | M11: =MIN(B11,D11,F11,H11,J11) -> 291480
A12: 11 | B12: 286725 | C12: 11 | D12: 280433 | E12: 11 | F12: 289747 | G12: 11 | H12: 290292 | I12: 11 | J12: 277642 | L12: =(B12+D12+F12+H12+J12)/5 -> 284967.8 | M12: =MIN(B12,D12,F12,H12,J12) -> 277642
A13: 12 | B13: 265310 | C13: 12 | D13: 264792 | E13: 12 | F13: 264469 | G13: 12 | H13: 264079 | I13: 12 | J13: 261837 | L13: =(B13+D13+F13+H13+J13)/5 -> 264097.4 | M13: =MIN(B13,D13,F13,H13,J13) -> 261837
... A541: 180 | B541: 983309 | C541: 180 | D541: 986025 | E541: 180 | F541: 960586 | G541: 180 | H541: 970522 | I541: 180 | J541: 979433 | L541: =(B541+D541+F541+H541+J541)/5 -> 975975 | M541: =MIN(B541,D541,F541,H541,J541) -> 960586

Sheet Average_RPD
A1: Average RPD between Obj. Function Values | G1: Best RPD between Obj. Function Values
A2: min Avg(1,2,3): | C2: ILS_RVND_1 | D2: ILS_RVND_2 | E2: AG_LS | G2: min Best(1,2,3): | H2: ILS_RVND_1 | I2: ILS_RVND_2 | J2: AG_LS
A3: =MIN(ILS_RVND_1!L2, ILS_RVND_2!L2, AG_LS!L2) -> 272628.6 | C3: =100 * ((ILS_RVND_1!L2-A3)/ A3) -> 0 | D3: =100 * ((ILS_RVND_2!L2-A3)/A3) -> 9.613078 | E3: =100 * ((AG_LS!L2-A3)/A3) -> 0.47705927 | G3: =MIN(ILS_RVND_1!M2, ILS_RVND_2!M2, AG_LS!M2) -> 271949 | H3: =100 * ((ILS_RVND_1!M2-G3)/ G3) -> 0 | I3: =100 * ((ILS_RVND_2!M2-G3)/ G3) -> 9.0211768 | J3: =100 * ((AG_LS!M2-G3)/ G3) -> 0.22908707
A4: =MIN(ILS_RVND_1!L3, ILS_RVND_2!L3, AG_LS!L3) -> 277153.4 | C4: =100 * ((ILS_RVND_1!L3-A4)/ A4) -> 0 | D4: =100 * ((ILS_RVND_2!L3-A4)/A4) -> 11.353207 | E4: =100 * ((AG_LS!L3-A4)/A4) -> 0.92418134 | G4: =MIN(ILS_RVND_1!M3, ILS_RVND_2!M3, AG_LS!M3) -> 275441 | H4: =100 * ((ILS_RVND_1!M3-G4)/ G4) -> 0 | I4: =100 * ((ILS_RVND_2!M3-G4)/ G4) -> 10.93265 | J4: =100 * ((AG_LS!M3-G4)/ G4) -> 0.21093447
A5: =MIN(ILS_RVND_1!L4, ILS_RVND_2!L4, AG_LS!L4) -> 274257.4 | C5: =100 * ((ILS_RVND_1!L4-A5)/ A5) -> 1.3464723 | D5: =100 * ((ILS_RVND_2!L4-A5)/A5) -> 14.112144 | E5: =100 * ((AG_LS!L4-A5)/A5) -> 0 | G5: =MIN(ILS_RVND_1!M4, ILS_RVND_2!M4, AG_LS!M4) -> 269047 | H5: =100 * ((ILS_RVND_1!M4-G5)/ G5) -> 0 | I5: =100 * ((ILS_RVND_2!M4-G5)/ G5) -> 14.607857 | J5: =100 * ((AG_LS!M4-G5)/ G5) -> 0
A6: =MIN(ILS_RVND_1!L5, ILS_RVND_2!L5, AG_LS!L5) -> 268834.8 | C6: =100 * ((ILS_RVND_1!L5-A6)/ A6) -> 0 | D6: =100 * ((ILS_RVND_2!L5-A6)/A6) -> 14.319723 | E6: =100 * ((AG_LS!L5-A6)/A6) -> 2.5152994 | G6: =MIN(ILS_RVND_1!M5, ILS_RVND_2!M5, AG_LS!M5) -> 267762 | H6: =100 * ((ILS_RVND_1!M5-G6)/ G6) -> 0.076187062 | I6: =100 * ((ILS_RVND_2!M5-G6)/ G6) -> 14.112533 | J6: =100 * ((AG_LS!M5-G6)/ G6) -> 0
A7: =MIN(ILS_RVND_1!L6, ILS_RVND_2!L6, AG_LS!L6) -> 259685.6 | C7: =100 * ((ILS_RVND_1!L6-A7)/ A7) -> 0 | D7: =100 * ((ILS_RVND_2!L6-A7)/A7) -> 13.656052 | E7: =100 * ((AG_LS!L6-A7)/A7) -> 1.0378704 | G7: =MIN(ILS_RVND_1!M6, ILS_RVND_2!M6, AG_LS!M6) -> 259215 | H7: =100 * ((ILS_RVND_1!M6-G7)/ G7) -> 0 | I7: =100 * ((ILS_RVND_2!M6-G7)/ G7) -> 11.032541 | J7: =100 * ((AG_LS!M6-G7)/ G7) -> 0.77233185
A8: =MIN(ILS_RVND_1!L7, ILS_RVND_2!L7, AG_LS!L7) -> 270296.6 | C8: =100 * ((ILS_RVND_1!L7-A8)/ A8) -> 0 | D8: =100 * ((ILS_RVND_2!L7-A8)/A8) -> 12.167153 | E8: =100 * ((AG_LS!L7-A8)/A8) -> 0.52816055 | G8: =MIN(ILS_RVND_1!M7, ILS_RVND_2!M7, AG_LS!M7) -> 268105 | H8: =100 * ((ILS_RVND_1!M7-G8)/ G8) -> 0 | I8: =100 * ((ILS_RVND_2!M7-G8)/ G8) -> 8.3597844 | J8: =100 * ((AG_LS!M7-G8)/ G8) -> 0.84519125
A9: =MIN(ILS_RVND_1!L8, ILS_RVND_2!L8, AG_LS!L8) -> 236799.6 | C9: =100 * ((ILS_RVND_1!L8-A9)/ A9) -> 0 | D9: =100 * ((ILS_RVND_2!L8-A9)/A9) -> 18.304338 | E9: =100 * ((AG_LS!L8-A9)/A9) -> 2.5275381 | G9: =MIN(ILS_RVND_1!M8, ILS_RVND_2!M8, AG_LS!M8) -> 235772 | H9: =100 * ((ILS_RVND_1!M8-G9)/ G9) -> 0 | I9: =100 * ((ILS_RVND_2!M8-G9)/ G9) -> 15.956517 | J9: =100 * ((AG_LS!M8-G9)/ G9) -> 0.5585905
A10: =MIN(ILS_RVND_1!L9, ILS_RVND_2!L9, AG_LS!L9) -> 309597 | C10: =100 * ((ILS_RVND_1!L9-A10)/ A10) -> 0 | D10: =100 * ((ILS_RVND_2!L9-A10)/A10) -> 13.189404 | E10: =100 * ((AG_LS!L9-A10)/A10) -> 1.8750828 | G10: =MIN(ILS_RVND_1!M9, ILS_RVND_2!M9, AG_LS!M9) -> 303740 | H10: =100 * ((ILS_RVND_1!M9-G10)/ G10) -> 0.011852242 | I10: =100 * ((ILS_RVND_2!M9-G10)/ G10) -> 14.192731 | J10: =100 * ((AG_LS!M9-G10)/ G10) -> 0
A11: =MIN(ILS_RVND_1!L10, ILS_RVND_2!L10, AG_LS!L10) -> 251417 | C11: =100 * ((ILS_RVND_1!L10-A11)/ A11) -> 0 | D11: =100 * ((ILS_RVND_2!L10-A11)/A11) -> 11.904923 | E11: =100 * ((AG_LS!L10-A11)/A11) -> 0.7553984 | G11: =MIN(ILS_RVND_1!M10, ILS_RVND_2!M10, AG_LS!M10) -> 249611 | H11: =100 * ((ILS_RVND_1!M10-G11)/ G11) -> 0 | I11: =100 * ((ILS_RVND_2!M10-G11)/ G11) -> 10.708262 | J11: =100 * ((AG_LS!M10-G11)/ G11) -> 0
A12: =MIN(ILS_RVND_1!L11, ILS_RVND_2!L11, AG_LS!L11) -> 293640.4 | C12: =100 * ((ILS_RVND_1!L11-A12)/ A12) -> 1.5833652 | D12: =100 * ((ILS_RVND_2!L11-A12)/A12) -> 10.44863 | E12: =100 * ((AG_LS!L11-A12)/A12) -> 0 | G12: =MIN(ILS_RVND_1!M11, ILS_RVND_2!M11, AG_LS!M11) -> 291480 | H12: =100 * ((ILS_RVND_1!M11-G12)/ G12) -> 1.9641142 | I12: =100 * ((ILS_RVND_2!M11-G12)/ G12) -> 5.6353781 | J12: =100 * ((AG_LS!M11-G12)/ G12) -> 0
A13: =MIN(ILS_RVND_1!L12, ILS_RVND_2!L12, AG_LS!L12) -> 284967.8 | C13: =100 * ((ILS_RVND_1!L12-A13)/ A13) -> 0.59108433 | D13: =100 * ((ILS_RVND_2!L12-A13)/A13) -> 11.569307 | E13: =100 * ((AG_LS!L12-A13)/A13) -> 0 | G13: =MIN(ILS_RVND_1!M12, ILS_RVND_2!M12, AG_LS!M12) -> 277642 | H13: =100 * ((ILS_RVND_1!M12-G13)/ G13) -> 3.0269196 | I13: =100 * ((ILS_RVND_2!M12-G13)/ G13) -> 13.283653 | J13: =100 * ((AG_LS!M12-G13)/ G13) -> 0
A14: =MIN(ILS_RVND_1!L13, ILS_RVND_2!L13, AG_LS!L13) -> 264097.4 | C14: =100 * ((ILS_RVND_1!L13-A14)/ A14) -> 0.069519806 | D14: =100 * ((ILS_RVND_2!L13-A14)/A14) -> 12.306445 | E14: =100 * ((AG_LS!L13-A14)/A14) -> 0 | G14: =MIN(ILS_RVND_1!M13, ILS_RVND_2!M13, AG_LS!M13) -> 261837 | H14: =100 * ((ILS_RVND_1!M13-G14)/ G14) -> 0.71876778 | I14: =100 * ((ILS_RVND_2!M13-G14)/ G14) -> 11.935288 | J14: =100 * ((AG_LS!M13-G14)/ G14) -> 0
... A542: =MIN(ILS_RVND_1!L541, ILS_RVND_2!L541, AG_LS!L541) -> 949815.2 | C542: =100 * ((ILS_RVND_1!L541-A542)/ A542) -> 0 | D542: =100 * ((ILS_RVND_2!L541-A542)/A542) -> 18.929872 | E542: =100 * ((AG_LS!L541-A542)/A542) -> 2.7541989 | G542: =MIN(ILS_RVND_1!M541, ILS_RVND_2!M541, AG_LS!M541) -> 945649 | H542: =100 * ((ILS_RVND_1!M541-G542)/ G542) -> 0 | I542: =100 * ((ILS_RVND_2!M541-G542)/ G542) -> 17.076209 | J542: =100 * ((AG_LS!M541-G542)/ G542) -> 1.5795501

Sheet Tables
B1: N x K | C1: ILS_RVND_1 | E1: ILS_RVND_2 | G1: GA_LS
C2: Best | D2: Avg. | E2: Best | F2: Avg. | G2: Best | H2: Avg.
B3: 50 x 5 | C3: =AVERAGE(Average_RPD!H3:'Average_RPD'!H47) -> 0.41024817 | D3: =AVERAGE(Average_RPD!C3:'Average_RPD'!C47) -> 0.28385529 | E3: =AVERAGE(Average_RPD!I3:'Average_RPD'!I47) -> 12.017002 | F3: =AVERAGE(Average_RPD!D3:'Average_RPD'!D47) -> 13.232898 | G3: =AVERAGE(Average_RPD!J3:'Average_RPD'!J47) -> 0.20668207 | H3: =AVERAGE(Average_RPD!E3:'Average_RPD'!E47) -> 0.87467411
B4: 50 x 8 | C4: =AVERAGE(Average_RPD!H48:'Average_RPD'!H92) -> 0.0035064719 | D4: =AVERAGE(Average_RPD!C48:'Average_RPD'!C92) -> 0 | E4: =AVERAGE(Average_RPD!I48:'Average_RPD'!I92) -> 10.8966 | F4: =AVERAGE(Average_RPD!D48:'Average_RPD'!D92) -> 12.676482 | G4: =AVERAGE(Average_RPD!J48:'Average_RPD'!J92) -> 0.93402566 | H4: =AVERAGE(Average_RPD!E48:'Average_RPD'!E92) -> 1.8015219
B5: 50 x 10 | C5: =AVERAGE(Average_RPD!H93:'Average_RPD'!H137) -> 0.0026781386 | D5: =AVERAGE(Average_RPD!C93:'Average_RPD'!C137) -> 0 | E5: =AVERAGE(Average_RPD!I93:'Average_RPD'!I137) -> 10.114924 | F5: =AVERAGE(Average_RPD!D93:'Average_RPD'!D137) -> 11.512104 | G5: =AVERAGE(Average_RPD!J93:'Average_RPD'!J137) -> 1.1490278 | H5: =AVERAGE(Average_RPD!E93:'Average_RPD'!E137) -> 2.0577898
B6: 50 x 12 | C6: =AVERAGE(Average_RPD!H138:'Average_RPD'!H182) -> 0 | D6: =AVERAGE(Average_RPD!C138:'Average_RPD'!C182) -> 0 | E6: =AVERAGE(Average_RPD!I138:'Average_RPD'!I182) -> 9.0471635 | F6: =AVERAGE(Average_RPD!D138:'Average_RPD'!D182) -> 10.413342 | G6: =AVERAGE(Average_RPD!J138:'Average_RPD'!J182) -> 1.4000492 | H6: =AVERAGE(Average_RPD!E138:'Average_RPD'!E182) -> 2.1173851
B7: 80 x 5 | C7: =AVERAGE(Average_RPD!H183:'Average_RPD'!H227) -> 0.70938336 | D7: =AVERAGE(Average_RPD!C183:'Average_RPD'!C227) -> 0.56814927 | E7: =AVERAGE(Average_RPD!I183:'Average_RPD'!I227) -> 14.517142 | F7: =AVERAGE(Average_RPD!D183:'Average_RPD'!D227) -> 14.608203 | G7: =AVERAGE(Average_RPD!J183:'Average_RPD'!J227) -> 0.88510202 | H7: =AVERAGE(Average_RPD!E183:'Average_RPD'!E227) -> 1.3437688
B8: 80 x 8 | C8: =AVERAGE(Average_RPD!H228:'Average_RPD'!H272) -> 0.052055933 | D8: =AVERAGE(Average_RPD!C228:'Average_RPD'!C272) -> 0.0027111988 | E8: =AVERAGE(Average_RPD!I228:'Average_RPD'!I272) -> 16.528288 | F8: =AVERAGE(Average_RPD!D228:'Average_RPD'!D272) -> 17.299086 | G8: =AVERAGE(Average_RPD!J228:'Average_RPD'!J272) -> 1.7646962 | H8: =AVERAGE(Average_RPD!E228:'Average_RPD'!E272) -> 2.7195024
B9: 80 x 10 | C9: =AVERAGE(Average_RPD!H273:'Average_RPD'!H317) -> 0 | D9: =AVERAGE(Average_RPD!C273:'Average_RPD'!C317) -> 0 | E9: =AVERAGE(Average_RPD!I273:'Average_RPD'!I317) -> 16.134503 | F9: =AVERAGE(Average_RPD!D273:'Average_RPD'!D317) -> 16.932004 | G9: =AVERAGE(Average_RPD!J273:'Average_RPD'!J317) -> 2.1940083 | H9: =AVERAGE(Average_RPD!E273:'Average_RPD'!E317) -> 2.8184308
B10: 80 x 12 | C10: =AVERAGE(Average_RPD!H318:'Average_RPD'!H362) -> 0 | D10: =AVERAGE(Average_RPD!C318:'Average_RPD'!C362) -> 0 | E10: =AVERAGE(Average_RPD!I318:'Average_RPD'!I362) -> 14.558057 | F10: =AVERAGE(Average_RPD!D318:'Average_RPD'!D362) -> 15.728545 | G10: =AVERAGE(Average_RPD!J318:'Average_RPD'!J362) -> 2.1132942 | H10: =AVERAGE(Average_RPD!E318:'Average_RPD'!E362) -> 2.8845443
B11: 100 x 5 | C11: =AVERAGE(Average_RPD!H363:'Average_RPD'!H407) -> 0.60894639 | D11: =AVERAGE(Average_RPD!C363:'Average_RPD'!C407) -> 0.21582881 | E11: =AVERAGE(Average_RPD!I363:'Average_RPD'!I407) -> 14.625087 | F11: =AVERAGE(Average_RPD!D363:'Average_RPD'!D407) -> 14.795355 | G11: =AVERAGE(Average_RPD!J363:'Average_RPD'!J407) -> 0.9096072 | H11: =AVERAGE(Average_RPD!E363:'Average_RPD'!E407) -> 1.4125608
B12: 100 x 8 | C12: =AVERAGE(Average_RPD!H408:'Average_RPD'!H452) -> 0.002410891 | D12: =AVERAGE(Average_RPD!C408:'Average_RPD'!C452) -> 0 | E12: =AVERAGE(Average_RPD!I408:'Average_RPD'!I452) -> 17.124101 | F12: =AVERAGE(Average_RPD!D408:'Average_RPD'!D452) -> 18.091182 | G12: =AVERAGE(Average_RPD!J408:'Average_RPD'!J452) -> 2.0323187 | H12: =AVERAGE(Average_RPD!E408:'Average_RPD'!E452) -> 2.6969229
B13: 100 x 10 | C13: =AVERAGE(Average_RPD!H453:'Average_RPD'!H497) -> 0.0075864301 | D13: =AVERAGE(Average_RPD!C453:'Average_RPD'!C497) -> 0 | E13: =AVERAGE(Average_RPD!I453:'Average_RPD'!I497) -> 16.857375 | F13: =AVERAGE(Average_RPD!D453:'Average_RPD'!D497) -> 18.010242 | G13: =AVERAGE(Average_RPD!J453:'Average_RPD'!J497) -> 2.2354285 | H13: =AVERAGE(Average_RPD!E453:'Average_RPD'!E497) -> 3.0929544
B14: 100 x 12 | C14: =AVERAGE(Average_RPD!H498:'Average_RPD'!H542) -> 0 | D14: =AVERAGE(Average_RPD!C498:'Average_RPD'!C542) -> 0 | E14: =AVERAGE(Average_RPD!I498:'Average_RPD'!I542) -> 16.643965 | F14: =AVERAGE(Average_RPD!D498:'Average_RPD'!D542) -> 17.642597 | G14: =AVERAGE(Average_RPD!J498:'Average_RPD'!J542) -> 2.3712295 | H14: =AVERAGE(Average_RPD!E498:'Average_RPD'!E542) -> 3.0186991
B15: Average: | C15: =AVERAGE(C3:C14) -> 0.14973465 | D15: =AVERAGE(D3:D14) -> 0.089212048 | E15: =AVERAGE(E3:E14) -> 14.088684 | F15: =AVERAGE(F3:F14) -> 15.078503 | G15: =AVERAGE(G3:G14) -> 1.5162891 | H15: =AVERAGE(H3:H14) -> 2.2365629
