Workbook
Name _1_ILS2_OBJ_FUNCTION_new50jobs: Planilha1!$A$1:$J$60
Name _2_ILS2_OBJ_FUNCTION_new50jobs: Planilha2!$A$1:$J$60
Name _3_ILS2_OBJ_FUNCTION_new50jobs: Planilha3!$A$1:$J$60
Name _4_ILS2_OBJ_FUNCTION_new50jobs: Planilha4!$A$1:$J$60
Name _5_ILS2_OBJ_FUNCTION_new50jobs: Planilha5!$A$1:$J$60
Name _6_ILS2_OBJ_FUNCTION_new50jobs: Planilha6!$A$1:$J$60
Name _7_ILS2_OBJ_FUNCTION_new50jobs: Planilha7!$A$1:$J$60
Name out: Planilha12!$B$1:$Y$1

Sheet Planilha1
A1: 1 | B1: 255224 | C1: 251662 | D1: 249856 | E1: 251378 | F1: 259401 | G1: 248546 | H1: 249697 | I1: 252342 | J1: 260665
A2: 2 | B2: 262770 | C2: 264153 | D2: 263207 | E2: 258471 | F2: 259215 | G2: 259968 | H2: 260698 | I2: 258365 | J2: 260370
A3: 3 | B3: 276286 | C3: 282706 | D3: 272099 | E3: 273454 | F3: 273426 | G3: 265590 | H3: 274267 | I3: 264897 | J3: 267805
A4: 4 | B4: 294780 | C4: 287604 | D4: 292656 | E4: 290332 | F4: 293668 | G4: 291315 | H4: 285854 | I4: 291108 | J4: 289406
A5: 5 | B5: 259741 | C5: 258855 | D5: 251548 | E5: 261269 | F5: 258707 | G5: 258414 | H5: 249400 | I5: 250383 | J5: 258085
A6: 6 | B6: 300985 | C6: 303572 | D6: 313715 | E6: 306826 | F6: 305738 | G6: 305671 | H6: 299951 | I6: 304527 | J6: 300956
A7: 7 | B7: 307223 | C7: 302002 | D7: 336315 | E7: 314215 | F7: 302740 | G7: 304037 | H7: 302630 | I7: 303325 | J7: 303317
A8: 8 | B8: 253485 | C8: 253956 | D8: 251709 | E8: 254579 | F8: 257368 | G8: 252356 | H8: 250275 | I8: 246813 | J8: 253499
A9: 9 | B9: 295461 | C9: 293967 | D9: 294541 | E9: 286512 | F9: 285907 | G9: 288862 | H9: 288796 | I9: 287828 | J9: 285971
A10: 10 | B10: 280848 | C10: 280917 | D10: 285814 | E10: 284189 | F10: 285353 | G10: 287055 | H10: 280694 | I10: 280917 | J10: 284185
A11: 11 | B11: 328569 | C11: 325626 | D11: 319850 | E11: 314467 | F11: 314467 | G11: 315548 | H11: 321680 | I11: 316322 | J11: 319907
A12: 12 | B12: 286835 | C12: 288894 | D12: 287171 | E12: 287722 | F12: 282730 | G12: 291261 | H12: 290736 | I12: 286208 | J12: 286543
... A60: 60 | B60: 253301 | C60: 250587 | D60: 246184 | E60: 249583 | F60: 249109 | G60: 249408 | H60: 246988 | I60: 250236 | J60: 246217

Sheet Planilha2
A1: 1 | B1: 260546 | C1: 259568 | D1: 262499 | E1: 251002 | F1: 261013 | G1: 256267 | H1: 248808 | I1: 248493 | J1: 250734
A2: 2 | B2: 262907 | C2: 262285 | D2: 262213 | E2: 257874 | F2: 259496 | G2: 257946 | H2: 261658 | I2: 260428 | J2: 262770
A3: 3 | B3: 273053 | C3: 269168 | D3: 278927 | E3: 268111 | F3: 267405 | G3: 264427 | H3: 271272 | I3: 269564 | J3: 268128
A4: 4 | B4: 294694 | C4: 289903 | D4: 292891 | E4: 291774 | F4: 294636 | G4: 290060 | H4: 286495 | I4: 292161 | J4: 293309
A5: 5 | B5: 250389 | C5: 260102 | D5: 260195 | E5: 258671 | F5: 258954 | G5: 261148 | H5: 257801 | I5: 253900 | J5: 259778
A6: 6 | B6: 308089 | C6: 306006 | D6: 307523 | E6: 300606 | F6: 301090 | G6: 307387 | H6: 300301 | I6: 305292 | J6: 300907
A7: 7 | B7: 314627 | C7: 340152 | D7: 311314 | E7: 307620 | F7: 306938 | G7: 307581 | H7: 304576 | I7: 302163 | J7: 300897
A8: 8 | B8: 257137 | C8: 259173 | D8: 256604 | E8: 257506 | F8: 254876 | G8: 249050 | H8: 254247 | I8: 248838 | J8: 251500
A9: 9 | B9: 290035 | C9: 292091 | D9: 290704 | E9: 282960 | F9: 285287 | G9: 283079 | H9: 286870 | I9: 289008 | J9: 287296
A10: 10 | B10: 287786 | C10: 282376 | D10: 280848 | E10: 280680 | F10: 286227 | G10: 284135 | H10: 285235 | I10: 281249 | J10: 280680
A11: 11 | B11: 340077 | C11: 314838 | D11: 326289 | E11: 322841 | F11: 321406 | G11: 313180 | H11: 314412 | I11: 314414 | J11: 321532
A12: 12 | B12: 287784 | C12: 287107 | D12: 285645 | E12: 285858 | F12: 281429 | G12: 289934 | H12: 283233 | I12: 282245 | J12: 286857
... A60: 60 | B60: 249398 | C60: 252528 | D60: 246040 | E60: 248391 | F60: 247393 | G60: 247772 | H60: 248930 | I60: 249573 | J60: 249599

Sheet Planilha3
A1: 1 | B1: 267125 | C1: 249255 | D1: 250752 | E1: 252216 | F1: 254562 | G1: 247566 | H1: 248172 | I1: 251342 | J1: 248775
A2: 2 | B2: 257946 | C2: 262247 | D2: 263903 | E2: 259929 | F2: 265585 | G2: 262266 | H2: 262239 | I2: 261401 | J2: 259101
A3: 3 | B3: 277358 | C3: 282236 | D3: 267789 | E3: 269473 | F3: 276497 | G3: 275602 | H3: 265444 | I3: 271179 | J3: 264936
A4: 4 | B4: 291574 | C4: 292128 | D4: 291231 | E4: 289570 | F4: 292958 | G4: 283142 | H4: 293967 | I4: 288362 | J4: 290983
A5: 5 | B5: 258889 | C5: 262389 | D5: 263140 | E5: 259778 | F5: 262357 | G5: 255740 | H5: 258309 | I5: 248424 | J5: 248881
A6: 6 | B6: 309206 | C6: 305919 | D6: 301022 | E6: 314132 | F6: 310085 | G6: 304457 | H6: 300916 | I6: 305500 | J6: 298665
A7: 7 | B7: 307859 | C7: 307653 | D7: 315489 | E7: 329745 | F7: 304517 | G7: 307962 | H7: 306630 | I7: 302354 | J7: 301967
A8: 8 | B8: 258675 | C8: 256267 | D8: 262867 | E8: 254945 | F8: 255343 | G8: 256823 | H8: 251288 | I8: 253695 | J8: 255824
A9: 9 | B9: 295468 | C9: 294570 | D9: 291560 | E9: 287508 | F9: 289972 | G9: 289448 | H9: 289558 | I9: 287199 | J9: 285900
A10: 10 | B10: 286528 | C10: 285171 | D10: 287936 | E10: 286832 | F10: 285588 | G10: 287282 | H10: 284224 | I10: 281643 | J10: 285741
A11: 11 | B11: 318834 | C11: 328448 | D11: 323607 | E11: 314394 | F11: 315334 | G11: 314562 | H11: 324731 | I11: 315412 | J11: 325975
A12: 12 | B12: 291613 | C12: 286563 | D12: 290134 | E12: 281649 | F12: 290388 | G12: 281132 | H12: 285975 | I12: 284459 | J12: 283529
... A60: 60 | B60: 253554 | C60: 249283 | D60: 248244 | E60: 243790 | F60: 249675 | G60: 245609 | H60: 242622 | I60: 242718 | J60: 247760

Sheet Planilha4
A1: 1 | B1: 259733 | C1: 251965 | D1: 252897 | E1: 251122 | F1: 260510 | G1: 258431 | H1: 254022 | I1: 247362 | J1: 249409
A2: 2 | B2: 265843 | C2: 264068 | D2: 263239 | E2: 258571 | F2: 258684 | G2: 259941 | H2: 258471 | I2: 259735 | J2: 257401
A3: 3 | B3: 266818 | C3: 277640 | D3: 270167 | E3: 267805 | F3: 264857 | G3: 268128 | H3: 272593 | I3: 267805 | J3: 272462
A4: 4 | B4: 284624 | C4: 291674 | D4: 291594 | E4: 293144 | F4: 281970 | G4: 287861 | H4: 285143 | I4: 281929 | J4: 290916
A5: 5 | B5: 263133 | C5: 262617 | D5: 254038 | E5: 258923 | F5: 251459 | G5: 253297 | H5: 251355 | I5: 258942 | J5: 249067
A6: 6 | B6: 304796 | C6: 303260 | D6: 306382 | E6: 300478 | F6: 302033 | G6: 305886 | H6: 300944 | I6: 301494 | J6: 302179
A7: 7 | B7: 301611 | C7: 308944 | D7: 307138 | E7: 301169 | F7: 306238 | G7: 301072 | H7: 302590 | I7: 301470 | J7: 300320
A8: 8 | B8: 253548 | C8: 252475 | D8: 254039 | E8: 251913 | F8: 255805 | G8: 255317 | H8: 253606 | I8: 256497 | J8: 253889
A9: 9 | B9: 289624 | C9: 285468 | D9: 292477 | E9: 289165 | F9: 287841 | G9: 288253 | H9: 286817 | I9: 289870 | J9: 292916
A10: 10 | B10: 291310 | C10: 281637 | D10: 282969 | E10: 283823 | F10: 283630 | G10: 285651 | H10: 282464 | I10: 287086 | J10: 286703
A11: 11 | B11: 313711 | C11: 321842 | D11: 330266 | E11: 318503 | F11: 316721 | G11: 319968 | H11: 322417 | I11: 321440 | J11: 315268
A12: 12 | B12: 287246 | C12: 289131 | D12: 284705 | E12: 285737 | F12: 282617 | G12: 288874 | H12: 284895 | I12: 284123 | J12: 285314
... A60: 60 | B60: 252133 | C60: 249733 | D60: 248024 | E60: 248406 | F60: 250683 | G60: 249150 | H60: 246214 | I60: 246158 | J60: 248411

Sheet Planilha5
A1: 1 | B1: 253125 | C1: 251196 | D1: 262923 | E1: 247676 | F1: 261767 | G1: 254759 | H1: 258008 | I1: 255431 | J1: 249278
A2: 2 | B2: 261303 | C2: 258860 | D2: 261304 | E2: 258388 | F2: 266138 | G2: 267982 | H2: 261951 | I2: 257401 | J2: 257515
A3: 3 | B3: 273377 | C3: 267789 | D3: 279308 | E3: 275345 | F3: 272390 | G3: 266035 | H3: 265635 | I3: 275593 | J3: 267805
A4: 4 | B4: 285331 | C4: 284597 | D4: 292119 | E4: 283969 | F4: 285411 | G4: 285857 | H4: 289631 | I4: 287733 | J4: 289547
A5: 5 | B5: 258954 | C5: 259499 | D5: 262028 | E5: 251459 | F5: 261039 | G5: 260455 | H5: 260177 | I5: 258401 | J5: 251159
A6: 6 | B6: 303740 | C6: 309692 | D6: 310730 | E6: 308929 | F6: 301494 | G6: 307518 | H6: 303661 | I6: 300485 | J6: 303732
A7: 7 | B7: 316730 | C7: 304934 | D7: 338743 | E7: 303243 | F7: 306800 | G7: 337774 | H7: 300921 | I7: 303317 | J7: 302084
A8: 8 | B8: 253334 | C8: 258240 | D8: 257753 | E8: 259631 | F8: 256363 | G8: 256120 | H8: 251438 | I8: 253002 | J8: 254212
A9: 9 | B9: 290990 | C9: 288950 | D9: 288319 | E9: 285532 | F9: 293595 | G9: 283044 | H9: 287994 | I9: 282960 | J9: 290871
A10: 10 | B10: 289308 | C10: 288487 | D10: 281994 | E10: 284224 | F10: 287749 | G10: 282945 | H10: 280917 | I10: 283830 | J10: 281035
A11: 11 | B11: 319864 | C11: 317549 | D11: 321130 | E11: 318602 | F11: 313380 | G11: 314667 | H11: 314412 | I11: 319155 | J11: 317274
A12: 12 | B12: 288337 | C12: 281847 | D12: 289785 | E12: 283455 | F12: 287158 | G12: 292943 | H12: 284919 | I12: 282242 | J12: 287233
... A60: 60 | B60: 244601 | C60: 251360 | D60: 249470 | E60: 249227 | F60: 245795 | G60: 245068 | H60: 241438 | I60: 242963 | J60: 246166

Sheet Planilha6
A1: 1 | B1: 250953 | C1: 252482 | D1: 249397 | E1: 262846 | F1: 252067 | G1: 259100 | H1: 249004 | I1: 248501 | J1: 250953
A2: 2 | B2: 263995 | C2: 260526 | D2: 263754 | E2: 260900 | F2: 258571 | G2: 258388 | H2: 260405 | I2: 258471 | J2: 259215
A3: 3 | B3: 276870 | C3: 272893 | D3: 267805 | E3: 277390 | F3: 273527 | G3: 275268 | H3: 271944 | I3: 277386 | J3: 267805
A4: 4 | B4: 288859 | C4: 292682 | D4: 293059 | E4: 291491 | F4: 289244 | G4: 285747 | H4: 292936 | I4: 283620 | J4: 284192
A5: 5 | B5: 251427 | C5: 250857 | D5: 259362 | E5: 258232 | F5: 251218 | G5: 261148 | H5: 248968 | I5: 260778 | J5: 252461
A6: 6 | B6: 306098 | C6: 311205 | D6: 309224 | E6: 305922 | F6: 300835 | G6: 304922 | H6: 308618 | I6: 305912 | J6: 302638
A7: 7 | B7: 309115 | C7: 308423 | D7: 343364 | E7: 313510 | F7: 307714 | G7: 301704 | H7: 303704 | I7: 300575 | J7: 302363
A8: 8 | B8: 256387 | C8: 259805 | D8: 259098 | E8: 253000 | F8: 255705 | G8: 252192 | H8: 251940 | I8: 251148 | J8: 253609
A9: 9 | B9: 290294 | C9: 285907 | D9: 284171 | E9: 283044 | F9: 289686 | G9: 285898 | H9: 291676 | I9: 285907 | J9: 282960
A10: 10 | B10: 284887 | C10: 281637 | D10: 283098 | E10: 290650 | F10: 280680 | G10: 285147 | H10: 282150 | I10: 280917 | J10: 280680
A11: 11 | B11: 321290 | C11: 324161 | D11: 316966 | E11: 318942 | F11: 315644 | G11: 315592 | H11: 313068 | I11: 317274 | J11: 320391
A12: 12 | B12: 291130 | C12: 286931 | D12: 283193 | E12: 287666 | F12: 285175 | G12: 283345 | H12: 285931 | I12: 281820 | J12: 287719
... A60: 60 | B60: 253192 | C60: 253575 | D60: 254289 | E60: 246957 | F60: 247732 | G60: 249409 | H60: 240484 | I60: 247224 | J60: 245758

Sheet Planilha7
A1: 1 | B1: 265454 | C1: 247729 | D1: 250008 | E1: 259734 | F1: 259635 | G1: 247362 | H1: 252015 | I1: 248211 | J1: 249825
A2: 2 | B2: 258733 | C2: 262612 | D2: 258684 | E2: 261381 | F2: 257874 | G2: 262613 | H2: 259484 | I2: 258408 | J2: 263450
A3: 3 | B3: 271272 | C3: 278005 | D3: 275849 | E3: 273261 | F3: 267805 | G3: 276005 | H3: 264936 | I3: 265064 | J3: 266527
A4: 4 | B4: 290434 | C4: 285758 | D4: 291140 | E4: 294486 | F4: 287197 | G4: 292752 | H4: 292361 | I4: 285294 | J4: 286988
A5: 5 | B5: 259761 | C5: 250211 | D5: 259962 | E5: 251546 | F5: 260551 | G5: 259668 | H5: 255641 | I5: 250140 | J5: 258109
A6: 6 | B6: 301148 | C6: 302285 | D6: 305610 | E6: 304119 | F6: 303351 | G6: 307750 | H6: 298665 | I6: 306406 | J6: 299781
A7: 7 | B7: 306377 | C7: 311572 | D7: 303599 | E7: 300939 | F7: 302402 | G7: 307110 | H7: 303650 | I7: 300182 | J7: 307487
A8: 8 | B8: 259780 | C8: 256863 | D8: 256388 | E8: 248241 | F8: 253335 | G8: 254545 | H8: 253717 | I8: 254039 | J8: 252233
A9: 9 | B9: 290887 | C9: 288041 | D9: 293787 | E9: 287558 | F9: 287578 | G9: 292533 | H9: 288626 | I9: 289190 | J9: 291171
A10: 10 | B10: 288236 | C10: 282528 | D10: 283163 | E10: 281035 | F10: 280848 | G10: 285035 | H10: 283844 | I10: 280680 | J10: 282640
A11: 11 | B11: 319817 | C11: 318747 | D11: 318722 | E11: 322417 | F11: 323755 | G11: 315506 | H11: 320827 | I11: 317874 | J11: 322462
A12: 12 | B12: 288189 | C12: 290994 | D12: 293132 | E12: 287092 | F12: 285881 | G12: 288139 | H12: 283792 | I12: 281429 | J12: 282428
... A60: 60 | B60: 251353 | C60: 250059 | D60: 250007 | E60: 247332 | F60: 245616 | G60: 249244 | H60: 243711 | I60: 248319 | J60: 246156

Sheet Planilha11
B1: =(Planilha1!B1+Planilha2!B1+Planilha3!B1+Planilha4!B1+Planilha5!B1+Planilha6!B1+Planilha7!B1)/7 -> 258880 | C1: =(Planilha1!C1+Planilha2!C1+Planilha3!C1+Planilha4!C1+Planilha5!C1+Planilha6!C1+Planilha7!C1)/7 -> 251979.57 | D1: =(Planilha1!D1+Planilha2!D1+Planilha3!D1+Planilha4!D1+Planilha5!D1+Planilha6!D1+Planilha7!D1)/7 -> 254047.43 | E1: =(Planilha1!E1+Planilha2!E1+Planilha3!E1+Planilha4!E1+Planilha5!E1+Planilha6!E1+Planilha7!E1)/7 -> 253710.57 | F1: =(Planilha1!F1+Planilha2!F1+Planilha3!F1+Planilha4!F1+Planilha5!F1+Planilha6!F1+Planilha7!F1)/7 -> 258422.14 | G1: =(Planilha1!G1+Planilha2!G1+Planilha3!G1+Planilha4!G1+Planilha5!G1+Planilha6!G1+Planilha7!G1)/7 -> 253147.29 | H1: =(Planilha1!H1+Planilha2!H1+Planilha3!H1+Planilha4!H1+Planilha5!H1+Planilha6!H1+Planilha7!H1)/7 -> 251389.43 | I1: =(Planilha1!I1+Planilha2!I1+Planilha3!I1+Planilha4!I1+Planilha5!I1+Planilha6!I1+Planilha7!I1)/7 -> 250240.29 | J1: =(Planilha1!J1+Planilha2!J1+Planilha3!J1+Planilha4!J1+Planilha5!J1+Planilha6!J1+Planilha7!J1)/7 -> 251377
B2: =(Planilha1!B2+Planilha2!B2+Planilha3!B2+Planilha4!B2+Planilha5!B2+Planilha6!B2+Planilha7!B2)/7 -> 261928.14 | C2: =(Planilha1!C2+Planilha2!C2+Planilha3!C2+Planilha4!C2+Planilha5!C2+Planilha6!C2+Planilha7!C2)/7 -> 262107.29 | D2: =(Planilha1!D2+Planilha2!D2+Planilha3!D2+Planilha4!D2+Planilha5!D2+Planilha6!D2+Planilha7!D2)/7 -> 262329.14 | E2: =(Planilha1!E2+Planilha2!E2+Planilha3!E2+Planilha4!E2+Planilha5!E2+Planilha6!E2+Planilha7!E2)/7 -> 259359.14 | F2: =(Planilha1!F2+Planilha2!F2+Planilha3!F2+Planilha4!F2+Planilha5!F2+Planilha6!F2+Planilha7!F2)/7 -> 260794.71 | G2: =(Planilha1!G2+Planilha2!G2+Planilha3!G2+Planilha4!G2+Planilha5!G2+Planilha6!G2+Planilha7!G2)/7 -> 261300.57 | H2: =(Planilha1!H2+Planilha2!H2+Planilha3!H2+Planilha4!H2+Planilha5!H2+Planilha6!H2+Planilha7!H2)/7 -> 260700.86 | I2: =(Planilha1!I2+Planilha2!I2+Planilha3!I2+Planilha4!I2+Planilha5!I2+Planilha6!I2+Planilha7!I2)/7 -> 259172.71 | J2: =(Planilha1!J2+Planilha2!J2+Planilha3!J2+Planilha4!J2+Planilha5!J2+Planilha6!J2+Planilha7!J2)/7 -> 259974.57
B3: =(Planilha1!B3+Planilha2!B3+Planilha3!B3+Planilha4!B3+Planilha5!B3+Planilha6!B3+Planilha7!B3)/7 -> 273576.29 | C3: =(Planilha1!C3+Planilha2!C3+Planilha3!C3+Planilha4!C3+Planilha5!C3+Planilha6!C3+Planilha7!C3)/7 -> 275776.71 | D3: =(Planilha1!D3+Planilha2!D3+Planilha3!D3+Planilha4!D3+Planilha5!D3+Planilha6!D3+Planilha7!D3)/7 -> 273134.86 | E3: =(Planilha1!E3+Planilha2!E3+Planilha3!E3+Planilha4!E3+Planilha5!E3+Planilha6!E3+Planilha7!E3)/7 -> 272119.86 | F3: =(Planilha1!F3+Planilha2!F3+Planilha3!F3+Planilha4!F3+Planilha5!F3+Planilha6!F3+Planilha7!F3)/7 -> 270843.86 | G3: =(Planilha1!G3+Planilha2!G3+Planilha3!G3+Planilha4!G3+Planilha5!G3+Planilha6!G3+Planilha7!G3)/7 -> 270150.71 | H3: =(Planilha1!H3+Planilha2!H3+Planilha3!H3+Planilha4!H3+Planilha5!H3+Planilha6!H3+Planilha7!H3)/7 -> 269441.57 | I3: =(Planilha1!I3+Planilha2!I3+Planilha3!I3+Planilha4!I3+Planilha5!I3+Planilha6!I3+Planilha7!I3)/7 -> 270212.57 | J3: =(Planilha1!J3+Planilha2!J3+Planilha3!J3+Planilha4!J3+Planilha5!J3+Planilha6!J3+Planilha7!J3)/7 -> 267924
B4: =(Planilha1!B4+Planilha2!B4+Planilha3!B4+Planilha4!B4+Planilha5!B4+Planilha6!B4+Planilha7!B4)/7 -> 290042.29 | C4: =(Planilha1!C4+Planilha2!C4+Planilha3!C4+Planilha4!C4+Planilha5!C4+Planilha6!C4+Planilha7!C4)/7 -> 289192.29 | D4: =(Planilha1!D4+Planilha2!D4+Planilha3!D4+Planilha4!D4+Planilha5!D4+Planilha6!D4+Planilha7!D4)/7 -> 292098.57 | E4: =(Planilha1!E4+Planilha2!E4+Planilha3!E4+Planilha4!E4+Planilha5!E4+Planilha6!E4+Planilha7!E4)/7 -> 290680.86 | F4: =(Planilha1!F4+Planilha2!F4+Planilha3!F4+Planilha4!F4+Planilha5!F4+Planilha6!F4+Planilha7!F4)/7 -> 289297.71 | G4: =(Planilha1!G4+Planilha2!G4+Planilha3!G4+Planilha4!G4+Planilha5!G4+Planilha6!G4+Planilha7!G4)/7 -> 288104.86 | H4: =(Planilha1!H4+Planilha2!H4+Planilha3!H4+Planilha4!H4+Planilha5!H4+Planilha6!H4+Planilha7!H4)/7 -> 289483.86 | I4: =(Planilha1!I4+Planilha2!I4+Planilha3!I4+Planilha4!I4+Planilha5!I4+Planilha6!I4+Planilha7!I4)/7 -> 287172.43 | J4: =(Planilha1!J4+Planilha2!J4+Planilha3!J4+Planilha4!J4+Planilha5!J4+Planilha6!J4+Planilha7!J4)/7 -> 289334.43
B5: =(Planilha1!B5+Planilha2!B5+Planilha3!B5+Planilha4!B5+Planilha5!B5+Planilha6!B5+Planilha7!B5)/7 -> 257470.57 | C5: =(Planilha1!C5+Planilha2!C5+Planilha3!C5+Planilha4!C5+Planilha5!C5+Planilha6!C5+Planilha7!C5)/7 -> 257790 | D5: =(Planilha1!D5+Planilha2!D5+Planilha3!D5+Planilha4!D5+Planilha5!D5+Planilha6!D5+Planilha7!D5)/7 -> 258610.43 | E5: =(Planilha1!E5+Planilha2!E5+Planilha3!E5+Planilha4!E5+Planilha5!E5+Planilha6!E5+Planilha7!E5)/7 -> 257125.43 | F5: =(Planilha1!F5+Planilha2!F5+Planilha3!F5+Planilha4!F5+Planilha5!F5+Planilha6!F5+Planilha7!F5)/7 -> 257755 | G5: =(Planilha1!G5+Planilha2!G5+Planilha3!G5+Planilha4!G5+Planilha5!G5+Planilha6!G5+Planilha7!G5)/7 -> 258552.86 | H5: =(Planilha1!H5+Planilha2!H5+Planilha3!H5+Planilha4!H5+Planilha5!H5+Planilha6!H5+Planilha7!H5)/7 -> 254521.57 | I5: =(Planilha1!I5+Planilha2!I5+Planilha3!I5+Planilha4!I5+Planilha5!I5+Planilha6!I5+Planilha7!I5)/7 -> 254424 | J5: =(Planilha1!J5+Planilha2!J5+Planilha3!J5+Planilha4!J5+Planilha5!J5+Planilha6!J5+Planilha7!J5)/7 -> 253934.29
B6: =(Planilha1!B6+Planilha2!B6+Planilha3!B6+Planilha4!B6+Planilha5!B6+Planilha6!B6+Planilha7!B6)/7 -> 304866 | C6: =(Planilha1!C6+Planilha2!C6+Planilha3!C6+Planilha4!C6+Planilha5!C6+Planilha6!C6+Planilha7!C6)/7 -> 305991.29 | D6: =(Planilha1!D6+Planilha2!D6+Planilha3!D6+Planilha4!D6+Planilha5!D6+Planilha6!D6+Planilha7!D6)/7 -> 307743.71 | E6: =(Planilha1!E6+Planilha2!E6+Planilha3!E6+Planilha4!E6+Planilha5!E6+Planilha6!E6+Planilha7!E6)/7 -> 305858.86 | F6: =(Planilha1!F6+Planilha2!F6+Planilha3!F6+Planilha4!F6+Planilha5!F6+Planilha6!F6+Planilha7!F6)/7 -> 303518 | G6: =(Planilha1!G6+Planilha2!G6+Planilha3!G6+Planilha4!G6+Planilha5!G6+Planilha6!G6+Planilha7!G6)/7 -> 306227.29 | H6: =(Planilha1!H6+Planilha2!H6+Planilha3!H6+Planilha4!H6+Planilha5!H6+Planilha6!H6+Planilha7!H6)/7 -> 301865.14 | I6: =(Planilha1!I6+Planilha2!I6+Planilha3!I6+Planilha4!I6+Planilha5!I6+Planilha6!I6+Planilha7!I6)/7 -> 304230.86 | J6: =(Planilha1!J6+Planilha2!J6+Planilha3!J6+Planilha4!J6+Planilha5!J6+Planilha6!J6+Planilha7!J6)/7 -> 301265.43
B7: =(Planilha1!B7+Planilha2!B7+Planilha3!B7+Planilha4!B7+Planilha5!B7+Planilha6!B7+Planilha7!B7)/7 -> 309077.43 | C7: =(Planilha1!C7+Planilha2!C7+Planilha3!C7+Planilha4!C7+Planilha5!C7+Planilha6!C7+Planilha7!C7)/7 -> 311954.29 | D7: =(Planilha1!D7+Planilha2!D7+Planilha3!D7+Planilha4!D7+Planilha5!D7+Planilha6!D7+Planilha7!D7)/7 -> 322280.29 | E7: =(Planilha1!E7+Planilha2!E7+Planilha3!E7+Planilha4!E7+Planilha5!E7+Planilha6!E7+Planilha7!E7)/7 -> 310063 | F7: =(Planilha1!F7+Planilha2!F7+Planilha3!F7+Planilha4!F7+Planilha5!F7+Planilha6!F7+Planilha7!F7)/7 -> 305335.57 | G7: =(Planilha1!G7+Planilha2!G7+Planilha3!G7+Planilha4!G7+Planilha5!G7+Planilha6!G7+Planilha7!G7)/7 -> 309605.71 | H7: =(Planilha1!H7+Planilha2!H7+Planilha3!H7+Planilha4!H7+Planilha5!H7+Planilha6!H7+Planilha7!H7)/7 -> 303528.71 | I7: =(Planilha1!I7+Planilha2!I7+Planilha3!I7+Planilha4!I7+Planilha5!I7+Planilha6!I7+Planilha7!I7)/7 -> 301912.29 | J7: =(Planilha1!J7+Planilha2!J7+Planilha3!J7+Planilha4!J7+Planilha5!J7+Planilha6!J7+Planilha7!J7)/7 -> 302633.57
B8: =(Planilha1!B8+Planilha2!B8+Planilha3!B8+Planilha4!B8+Planilha5!B8+Planilha6!B8+Planilha7!B8)/7 -> 256049.43 | C8: =(Planilha1!C8+Planilha2!C8+Planilha3!C8+Planilha4!C8+Planilha5!C8+Planilha6!C8+Planilha7!C8)/7 -> 256682.71 | D8: =(Planilha1!D8+Planilha2!D8+Planilha3!D8+Planilha4!D8+Planilha5!D8+Planilha6!D8+Planilha7!D8)/7 -> 256922.57 | E8: =(Planilha1!E8+Planilha2!E8+Planilha3!E8+Planilha4!E8+Planilha5!E8+Planilha6!E8+Planilha7!E8)/7 -> 254259.29 | F8: =(Planilha1!F8+Planilha2!F8+Planilha3!F8+Planilha4!F8+Planilha5!F8+Planilha6!F8+Planilha7!F8)/7 -> 255542.14 | G8: =(Planilha1!G8+Planilha2!G8+Planilha3!G8+Planilha4!G8+Planilha5!G8+Planilha6!G8+Planilha7!G8)/7 -> 253771.86 | H8: =(Planilha1!H8+Planilha2!H8+Planilha3!H8+Planilha4!H8+Planilha5!H8+Planilha6!H8+Planilha7!H8)/7 -> 252358.71 | I8: =(Planilha1!I8+Planilha2!I8+Planilha3!I8+Planilha4!I8+Planilha5!I8+Planilha6!I8+Planilha7!I8)/7 -> 252004.57 | J8: =(Planilha1!J8+Planilha2!J8+Planilha3!J8+Planilha4!J8+Planilha5!J8+Planilha6!J8+Planilha7!J8)/7 -> 253538
B9: =(Planilha1!B9+Planilha2!B9+Planilha3!B9+Planilha4!B9+Planilha5!B9+Planilha6!B9+Planilha7!B9)/7 -> 291822.71 | C9: =(Planilha1!C9+Planilha2!C9+Planilha3!C9+Planilha4!C9+Planilha5!C9+Planilha6!C9+Planilha7!C9)/7 -> 289856.29 | D9: =(Planilha1!D9+Planilha2!D9+Planilha3!D9+Planilha4!D9+Planilha5!D9+Planilha6!D9+Planilha7!D9)/7 -> 290794.14 | E9: =(Planilha1!E9+Planilha2!E9+Planilha3!E9+Planilha4!E9+Planilha5!E9+Planilha6!E9+Planilha7!E9)/7 -> 286039.86 | F9: =(Planilha1!F9+Planilha2!F9+Planilha3!F9+Planilha4!F9+Planilha5!F9+Planilha6!F9+Planilha7!F9)/7 -> 288552.29 | G9: =(Planilha1!G9+Planilha2!G9+Planilha3!G9+Planilha4!G9+Planilha5!G9+Planilha6!G9+Planilha7!G9)/7 -> 287302.43 | H9: =(Planilha1!H9+Planilha2!H9+Planilha3!H9+Planilha4!H9+Planilha5!H9+Planilha6!H9+Planilha7!H9)/7 -> 288619.57 | I9: =(Planilha1!I9+Planilha2!I9+Planilha3!I9+Planilha4!I9+Planilha5!I9+Planilha6!I9+Planilha7!I9)/7 -> 287423.14 | J9: =(Planilha1!J9+Planilha2!J9+Planilha3!J9+Planilha4!J9+Planilha5!J9+Planilha6!J9+Planilha7!J9)/7 -> 288155
B10: =(Planilha1!B10+Planilha2!B10+Planilha3!B10+Planilha4!B10+Planilha5!B10+Planilha6!B10+Planilha7!B10)/7 -> 286986.14 | C10: =(Planilha1!C10+Planilha2!C10+Planilha3!C10+Planilha4!C10+Planilha5!C10+Planilha6!C10+Planilha7!C10)/7 -> 283250.43 | D10: =(Planilha1!D10+Planilha2!D10+Planilha3!D10+Planilha4!D10+Planilha5!D10+Planilha6!D10+Planilha7!D10)/7 -> 283688.86 | E10: =(Planilha1!E10+Planilha2!E10+Planilha3!E10+Planilha4!E10+Planilha5!E10+Planilha6!E10+Planilha7!E10)/7 -> 284490.43 | F10: =(Planilha1!F10+Planilha2!F10+Planilha3!F10+Planilha4!F10+Planilha5!F10+Planilha6!F10+Planilha7!F10)/7 -> 284296.43 | G10: =(Planilha1!G10+Planilha2!G10+Planilha3!G10+Planilha4!G10+Planilha5!G10+Planilha6!G10+Planilha7!G10)/7 -> 285321.43 | H10: =(Planilha1!H10+Planilha2!H10+Planilha3!H10+Planilha4!H10+Planilha5!H10+Planilha6!H10+Planilha7!H10)/7 -> 282789.71 | I10: =(Planilha1!I10+Planilha2!I10+Planilha3!I10+Planilha4!I10+Planilha5!I10+Planilha6!I10+Planilha7!I10)/7 -> 282331.71 | J10: =(Planilha1!J10+Planilha2!J10+Planilha3!J10+Planilha4!J10+Planilha5!J10+Planilha6!J10+Planilha7!J10)/7 -> 283094.86
B11: =(Planilha1!B11+Planilha2!B11+Planilha3!B11+Planilha4!B11+Planilha5!B11+Planilha6!B11+Planilha7!B11)/7 -> 323166 | C11: =(Planilha1!C11+Planilha2!C11+Planilha3!C11+Planilha4!C11+Planilha5!C11+Planilha6!C11+Planilha7!C11)/7 -> 321601.57 | D11: =(Planilha1!D11+Planilha2!D11+Planilha3!D11+Planilha4!D11+Planilha5!D11+Planilha6!D11+Planilha7!D11)/7 -> 322404.29 | E11: =(Planilha1!E11+Planilha2!E11+Planilha3!E11+Planilha4!E11+Planilha5!E11+Planilha6!E11+Planilha7!E11)/7 -> 318595.14 | F11: =(Planilha1!F11+Planilha2!F11+Planilha3!F11+Planilha4!F11+Planilha5!F11+Planilha6!F11+Planilha7!F11)/7 -> 317243.86 | G11: =(Planilha1!G11+Planilha2!G11+Planilha3!G11+Planilha4!G11+Planilha5!G11+Planilha6!G11+Planilha7!G11)/7 -> 315574.71 | H11: =(Planilha1!H11+Planilha2!H11+Planilha3!H11+Planilha4!H11+Planilha5!H11+Planilha6!H11+Planilha7!H11)/7 -> 318792.43 | I11: =(Planilha1!I11+Planilha2!I11+Planilha3!I11+Planilha4!I11+Planilha5!I11+Planilha6!I11+Planilha7!I11)/7 -> 317413 | J11: =(Planilha1!J11+Planilha2!J11+Planilha3!J11+Planilha4!J11+Planilha5!J11+Planilha6!J11+Planilha7!J11)/7 -> 320401.29
B12: =(Planilha1!B12+Planilha2!B12+Planilha3!B12+Planilha4!B12+Planilha5!B12+Planilha6!B12+Planilha7!B12)/7 -> 288733.43 | C12: =(Planilha1!C12+Planilha2!C12+Planilha3!C12+Planilha4!C12+Planilha5!C12+Planilha6!C12+Planilha7!C12)/7 -> 287352.43 | D12: =(Planilha1!D12+Planilha2!D12+Planilha3!D12+Planilha4!D12+Planilha5!D12+Planilha6!D12+Planilha7!D12)/7 -> 287680.71 | E12: =(Planilha1!E12+Planilha2!E12+Planilha3!E12+Planilha4!E12+Planilha5!E12+Planilha6!E12+Planilha7!E12)/7 -> 285597 | F12: =(Planilha1!F12+Planilha2!F12+Planilha3!F12+Planilha4!F12+Planilha5!F12+Planilha6!F12+Planilha7!F12)/7 -> 285054 | G12: =(Planilha1!G12+Planilha2!G12+Planilha3!G12+Planilha4!G12+Planilha5!G12+Planilha6!G12+Planilha7!G12)/7 -> 287946.86 | H12: =(Planilha1!H12+Planilha2!H12+Planilha3!H12+Planilha4!H12+Planilha5!H12+Planilha6!H12+Planilha7!H12)/7 -> 285640.14 | I12: =(Planilha1!I12+Planilha2!I12+Planilha3!I12+Planilha4!I12+Planilha5!I12+Planilha6!I12+Planilha7!I12)/7 -> 283218 | J12: =(Planilha1!J12+Planilha2!J12+Planilha3!J12+Planilha4!J12+Planilha5!J12+Planilha6!J12+Planilha7!J12)/7 -> 285660.43
... B60: =(Planilha1!B60+Planilha2!B60+Planilha3!B60+Planilha4!B60+Planilha5!B60+Planilha6!B60+Planilha7!B60)/7 -> 251076 | C60: =(Planilha1!C60+Planilha2!C60+Planilha3!C60+Planilha4!C60+Planilha5!C60+Planilha6!C60+Planilha7!C60)/7 -> 251017.86 | D60: =(Planilha1!D60+Planilha2!D60+Planilha3!D60+Planilha4!D60+Planilha5!D60+Planilha6!D60+Planilha7!D60)/7 -> 248894 | E60: =(Planilha1!E60+Planilha2!E60+Planilha3!E60+Planilha4!E60+Planilha5!E60+Planilha6!E60+Planilha7!E60)/7 -> 247669.43 | F60: =(Planilha1!F60+Planilha2!F60+Planilha3!F60+Planilha4!F60+Planilha5!F60+Planilha6!F60+Planilha7!F60)/7 -> 248000.43 | G60: =(Planilha1!G60+Planilha2!G60+Planilha3!G60+Planilha4!G60+Planilha5!G60+Planilha6!G60+Planilha7!G60)/7 -> 247951.43 | H60: =(Planilha1!H60+Planilha2!H60+Planilha3!H60+Planilha4!H60+Planilha5!H60+Planilha6!H60+Planilha7!H60)/7 -> 244341 | I60: =(Planilha1!I60+Planilha2!I60+Planilha3!I60+Planilha4!I60+Planilha5!I60+Planilha6!I60+Planilha7!I60)/7 -> 246741.57 | J60: =(Planilha1!J60+Planilha2!J60+Planilha3!J60+Planilha4!J60+Planilha5!J60+Planilha6!J60+Planilha7!J60)/7 -> 247152.43

Sheet Planilha12
A1: Minimum: | B1: 30-5 | C1: 30-8 | D1: 30-10 | E1: 50-5 | F1: 50-8 | G1: 50-10 | H1: 70-5 | I1: 70-8 | J1: 70-10
A2: =MIN(Planilha11!B1:J1) -> 250240.29 | B2: =100*( Planilha11!B1-Planilha12!$A2)/Planilha12!$A2 -> 3.4525673 | C2: =100*( Planilha11!C1-Planilha12!$A2)/Planilha12!$A2 -> 0.69504625 | D2: =100*( Planilha11!D1-Planilha12!$A2)/Planilha12!$A2 -> 1.5213949 | E2: =100*( Planilha11!E1-Planilha12!$A2)/Planilha12!$A2 -> 1.3867814 | F2: =100*( Planilha11!F1-Planilha12!$A2)/Planilha12!$A2 -> 3.2696003 | G2: =100*( Planilha11!G1-Planilha12!$A2)/Planilha12!$A2 -> 1.1616835 | H2: =100*( Planilha11!H1-Planilha12!$A2)/Planilha12!$A2 -> 0.45921577 | I2: =100*( Planilha11!I1-Planilha12!$A2)/Planilha12!$A2 -> 0 | J2: =100*( Planilha11!J1-Planilha12!$A2)/Planilha12!$A2 -> 0.45424912
A3: =MIN(Planilha11!B2:J2) -> 259172.71 | B3: =100*( Planilha11!B2-Planilha12!$A3)/Planilha12!$A3 -> 1.0631631 | C3: =100*( Planilha11!C2-Planilha12!$A3)/Planilha12!$A3 -> 1.1322841 | D3: =100*( Planilha11!D2-Planilha12!$A3)/Planilha12!$A3 -> 1.2178861 | E3: =100*( Planilha11!E2-Planilha12!$A3)/Planilha12!$A3 -> 0.071932175 | F3: =100*( Planilha11!F2-Planilha12!$A3)/Planilha12!$A3 -> 0.62583749 | G3: =100*( Planilha11!G2-Planilha12!$A3)/Planilha12!$A3 -> 0.82101897 | H3: =100*( Planilha11!H2-Planilha12!$A3)/Planilha12!$A3 -> 0.58962336 | I3: =100*( Planilha11!I2-Planilha12!$A3)/Planilha12!$A3 -> 0 | J3: =100*( Planilha11!J2-Planilha12!$A3)/Planilha12!$A3 -> 0.30939103
A4: =MIN(Planilha11!B3:J3) -> 267924 | B4: =100*( Planilha11!B3-Planilha12!$A4)/Planilha12!$A4 -> 2.1096601 | C4: =100*( Planilha11!C3-Planilha12!$A4)/Planilha12!$A4 -> 2.9309484 | D4: =100*( Planilha11!D3-Planilha12!$A4)/Planilha12!$A4 -> 1.9449012 | E4: =100*( Planilha11!E3-Planilha12!$A4)/Planilha12!$A4 -> 1.5660624 | F4: =100*( Planilha11!F3-Planilha12!$A4)/Planilha12!$A4 -> 1.089808 | G4: =100*( Planilha11!G3-Planilha12!$A4)/Planilha12!$A4 -> 0.83109922 | H4: =100*( Planilha11!H3-Planilha12!$A4)/Planilha12!$A4 -> 0.56641862 | I4: =100*( Planilha11!I3-Planilha12!$A4)/Planilha12!$A4 -> 0.85418679 | J4: =100*( Planilha11!J3-Planilha12!$A4)/Planilha12!$A4 -> 0
A5: =MIN(Planilha11!B4:J4) -> 287172.43 | B5: =100*( Planilha11!B4-Planilha12!$A5)/Planilha12!$A5 -> 0.99934982 | C5: =100*( Planilha11!C4-Planilha12!$A5)/Planilha12!$A5 -> 0.7033604 | D5: =100*( Planilha11!D4-Planilha12!$A5)/Planilha12!$A5 -> 1.7153955 | E5: =100*( Planilha11!E4-Planilha12!$A5)/Planilha12!$A5 -> 1.221715 | F5: =100*( Planilha11!F4-Planilha12!$A5)/Planilha12!$A5 -> 0.74007304 | G5: =100*( Planilha11!G4-Planilha12!$A5)/Planilha12!$A5 -> 0.32469293 | H5: =100*( Planilha11!H4-Planilha12!$A5)/Planilha12!$A5 -> 0.80489223 | I5: =100*( Planilha11!I4-Planilha12!$A5)/Planilha12!$A5 -> 0 | J5: =100*( Planilha11!J4-Planilha12!$A5)/Planilha12!$A5 -> 0.75285779
A6: =MIN(Planilha11!B5:J5) -> 253934.29 | B6: =100*( Planilha11!B5-Planilha12!$A6)/Planilha12!$A6 -> 1.3925988 | C6: =100*( Planilha11!C5-Planilha12!$A6)/Planilha12!$A6 -> 1.5183906 | D6: =100*( Planilha11!D5-Planilha12!$A6)/Planilha12!$A6 -> 1.8414775 | E6: =100*( Planilha11!E5-Planilha12!$A6)/Planilha12!$A6 -> 1.2566806 | F6: =100*( Planilha11!F5-Planilha12!$A6)/Planilha12!$A6 -> 1.5046075 | G6: =100*( Planilha11!G5-Planilha12!$A6)/Planilha12!$A6 -> 1.8188058 | H6: =100*( Planilha11!H5-Planilha12!$A6)/Planilha12!$A6 -> 0.23127468 | I6: =100*( Planilha11!I5-Planilha12!$A6)/Planilha12!$A6 -> 0.19285079 | J6: =100*( Planilha11!J5-Planilha12!$A6)/Planilha12!$A6 -> 0
A7: =MIN(Planilha11!B6:J6) -> 301265.43 | B7: =100*( Planilha11!B6-Planilha12!$A7)/Planilha12!$A7 -> 1.1951492 | C7: =100*( Planilha11!C6-Planilha12!$A7)/Planilha12!$A7 -> 1.5686689 | D7: =100*( Planilha11!D6-Planilha12!$A7)/Planilha12!$A7 -> 2.1503582 | E7: =100*( Planilha11!E6-Planilha12!$A7)/Planilha12!$A7 -> 1.5247115 | F7: =100*( Planilha11!F6-Planilha12!$A7)/Planilha12!$A7 -> 0.74770326 | G7: =100*( Planilha11!G6-Planilha12!$A7)/Planilha12!$A7 -> 1.6470052 | H7: =100*( Planilha11!H6-Planilha12!$A7)/Planilha12!$A7 -> 0.19906509 | I7: =100*( Planilha11!I6-Planilha12!$A7)/Planilha12!$A7 -> 0.98432422 | J7: =100*( Planilha11!J6-Planilha12!$A7)/Planilha12!$A7 -> 0
A8: =MIN(Planilha11!B7:J7) -> 301912.29 | B8: =100*( Planilha11!B7-Planilha12!$A8)/Planilha12!$A8 -> 2.3732532 | C8: =100*( Planilha11!C7-Planilha12!$A8)/Planilha12!$A8 -> 3.3261316 | D8: =100*( Planilha11!D7-Planilha12!$A8)/Planilha12!$A8 -> 6.7463303 | E8: =100*( Planilha11!E7-Planilha12!$A8)/Planilha12!$A8 -> 2.6996961 | F8: =100*( Planilha11!F7-Planilha12!$A8)/Planilha12!$A8 -> 1.1338676 | G8: =100*( Planilha11!G7-Planilha12!$A8)/Planilha12!$A8 -> 2.548233 | H8: =100*( Planilha11!H7-Planilha12!$A8)/Planilha12!$A8 -> 0.53539675 | I8: =100*( Planilha11!I7-Planilha12!$A8)/Planilha12!$A8 -> 0 | J8: =100*( Planilha11!J7-Planilha12!$A8)/Planilha12!$A8 -> 0.23890572
A9: =MIN(Planilha11!B8:J8) -> 252004.57 | B9: =100*( Planilha11!B8-Planilha12!$A9)/Planilha12!$A9 -> 1.6050729 | C9: =100*( Planilha11!C8-Planilha12!$A9)/Planilha12!$A9 -> 1.8563722 | D9: =100*( Planilha11!D8-Planilha12!$A9)/Planilha12!$A9 -> 1.9515519 | E9: =100*( Planilha11!E8-Planilha12!$A9)/Planilha12!$A9 -> 0.89471166 | F9: =100*( Planilha11!F8-Planilha12!$A9)/Planilha12!$A9 -> 1.4037727 | G9: =100*( Planilha11!G8-Planilha12!$A9)/Planilha12!$A9 -> 0.70129113 | H9: =100*( Planilha11!H8-Planilha12!$A9)/Planilha12!$A9 -> 0.14053033 | I9: =100*( Planilha11!I8-Planilha12!$A9)/Planilha12!$A9 -> 0 | J9: =100*( Planilha11!J8-Planilha12!$A9)/Planilha12!$A9 -> 0.60849236
A10: =MIN(Planilha11!B9:J9) -> 286039.86 | B10: =100*( Planilha11!B9-Planilha12!$A10)/Planilha12!$A10 -> 2.0216963 | C10: =100*( Planilha11!C9-Planilha12!$A10)/Planilha12!$A10 -> 1.3342296 | D10: =100*( Planilha11!D9-Planilha12!$A10)/Planilha12!$A10 -> 1.662106 | E10: =100*( Planilha11!E9-Planilha12!$A10)/Planilha12!$A10 -> 0 | F10: =100*( Planilha11!F9-Planilha12!$A10)/Planilha12!$A10 -> 0.87834912 | G10: =100*( Planilha11!G9-Planilha12!$A10)/Planilha12!$A10 -> 0.44139703 | H10: =100*( Planilha11!H9-Planilha12!$A10)/Planilha12!$A10 -> 0.90187232 | I10: =100*( Planilha11!I9-Planilha12!$A10)/Planilha12!$A10 -> 0.48359894 | J10: =100*( Planilha11!J9-Planilha12!$A10)/Planilha12!$A10 -> 0.73945739
A11: =MIN(Planilha11!B10:J10) -> 282331.71 | B11: =100*( Planilha11!B10-Planilha12!$A11)/Planilha12!$A11 -> 1.6485674 | C11: =100*( Planilha11!C10-Planilha12!$A11)/Planilha12!$A11 -> 0.32540244 | D11: =100*( Planilha11!D10-Planilha12!$A11)/Planilha12!$A11 -> 0.4806909 | E11: =100*( Planilha11!E10-Planilha12!$A11)/Planilha12!$A11 -> 0.76460212 | F11: =100*( Planilha11!F10-Planilha12!$A11)/Planilha12!$A11 -> 0.69588863 | G11: =100*( Planilha11!G10-Planilha12!$A11)/Planilha12!$A11 -> 1.0589368 | H11: =100*( Planilha11!H10-Planilha12!$A11)/Planilha12!$A11 -> 0.16222053 | I11: =100*( Planilha11!I10-Planilha12!$A11)/Planilha12!$A11 -> 0 | J11: =100*( Planilha11!J10-Planilha12!$A11)/Planilha12!$A11 -> 0.27030008
A12: =MIN(Planilha11!B11:J11) -> 315574.71 | B12: =100*( Planilha11!B11-Planilha12!$A12)/Planilha12!$A12 -> 2.4055431 | C12: =100*( Planilha11!C11-Planilha12!$A12)/Planilha12!$A12 -> 1.9098036 | D12: =100*( Planilha11!D11-Planilha12!$A12)/Planilha12!$A12 -> 2.1641694 | E12: =100*( Planilha11!E11-Planilha12!$A12)/Planilha12!$A12 -> 0.95711996 | F12: =100*( Planilha11!F11-Planilha12!$A12)/Planilha12!$A12 -> 0.52892161 | G12: =100*( Planilha11!G11-Planilha12!$A12)/Planilha12!$A12 -> 0 | H12: =100*( Planilha11!H11-Planilha12!$A12)/Planilha12!$A12 -> 1.0196363 | I12: =100*( Planilha11!I11-Planilha12!$A12)/Planilha12!$A12 -> 0.58251996 | J12: =100*( Planilha11!J11-Planilha12!$A12)/Planilha12!$A12 -> 1.5294544
A13: =MIN(Planilha11!B12:J12) -> 283218 | B13: =100*( Planilha11!B12-Planilha12!$A13)/Planilha12!$A13 -> 1.9474146 | C13: =100*( Planilha11!C12-Planilha12!$A13)/Planilha12!$A13 -> 1.4598043 | D13: =100*( Planilha11!D12-Planilha12!$A13)/Planilha12!$A13 -> 1.575717 | E13: =100*( Planilha11!E12-Planilha12!$A13)/Planilha12!$A13 -> 0.83998898 | F13: =100*( Planilha11!F12-Planilha12!$A13)/Planilha12!$A13 -> 0.64826388 | G13: =100*( Planilha11!G12-Planilha12!$A13)/Planilha12!$A13 -> 1.6696881 | H13: =100*( Planilha11!H12-Planilha12!$A13)/Planilha12!$A13 -> 0.85522208 | I13: =100*( Planilha11!I12-Planilha12!$A13)/Planilha12!$A13 -> 0 | J13: =100*( Planilha11!J12-Planilha12!$A13)/Planilha12!$A13 -> 0.86238465
... A61: =MIN(Planilha11!B60:J60) -> 244341 | B61: =100*( Planilha11!B60-Planilha12!$A61)/Planilha12!$A61 -> 2.7563937 | C61: =100*( Planilha11!C60-Planilha12!$A61)/Planilha12!$A61 -> 2.7325979 | D61: =100*( Planilha11!D60-Planilha12!$A61)/Planilha12!$A61 -> 1.8633795 | E61: =100*( Planilha11!E60-Planilha12!$A61)/Planilha12!$A61 -> 1.3622063 | F61: =100*( Planilha11!F60-Planilha12!$A61)/Planilha12!$A61 -> 1.4976727 | G61: =100*( Planilha11!G60-Planilha12!$A61)/Planilha12!$A61 -> 1.4776188 | H61: =100*( Planilha11!H60-Planilha12!$A61)/Planilha12!$A61 -> 0 | I61: =100*( Planilha11!I60-Planilha12!$A61)/Planilha12!$A61 -> 0.98246771 | J61: =100*( Planilha11!J60-Planilha12!$A61)/Planilha12!$A61 -> 1.1506168
A63: graph - >Interval -> simple -> seleciona tudo > ok
A64: Nao batem horizontalmente/verticalmente -> estatisticamente melhor
