Workbook
Name _1_FINAL_GA_TIME_100jobs: Times!$Y$363:$Z$542
Name _1_FINAL_GA_TIME_50jobs: Times!$Y$3:$Z$182
Name _1_FINAL_GA_TIME_80jobs: Times!$Y$183:$Z$362
Name _1_FINAL_ILS_PROP_OBJ_F_100jobs: AG_LS!$A$362:$B$541
Name _1_FINAL_ILS_PROP_OBJ_F_100jobs: ILS_RVND_1!$A$362:$B$541
Name _1_FINAL_ILS_PROP_OBJ_F_100jobs: ILS_RVND_2!$A$362:$B$541
Name _1_FINAL_ILS_PROP_OBJ_F_50jobs: AG_LS!$A$2:$B$181
Name _1_FINAL_ILS_PROP_OBJ_F_50jobs: ILS_RVND_1!$A$2:$B$181
Name _1_FINAL_ILS_PROP_OBJ_F_50jobs: ILS_RVND_2!$A$2:$B$181
Name _1_FINAL_ILS_PROP_OBJ_F_80jobs: AG_LS!$A$182:$B$361
Name _1_FINAL_ILS_PROP_OBJ_F_80jobs: ILS_RVND_1!$A$182:$B$361
Name _1_FINAL_ILS_PROP_OBJ_F_80jobs: ILS_RVND_2!$A$182:$B$361
Name _1_FINAL_ILS_PROP_TIME_100jobs: Times!$A$363:$B$542
Name _1_FINAL_ILS_PROP_TIME_50jobs: Times!$A$3:$B$182
Name _1_FINAL_ILS_PROP_TIME_80jobs_1: Times!$A$183:$B$362
Name _1_FINAL24_100_ILS2_TIME_100jobs: Times!$M$363:$N$542
Name _1_FINAL24_100_ILS2_TIME_50jobs: Times!$M$3:$N$182
Name _1_FINAL24_100_ILS2_TIME_80jobs: Times!$M$183:$N$362
Name _2_FINAL_GA_TIME_100jobs: Times!$AA$363:$AB$542
Name _2_FINAL_GA_TIME_50jobs: Times!$AA$3:$AB$182
Name _2_FINAL_GA_TIME_80jobs: Times!$AA$183:$AB$362
Name _2_FINAL_ILS_PROP_OBJ_F_100jobs: AG_LS!$C$362:$D$541
Name _2_FINAL_ILS_PROP_OBJ_F_100jobs: ILS_RVND_1!$C$362:$D$541
Name _2_FINAL_ILS_PROP_OBJ_F_100jobs: ILS_RVND_2!$C$362:$D$541
Name _2_FINAL_ILS_PROP_OBJ_F_50jobs: AG_LS!$C$2:$D$181
Name _2_FINAL_ILS_PROP_OBJ_F_50jobs: ILS_RVND_1!$C$2:$D$181
Name _2_FINAL_ILS_PROP_OBJ_F_50jobs: ILS_RVND_2!$C$2:$D$181
Name _2_FINAL_ILS_PROP_OBJ_F_80jobs: AG_LS!$C$182:$D$361
Name _2_FINAL_ILS_PROP_OBJ_F_80jobs: ILS_RVND_1!$C$182:$D$361
Name _2_FINAL_ILS_PROP_OBJ_F_80jobs: ILS_RVND_2!$C$182:$D$361
Name _2_FINAL_ILS_PROP_TIME_100jobs: Times!$C$363:$D$542
Name _2_FINAL_ILS_PROP_TIME_50jobs: Times!$C$3:$D$182
Name _2_FINAL_ILS_PROP_TIME_80jobs_1: Times!$C$183:$D$362
Name _2_FINAL24_100_ILS2_TIME_100jobs: Times!$O$363:$P$542
Name _2_FINAL24_100_ILS2_TIME_50jobs_1: Times!$O$3:$P$182
Name _2_FINAL24_100_ILS2_TIME_80jobs: Times!$O$183:$P$362
Name _3_FINAL_GA_TIME_100jobs: Times!$AC$363:$AD$542
Name _3_FINAL_GA_TIME_50jobs: Times!$AC$3:$AD$182
Name _3_FINAL_GA_TIME_80jobs: Times!$AC$183:$AD$362
Name _3_FINAL_ILS_PROP_OBJ_F_100jobs: AG_LS!$E$362:$F$541
Name _3_FINAL_ILS_PROP_OBJ_F_100jobs: ILS_RVND_1!$E$362:$F$541
Name _3_FINAL_ILS_PROP_OBJ_F_100jobs: ILS_RVND_2!$E$362:$F$541
Name _3_FINAL_ILS_PROP_OBJ_F_50jobs: AG_LS!$E$2:$F$181
Name _3_FINAL_ILS_PROP_OBJ_F_50jobs: ILS_RVND_1!$E$2:$F$181
Name _3_FINAL_ILS_PROP_OBJ_F_50jobs: ILS_RVND_2!$E$2:$F$181
Name _3_FINAL_ILS_PROP_OBJ_F_80jobs: AG_LS!$E$182:$F$361
Name _3_FINAL_ILS_PROP_OBJ_F_80jobs: ILS_RVND_1!$E$182:$F$361
Name _3_FINAL_ILS_PROP_OBJ_F_80jobs: ILS_RVND_2!$E$182:$F$361
Name _3_FINAL_ILS_PROP_TIME_100jobs: Times!$E$363:$F$542
Name _3_FINAL_ILS_PROP_TIME_50jobs: Times!$E$3:$F$182
Name _3_FINAL_ILS_PROP_TIME_80jobs_1: Times!$E$183:$F$362
Name _3_FINAL24_100_ILS2_TIME_100jobs: Times!$Q$363:$R$542
Name _3_FINAL24_100_ILS2_TIME_50jobs: Times!$Q$3:$R$182
Name _3_FINAL24_100_ILS2_TIME_80jobs: Times!$Q$183:$R$362
Name _4_FINAL_GA_TIME_100jobs: Times!$AE$363:$AF$542
Name _4_FINAL_GA_TIME_50jobs: Times!$AE$3:$AF$182
Name _4_FINAL_GA_TIME_80jobs: Times!$AE$183:$AF$362
Name _4_FINAL_ILS_PROP_OBJ_F_100jobs: AG_LS!$G$362:$H$541
Name _4_FINAL_ILS_PROP_OBJ_F_100jobs: ILS_RVND_1!$G$362:$H$541
Name _4_FINAL_ILS_PROP_OBJ_F_100jobs: ILS_RVND_2!$G$362:$H$541

Sheet ILS_RVND_1
A1: Final Obj. Function Values (5 rounds) | L1: Average: | M1: Best Value:
A2: 1 | B2: 272533 | C2: 1 | D2: 273264 | E2: 1 | F2: 273048 | G2: 1 | H2: 272349 | I2: 1 | J2: 271949 | L2: =(B2+D2+F2+H2+J2)/5 -> 272628.6 | M2: =MIN(B2,D2,F2,H2,J2) -> 271949
A3: 2 | B3: 277712 | C3: 2 | D3: 277345 | E3: 2 | F3: 277924 | G3: 2 | H3: 275441 | I3: 2 | J3: 277345 | L3: =(B3+D3+F3+H3+J3)/5 -> 277153.4 | M3: =MIN(B3,D3,F3,H3,J3) -> 275441
A4: 3 | B4: 280176 | C4: 3 | D4: 280176 | E4: 3 | F4: 269047 | G4: 3 | H4: 280176 | I4: 3 | J4: 280176 | L4: =(B4+D4+F4+H4+J4)/5 -> 277950.2 | M4: =MIN(B4,D4,F4,H4,J4) -> 269047
A5: 4 | B5: 268515 | C5: 4 | D5: 267966 | E5: 4 | F5: 270002 | G5: 4 | H5: 268515 | I5: 4 | J5: 269176 | L5: =(B5+D5+F5+H5+J5)/5 -> 268834.8 | M5: =MIN(B5,D5,F5,H5,J5) -> 267966
A6: 5 | B6: 259785 | C6: 5 | D6: 259215 | E6: 5 | F6: 260326 | G6: 5 | H6: 259887 | I6: 5 | J6: 259215 | L6: =(B6+D6+F6+H6+J6)/5 -> 259685.6 | M6: =MIN(B6,D6,F6,H6,J6) -> 259215
A7: 6 | B7: 270137 | C7: 6 | D7: 272060 | E7: 6 | F7: 271071 | G7: 6 | H7: 268105 | I7: 6 | J7: 270110 | L7: =(B7+D7+F7+H7+J7)/5 -> 270296.6 | M7: =MIN(B7,D7,F7,H7,J7) -> 268105
A8: 7 | B8: 237510 | C8: 7 | D8: 235772 | E8: 7 | F8: 236658 | G8: 7 | H8: 237057 | I8: 7 | J8: 237001 | L8: =(B8+D8+F8+H8+J8)/5 -> 236799.6 | M8: =MIN(B8,D8,F8,H8,J8) -> 235772
A9: 8 | B9: 315776 | C9: 8 | D9: 303776 | E9: 8 | F9: 317914 | G9: 8 | H9: 304294 | I9: 8 | J9: 306225 | L9: =(B9+D9+F9+H9+J9)/5 -> 309597 | M9: =MIN(B9,D9,F9,H9,J9) -> 303776
A10: 9 | B10: 253365 | C10: 9 | D10: 249611 | E10: 9 | F10: 250359 | G10: 9 | H10: 250359 | I10: 9 | J10: 253391 | L10: =(B10+D10+F10+H10+J10)/5 -> 251417 | M10: =MIN(B10,D10,F10,H10,J10) -> 249611
A11: 10 | B11: 297205 | C11: 10 | D11: 297328 | E11: 10 | F11: 297305 | G11: 10 | H11: 299949 | I11: 10 | J11: 299662 | L11: =(B11+D11+F11+H11+J11)/5 -> 298289.8 | M11: =MIN(B11,D11,F11,H11,J11) -> 297205
A12: 11 | B12: 287161 | C12: 11 | D12: 286388 | E12: 11 | F12: 286046 | G12: 11 | H12: 286754 | I12: 11 | J12: 286912 | L12: =(B12+D12+F12+H12+J12)/5 -> 286652.2 | M12: =MIN(B12,D12,F12,H12,J12) -> 286046
A13: 12 | B13: 264596 | C13: 12 | D13: 263719 | E13: 12 | F13: 264775 | G13: 12 | H13: 263719 | I13: 12 | J13: 264596 | L13: =(B13+D13+F13+H13+J13)/5 -> 264281 | M13: =MIN(B13,D13,F13,H13,J13) -> 263719
... A541: 180 | B541: 948150 | C541: 180 | D541: 945649 | E541: 180 | F541: 951936 | G541: 180 | H541: 953722 | I541: 180 | J541: 949619 | L541: =(B541+D541+F541+H541+J541)/5 -> 949815.2 | M541: =MIN(B541,D541,F541,H541,J541) -> 945649

Sheet ILS_RVND_2
A1: Final Obj. Function Values (5 rounds) | L1: Average: | M1: Best Value:
A2: 1 | B2: 298453 | C2: 1 | D2: 302134 | E2: 1 | F2: 298075 | G2: 1 | H2: 296482 | I2: 1 | J2: 299039 | L2: =(B2+D2+F2+H2+J2)/5 -> 298836.6 | M2: =MIN(B2,D2,F2,H2,J2) -> 296482
A3: 2 | B3: 305554 | C3: 2 | D3: 307345 | E3: 2 | F3: 307876 | G3: 2 | H3: 313399 | I3: 2 | J3: 308922 | L3: =(B3+D3+F3+H3+J3)/5 -> 308619.2 | M3: =MIN(B3,D3,F3,H3,J3) -> 305554
A4: 3 | B4: 314318 | C4: 3 | D4: 311061 | E4: 3 | F4: 310941 | G4: 3 | H4: 320136 | I4: 3 | J4: 308349 | L4: =(B4+D4+F4+H4+J4)/5 -> 312961 | M4: =MIN(B4,D4,F4,H4,J4) -> 308349
A5: 4 | B5: 309039 | C5: 4 | D5: 308242 | E5: 4 | F5: 305550 | G5: 4 | H5: 307681 | I5: 4 | J5: 306144 | L5: =(B5+D5+F5+H5+J5)/5 -> 307331.2 | M5: =MIN(B5,D5,F5,H5,J5) -> 305550
A6: 5 | B6: 299287 | C6: 5 | D6: 297873 | E6: 5 | F6: 296805 | G6: 5 | H6: 287813 | I6: 5 | J6: 293964 | L6: =(B6+D6+F6+H6+J6)/5 -> 295148.4 | M6: =MIN(B6,D6,F6,H6,J6) -> 287813
A7: 6 | B7: 308906 | C7: 6 | D7: 290518 | E7: 6 | F7: 298846 | G7: 6 | H7: 305052 | I7: 6 | J7: 312598 | L7: =(B7+D7+F7+H7+J7)/5 -> 303184 | M7: =MIN(B7,D7,F7,H7,J7) -> 290518
A8: 7 | B8: 273393 | C8: 7 | D8: 279147 | E8: 7 | F8: 281702 | G8: 7 | H8: 283083 | I8: 7 | J8: 283396 | L8: =(B8+D8+F8+H8+J8)/5 -> 280144.2 | M8: =MIN(B8,D8,F8,H8,J8) -> 273393
A9: 8 | B9: 346849 | C9: 8 | D9: 349822 | E9: 8 | F9: 355298 | G9: 8 | H9: 347523 | I9: 8 | J9: 352663 | L9: =(B9+D9+F9+H9+J9)/5 -> 350431 | M9: =MIN(B9,D9,F9,H9,J9) -> 346849
A10: 9 | B10: 285389 | C10: 9 | D10: 285894 | E10: 9 | F10: 281180 | G10: 9 | H10: 276340 | I10: 9 | J10: 277937 | L10: =(B10+D10+F10+H10+J10)/5 -> 281348 | M10: =MIN(B10,D10,F10,H10,J10) -> 276340
A11: 10 | B11: 333165 | C11: 10 | D11: 327126 | E11: 10 | F11: 307906 | G11: 10 | H11: 331883 | I11: 10 | J11: 321529 | L11: =(B11+D11+F11+H11+J11)/5 -> 324321.8 | M11: =MIN(B11,D11,F11,H11,J11) -> 307906
A12: 11 | B12: 314523 | C12: 11 | D12: 320769 | E12: 11 | F12: 315082 | G12: 11 | H12: 322697 | I12: 11 | J12: 316612 | L12: =(B12+D12+F12+H12+J12)/5 -> 317936.6 | M12: =MIN(B12,D12,F12,H12,J12) -> 314523
A13: 12 | B13: 293290 | C13: 12 | D13: 296309 | E13: 12 | F13: 301793 | G13: 12 | H13: 293088 | I13: 12 | J13: 298512 | L13: =(B13+D13+F13+H13+J13)/5 -> 296598.4 | M13: =MIN(B13,D13,F13,H13,J13) -> 293088
... A541: 180 | B541: 1107130 | C541: 180 | D541: 1148420 | E541: 180 | F541: 1124880 | G541: 180 | H541: 1130150 | I541: 180 | J541: 1137490 | L541: =(B541+D541+F541+H541+J541)/5 -> 1129614 | M541: =MIN(B541,D541,F541,H541,J541) -> 1107130

Sheet AG_LS
A1: Final Obj. Function Values (5 rounds) | L1: Average: | M1: Best Value:
A2: 1 | B2: 274447 | C2: 1 | D2: 275912 | E2: 1 | F2: 273451 | G2: 1 | H2: 272572 | I2: 1 | J2: 273264 | L2: =(B2+D2+F2+H2+J2)/5 -> 273929.2 | M2: =MIN(B2,D2,F2,H2,J2) -> 272572
A3: 2 | B3: 278731 | C3: 2 | D3: 281148 | E3: 2 | F3: 282239 | G3: 2 | H3: 280434 | I3: 2 | J3: 276022 | L3: =(B3+D3+F3+H3+J3)/5 -> 279714.8 | M3: =MIN(B3,D3,F3,H3,J3) -> 276022
A4: 3 | B4: 269047 | C4: 3 | D4: 283970 | E4: 3 | F4: 280176 | G4: 3 | H4: 269047 | I4: 3 | J4: 269047 | L4: =(B4+D4+F4+H4+J4)/5 -> 274257.4 | M4: =MIN(B4,D4,F4,H4,J4) -> 269047
A5: 4 | B5: 276178 | C5: 4 | D5: 276700 | E5: 4 | F5: 267762 | G5: 4 | H5: 279205 | I5: 4 | J5: 278139 | L5: =(B5+D5+F5+H5+J5)/5 -> 275596.8 | M5: =MIN(B5,D5,F5,H5,J5) -> 267762
A6: 5 | B6: 262838 | C6: 5 | D6: 262888 | E6: 5 | F6: 262677 | G6: 5 | H6: 262284 | I6: 5 | J6: 261217 | L6: =(B6+D6+F6+H6+J6)/5 -> 262380.8 | M6: =MIN(B6,D6,F6,H6,J6) -> 261217
A7: 6 | B7: 271670 | C7: 6 | D7: 270371 | E7: 6 | F7: 270825 | G7: 6 | H7: 272975 | I7: 6 | J7: 272780 | L7: =(B7+D7+F7+H7+J7)/5 -> 271724.2 | M7: =MIN(B7,D7,F7,H7,J7) -> 270371
A8: 7 | B8: 239160 | C8: 7 | D8: 237089 | E8: 7 | F8: 241560 | G8: 7 | H8: 242927 | I8: 7 | J8: 253188 | L8: =(B8+D8+F8+H8+J8)/5 -> 242784.8 | M8: =MIN(B8,D8,F8,H8,J8) -> 237089
A9: 8 | B9: 303740 | C9: 8 | D9: 319458 | E9: 8 | F9: 322796 | G9: 8 | H9: 322352 | I9: 8 | J9: 308665 | L9: =(B9+D9+F9+H9+J9)/5 -> 315402.2 | M9: =MIN(B9,D9,F9,H9,J9) -> 303740
A10: 9 | B10: 255213 | C10: 9 | D10: 256695 | E10: 9 | F10: 249611 | G10: 9 | H10: 249611 | I10: 9 | J10: 255451 | L10: =(B10+D10+F10+H10+J10)/5 -> 253316.2 | M10: =MIN(B10,D10,F10,H10,J10) -> 249611
A11: 10 | B11: 292351 | C11: 10 | D11: 291480 | E11: 10 | F11: 292688 | G11: 10 | H11: 299927 | I11: 10 | J11: 291756 | L11: =(B11+D11+F11+H11+J11)/5 -> 293640.4 | M11: =MIN(B11,D11,F11,H11,J11) -> 291480
A12: 11 | B12: 286725 | C12: 11 | D12: 280433 | E12: 11 | F12: 289747 | G12: 11 | H12: 290292 | I12: 11 | J12: 277642 | L12: =(B12+D12+F12+H12+J12)/5 -> 284967.8 | M12: =MIN(B12,D12,F12,H12,J12) -> 277642
A13: 12 | B13: 265310 | C13: 12 | D13: 264792 | E13: 12 | F13: 264469 | G13: 12 | H13: 264079 | I13: 12 | J13: 261837 | L13: =(B13+D13+F13+H13+J13)/5 -> 264097.4 | M13: =MIN(B13,D13,F13,H13,J13) -> 261837
... A541: 180 | B541: 983309 | C541: 180 | D541: 986025 | E541: 180 | F541: 960586 | G541: 180 | H541: 970522 | I541: 180 | J541: 979433 | L541: =(B541+D541+F541+H541+J541)/5 -> 975975 | M541: =MIN(B541,D541,F541,H541,J541) -> 960586

Sheet Average_RPD
A1: Average RPD between Obj. Function Values | G1: Best RPD between Obj. Function Values
C2: ILS_RVND_1 | D2: ILS_RVND_2 | E2: AG_LS | G2: min Best(1,2,3): | H2: ILS_RVND_1 | I2: ILS_RVND_2 | J2: AG_LS
C3: =100 * ((ILS_RVND_1!L2-G3)/ G3) -> 0.2498998 | D3: =100 * ((ILS_RVND_2!L2-G3)/G3) -> 9.8870009 | E3: =100 * ((AG_LS!L2-G3)/G3) -> 0.72815123 | G3: =MIN(ILS_RVND_1!M2, ILS_RVND_2!M2, AG_LS!M2) -> 271949 | H3: =100 * ((ILS_RVND_1!M2-G3)/ G3) -> 0 | I3: =100 * ((ILS_RVND_2!M2-G3)/ G3) -> 9.0211768 | J3: =100 * ((AG_LS!M2-G3)/ G3) -> 0.22908707
C4: =100 * ((ILS_RVND_1!L3-G4)/ G4) -> 0.62169394 | D4: =100 * ((ILS_RVND_2!L3-G4)/G4) -> 12.045483 | E4: =100 * ((AG_LS!L3-G4)/G4) -> 1.5516209 | G4: =MIN(ILS_RVND_1!M3, ILS_RVND_2!M3, AG_LS!M3) -> 275441 | H4: =100 * ((ILS_RVND_1!M3-G4)/ G4) -> 0 | I4: =100 * ((ILS_RVND_2!M3-G4)/ G4) -> 10.93265 | J4: =100 * ((AG_LS!M3-G4)/ G4) -> 0.21093447
C5: =100 * ((ILS_RVND_1!L4-G5)/ G5) -> 3.3091616 | D5: =100 * ((ILS_RVND_2!L4-G5)/G5) -> 16.322055 | E5: =100 * ((AG_LS!L4-G5)/G5) -> 1.9366133 | G5: =MIN(ILS_RVND_1!M4, ILS_RVND_2!M4, AG_LS!M4) -> 269047 | H5: =100 * ((ILS_RVND_1!M4-G5)/ G5) -> 0 | I5: =100 * ((ILS_RVND_2!M4-G5)/ G5) -> 14.607857 | J5: =100 * ((AG_LS!M4-G5)/ G5) -> 0
C6: =100 * ((ILS_RVND_1!L5-G6)/ G6) -> 0.40065431 | D6: =100 * ((ILS_RVND_2!L5-G6)/G6) -> 14.77775 | E6: =100 * ((AG_LS!L5-G6)/G6) -> 2.9260313 | G6: =MIN(ILS_RVND_1!M5, ILS_RVND_2!M5, AG_LS!M5) -> 267762 | H6: =100 * ((ILS_RVND_1!M5-G6)/ G6) -> 0.076187062 | I6: =100 * ((ILS_RVND_2!M5-G6)/ G6) -> 14.112533 | J6: =100 * ((AG_LS!M5-G6)/ G6) -> 0
C7: =100 * ((ILS_RVND_1!L6-G7)/ G7) -> 0.18154814 | D7: =100 * ((ILS_RVND_2!L6-G7)/G7) -> 13.862392 | E7: =100 * ((AG_LS!L6-G7)/G7) -> 1.2213028 | G7: =MIN(ILS_RVND_1!M6, ILS_RVND_2!M6, AG_LS!M6) -> 259215 | H7: =100 * ((ILS_RVND_1!M6-G7)/ G7) -> 0 | I7: =100 * ((ILS_RVND_2!M6-G7)/ G7) -> 11.032541 | J7: =100 * ((AG_LS!M6-G7)/ G7) -> 0.77233185
C8: =100 * ((ILS_RVND_1!L7-G8)/ G8) -> 0.81744093 | D8: =100 * ((ILS_RVND_2!L7-G8)/G8) -> 13.084053 | E8: =100 * ((AG_LS!L7-G8)/G8) -> 1.3499189 | G8: =MIN(ILS_RVND_1!M7, ILS_RVND_2!M7, AG_LS!M7) -> 268105 | H8: =100 * ((ILS_RVND_1!M7-G8)/ G8) -> 0 | I8: =100 * ((ILS_RVND_2!M7-G8)/ G8) -> 8.3597844 | J8: =100 * ((AG_LS!M7-G8)/ G8) -> 0.84519125
C9: =100 * ((ILS_RVND_1!L8-G9)/ G9) -> 0.4358448 | D9: =100 * ((ILS_RVND_2!L8-G9)/G9) -> 18.819962 | E9: =100 * ((AG_LS!L8-G9)/G9) -> 2.974399 | G9: =MIN(ILS_RVND_1!M8, ILS_RVND_2!M8, AG_LS!M8) -> 235772 | H9: =100 * ((ILS_RVND_1!M8-G9)/ G9) -> 0 | I9: =100 * ((ILS_RVND_2!M8-G9)/ G9) -> 15.956517 | J9: =100 * ((AG_LS!M8-G9)/ G9) -> 0.5585905
C10: =100 * ((ILS_RVND_1!L9-G10)/ G10) -> 1.9282939 | D10: =100 * ((ILS_RVND_2!L9-G10)/G10) -> 15.372029 | E10: =100 * ((AG_LS!L9-G10)/G10) -> 3.8395338 | G10: =MIN(ILS_RVND_1!M9, ILS_RVND_2!M9, AG_LS!M9) -> 303740 | H10: =100 * ((ILS_RVND_1!M9-G10)/ G10) -> 0.011852242 | I10: =100 * ((ILS_RVND_2!M9-G10)/ G10) -> 14.192731 | J10: =100 * ((AG_LS!M9-G10)/ G10) -> 0
C11: =100 * ((ILS_RVND_1!L10-G11)/ G11) -> 0.72352581 | D11: =100 * ((ILS_RVND_2!L10-G11)/G11) -> 12.714584 | E11: =100 * ((AG_LS!L10-G11)/G11) -> 1.4843897 | G11: =MIN(ILS_RVND_1!M10, ILS_RVND_2!M10, AG_LS!M10) -> 249611 | H11: =100 * ((ILS_RVND_1!M10-G11)/ G11) -> 0 | I11: =100 * ((ILS_RVND_2!M10-G11)/ G11) -> 10.708262 | J11: =100 * ((AG_LS!M10-G11)/ G11) -> 0
C12: =100 * ((ILS_RVND_1!L11-G12)/ G12) -> 2.3362838 | D12: =100 * ((ILS_RVND_2!L11-G12)/G12) -> 11.267257 | E12: =100 * ((AG_LS!L11-G12)/G12) -> 0.74118293 | G12: =MIN(ILS_RVND_1!M11, ILS_RVND_2!M11, AG_LS!M11) -> 291480 | H12: =100 * ((ILS_RVND_1!M11-G12)/ G12) -> 1.9641142 | I12: =100 * ((ILS_RVND_2!M11-G12)/ G12) -> 5.6353781 | J12: =100 * ((AG_LS!M11-G12)/ G12) -> 0
C13: =100 * ((ILS_RVND_1!L12-G13)/ G13) -> 3.2452583 | D13: =100 * ((ILS_RVND_2!L12-G13)/G13) -> 14.51315 | E13: =100 * ((AG_LS!L12-G13)/G13) -> 2.6385777 | G13: =MIN(ILS_RVND_1!M12, ILS_RVND_2!M12, AG_LS!M12) -> 277642 | H13: =100 * ((ILS_RVND_1!M12-G13)/ G13) -> 3.0269196 | I13: =100 * ((ILS_RVND_2!M12-G13)/ G13) -> 13.283653 | J13: =100 * ((AG_LS!M12-G13)/ G13) -> 0
C14: =100 * ((ILS_RVND_1!L13-G14)/ G14) -> 0.93340513 | D14: =100 * ((ILS_RVND_2!L13-G14)/G14) -> 13.275969 | E14: =100 * ((AG_LS!L13-G14)/G14) -> 0.86328517 | G14: =MIN(ILS_RVND_1!M13, ILS_RVND_2!M13, AG_LS!M13) -> 261837 | H14: =100 * ((ILS_RVND_1!M13-G14)/ G14) -> 0.71876778 | I14: =100 * ((ILS_RVND_2!M13-G14)/ G14) -> 11.935288 | J14: =100 * ((AG_LS!M13-G14)/ G14) -> 0
... C542: =100 * ((ILS_RVND_1!L541-G542)/ G542) -> 0.44056516 | D542: =100 * ((ILS_RVND_2!L541-G542)/G542) -> 19.453835 | E542: =100 * ((AG_LS!L541-G542)/G542) -> 3.2068981 | G542: =MIN(ILS_RVND_1!M541, ILS_RVND_2!M541, AG_LS!M541) -> 945649 | H542: =100 * ((ILS_RVND_1!M541-G542)/ G542) -> 0 | I542: =100 * ((ILS_RVND_2!M541-G542)/ G542) -> 17.076209 | J542: =100 * ((AG_LS!M541-G542)/ G542) -> 1.5795501

Sheet Kruskall Wallis
A1: ILS_RVND_1 | B1: ILS_RVND_2 | C1: AG_LS
A2: 0 | B2: 9.613078 | C2: 0.47705927
A3: 0 | B3: 11.353207 | C3: 0.92418134
A4: 1.3464723 | B4: 14.112144 | C4: 0
A5: 0 | B5: 14.319723 | C5: 2.5152994
A6: 0 | B6: 13.656052 | C6: 1.0378704
A7: 0 | B7: 12.167153 | C7: 0.52816055
A8: 0 | B8: 18.304338 | C8: 2.5275381
A9: 0 | B9: 13.189404 | C9: 1.8750828
A10: 0 | B10: 11.904923 | C10: 0.7553984
A11: 1.5833652 | B11: 10.44863 | C11: 0
A12: 0.59108433 | B12: 11.569307 | C12: 0
A13: 0.069519806 | B13: 12.306445 | C13: 0
... A541: 0 | B541: 18.929872 | C541: 2.7541989

Sheet Times
A2: ILS_RVND_1 | K2: Avg | M2: ILS_RVND_2 | W2: Avg | Y2: AG_LS | AI2: Avg
A3: 1 | B3: 18 | C3: 1 | D3: 17 | E3: 1 | F3: 22 | G3: 1 | H3: 18 | I3: 1 | J3: 19 | K3: =AVERAGE(B3,D3,F3,H3,J3) -> 18.8 | M3: 1 | N3: 8 | O3: 1 | P3: 8 | Q3: 1 | R3: 9 | S3: 1 | T3: 8 | U3: 1 | V3: 9 | W3: =AVERAGE(N3,P3,R3,T3,V3) -> 8.4 | Y3: 1 | Z3: 35 | AA3: 1 | AB3: 38 | AC3: 1 | AD3: 39 | AE3: 1 | AF3: 38 | AG3: 1 | AH3: 34 | AI3: =AVERAGE(Z3,AB3,AD3,AF3,AH3) -> 36.8
A4: 2 | B4: 14 | C4: 2 | D4: 14 | E4: 2 | F4: 15 | G4: 2 | H4: 15 | I4: 2 | J4: 17 | K4: =AVERAGE(B4,D4,F4,H4,J4) -> 15 | M4: 2 | N4: 10 | O4: 2 | P4: 9 | Q4: 2 | R4: 9 | S4: 2 | T4: 9 | U4: 2 | V4: 9 | W4: =AVERAGE(N4,P4,R4,T4,V4) -> 9.2 | Y4: 2 | Z4: 37 | AA4: 2 | AB4: 35 | AC4: 2 | AD4: 34 | AE4: 2 | AF4: 38 | AG4: 2 | AH4: 40 | AI4: =AVERAGE(Z4,AB4,AD4,AF4,AH4) -> 36.8
A5: 3 | B5: 18 | C5: 3 | D5: 18 | E5: 3 | F5: 19 | G5: 3 | H5: 16 | I5: 3 | J5: 17 | K5: =AVERAGE(B5,D5,F5,H5,J5) -> 17.6 | M5: 3 | N5: 9 | O5: 3 | P5: 8 | Q5: 3 | R5: 9 | S5: 3 | T5: 8 | U5: 3 | V5: 9 | W5: =AVERAGE(N5,P5,R5,T5,V5) -> 8.6 | Y5: 3 | Z5: 37 | AA5: 3 | AB5: 36 | AC5: 3 | AD5: 37 | AE5: 3 | AF5: 39 | AG5: 3 | AH5: 39 | AI5: =AVERAGE(Z5,AB5,AD5,AF5,AH5) -> 37.6
A6: 4 | B6: 20 | C6: 4 | D6: 14 | E6: 4 | F6: 14 | G6: 4 | H6: 13 | I6: 4 | J6: 16 | K6: =AVERAGE(B6,D6,F6,H6,J6) -> 15.4 | M6: 4 | N6: 9 | O6: 4 | P6: 8 | Q6: 4 | R6: 8 | S6: 4 | T6: 8 | U6: 4 | V6: 7 | W6: =AVERAGE(N6,P6,R6,T6,V6) -> 8 | Y6: 4 | Z6: 34 | AA6: 4 | AB6: 33 | AC6: 4 | AD6: 36 | AE6: 4 | AF6: 27 | AG6: 4 | AH6: 27 | AI6: =AVERAGE(Z6,AB6,AD6,AF6,AH6) -> 31.4
A7: 5 | B7: 14 | C7: 5 | D7: 16 | E7: 5 | F7: 16 | G7: 5 | H7: 18 | I7: 5 | J7: 18 | K7: =AVERAGE(B7,D7,F7,H7,J7) -> 16.4 | M7: 5 | N7: 8 | O7: 5 | P7: 8 | Q7: 5 | R7: 7 | S7: 5 | T7: 8 | U7: 5 | V7: 8 | W7: =AVERAGE(N7,P7,R7,T7,V7) -> 7.8 | Y7: 5 | Z7: 29 | AA7: 5 | AB7: 31 | AC7: 5 | AD7: 31 | AE7: 5 | AF7: 33 | AG7: 5 | AH7: 30 | AI7: =AVERAGE(Z7,AB7,AD7,AF7,AH7) -> 30.8
A8: 6 | B8: 15 | C8: 6 | D8: 17 | E8: 6 | F8: 16 | G8: 6 | H8: 19 | I8: 6 | J8: 14 | K8: =AVERAGE(B8,D8,F8,H8,J8) -> 16.2 | M8: 6 | N8: 9 | O8: 6 | P8: 10 | Q8: 6 | R8: 10 | S8: 6 | T8: 8 | U8: 6 | V8: 8 | W8: =AVERAGE(N8,P8,R8,T8,V8) -> 9 | Y8: 6 | Z8: 37 | AA8: 6 | AB8: 35 | AC8: 6 | AD8: 37 | AE8: 6 | AF8: 32 | AG8: 6 | AH8: 34 | AI8: =AVERAGE(Z8,AB8,AD8,AF8,AH8) -> 35
A9: 7 | B9: 15 | C9: 7 | D9: 19 | E9: 7 | F9: 19 | G9: 7 | H9: 16 | I9: 7 | J9: 20 | K9: =AVERAGE(B9,D9,F9,H9,J9) -> 17.8 | M9: 7 | N9: 8 | O9: 7 | P9: 8 | Q9: 7 | R9: 8 | S9: 7 | T9: 9 | U9: 7 | V9: 9 | W9: =AVERAGE(N9,P9,R9,T9,V9) -> 8.4 | Y9: 7 | Z9: 36 | AA9: 7 | AB9: 31 | AC9: 7 | AD9: 31 | AE9: 7 | AF9: 31 | AG9: 7 | AH9: 29 | AI9: =AVERAGE(Z9,AB9,AD9,AF9,AH9) -> 31.6
A10: 8 | B10: 13 | C10: 8 | D10: 18 | E10: 8 | F10: 15 | G10: 8 | H10: 15 | I10: 8 | J10: 15 | K10: =AVERAGE(B10,D10,F10,H10,J10) -> 15.2 | M10: 8 | N10: 9 | O10: 8 | P10: 8 | Q10: 8 | R10: 9 | S10: 8 | T10: 8 | U10: 8 | V10: 8 | W10: =AVERAGE(N10,P10,R10,T10,V10) -> 8.4 | Y10: 8 | Z10: 34 | AA10: 8 | AB10: 29 | AC10: 8 | AD10: 30 | AE10: 8 | AF10: 27 | AG10: 8 | AH10: 28 | AI10: =AVERAGE(Z10,AB10,AD10,AF10,AH10) -> 29.6
A11: 9 | B11: 16 | C11: 9 | D11: 17 | E11: 9 | F11: 19 | G11: 9 | H11: 19 | I11: 9 | J11: 17 | K11: =AVERAGE(B11,D11,F11,H11,J11) -> 17.6 | M11: 9 | N11: 8 | O11: 9 | P11: 8 | Q11: 9 | R11: 9 | S11: 9 | T11: 9 | U11: 9 | V11: 9 | W11: =AVERAGE(N11,P11,R11,T11,V11) -> 8.6 | Y11: 9 | Z11: 33 | AA11: 9 | AB11: 29 | AC11: 9 | AD11: 37 | AE11: 9 | AF11: 38 | AG11: 9 | AH11: 30 | AI11: =AVERAGE(Z11,AB11,AD11,AF11,AH11) -> 33.4
A12: 10 | B12: 16 | C12: 10 | D12: 16 | E12: 10 | F12: 15 | G12: 10 | H12: 16 | I12: 10 | J12: 16 | K12: =AVERAGE(B12,D12,F12,H12,J12) -> 15.8 | M12: 10 | N12: 9 | O12: 10 | P12: 9 | Q12: 10 | R12: 9 | S12: 10 | T12: 8 | U12: 10 | V12: 8 | W12: =AVERAGE(N12,P12,R12,T12,V12) -> 8.6 | Y12: 10 | Z12: 39 | AA12: 10 | AB12: 37 | AC12: 10 | AD12: 38 | AE12: 10 | AF12: 32 | AG12: 10 | AH12: 39 | AI12: =AVERAGE(Z12,AB12,AD12,AF12,AH12) -> 37
A13: 11 | B13: 15 | C13: 11 | D13: 18 | E13: 11 | F13: 18 | G13: 11 | H13: 18 | I13: 11 | J13: 15 | K13: =AVERAGE(B13,D13,F13,H13,J13) -> 16.8 | M13: 11 | N13: 8 | O13: 11 | P13: 9 | Q13: 11 | R13: 9 | S13: 11 | T13: 9 | U13: 11 | V13: 9 | W13: =AVERAGE(N13,P13,R13,T13,V13) -> 8.8 | Y13: 11 | Z13: 35 | AA13: 11 | AB13: 39 | AC13: 11 | AD13: 30 | AE13: 11 | AF13: 34 | AG13: 11 | AH13: 36 | AI13: =AVERAGE(Z13,AB13,AD13,AF13,AH13) -> 34.8
A14: 12 | B14: 16 | C14: 12 | D14: 16 | E14: 12 | F14: 19 | G14: 12 | H14: 21 | I14: 12 | J14: 18 | K14: =AVERAGE(B14,D14,F14,H14,J14) -> 18 | M14: 12 | N14: 10 | O14: 12 | P14: 9 | Q14: 12 | R14: 8 | S14: 12 | T14: 9 | U14: 12 | V14: 8 | W14: =AVERAGE(N14,P14,R14,T14,V14) -> 8.8 | Y14: 12 | Z14: 35 | AA14: 12 | AB14: 29 | AC14: 12 | AD14: 37 | AE14: 12 | AF14: 31 | AG14: 12 | AH14: 39 | AI14: =AVERAGE(Z14,AB14,AD14,AF14,AH14) -> 34.2
... A542: 180 | B542: 113 | C542: 180 | D542: 117 | E542: 180 | F542: 102 | G542: 180 | H542: 109 | I542: 180 | J542: 114 | K542: =AVERAGE(B542,D542,F542,H542,J542) -> 111 | M542: 180 | N542: 80 | O542: 180 | P542: 77 | Q542: 180 | R542: 77 | S542: 180 | T542: 83 | U542: 180 | V542: 76 | W542: =AVERAGE(N542,P542,R542,T542,V542) -> 78.6 | Y542: 180 | Z542: 363 | AA542: 180 | AB542: 329 | AC542: 180 | AD542: 377 | AE542: 180 | AF542: 326 | AG542: 180 | AH542: 386 | AI542: =AVERAGE(Z542,AB542,AD542,AF542,AH542) -> 356.2

Sheet Time Table
B1: N x K | C1: ILS_RVND_1 | E1: ILS_RVND_2 | G1: GA_LS
D2: Avg. | F2: Avg. | H2: Avg.
B3: 50 x 5 | D3: =AVERAGE(Times!K3:'Times'!K47) -> 17.568889 | F3: =AVERAGE(Times!W3:'Times'!W47) -> 8.4844444 | H3: =AVERAGE(Times!AI3:'Times'!AI47) -> 35.408889
B4: 50 x 8 | D4: =AVERAGE(Times!K48:'Times'!K92) -> 16.933333 | F4: =AVERAGE(Times!W48:'Times'!W92) -> 11.902222 | H4: =AVERAGE(Times!AI48:'Times'!AI92) -> 36.595556
B5: 50 x 10 | D5: =AVERAGE(Times!K93:'Times'!K137) -> 16.315556 | F5: =AVERAGE(Times!W93:'Times'!W137) -> 14.444444 | H5: =AVERAGE(Times!AI93:'Times'!AI137) -> 36.551111
B6: 50 x 12 | D6: =AVERAGE(Times!K138:'Times'!K182) -> 16.457778 | F6: =AVERAGE(Times!W138:'Times'!W182) -> 17.217778 | H6: =AVERAGE(Times!AI138:'Times'!AI182) -> 38.866667
B7: 80 x 5 | D7: =AVERAGE(Times!K183:'Times'!K227) -> 68.031111 | F7: =AVERAGE(Times!W183:'Times'!W227) -> 28.368889 | H7: =AVERAGE(Times!AI183:'Times'!AI227) -> 180.42222
B8: 80 x 8 | D8: =AVERAGE(Times!K228:'Times'!K272) -> 58.884444 | F8: =AVERAGE(Times!W228:'Times'!W272) -> 35.36 | H8: =AVERAGE(Times!AI228:'Times'!AI272) -> 162.78222
B9: 80 x 10 | D9: =AVERAGE(Times!K273:'Times'!K317) -> 55 | F9: =AVERAGE(Times!W273:'Times'!W317) -> 40.315556 | H9: =AVERAGE(Times!AI273:'Times'!AI317) -> 154.89333
B10: 80 x 12 | D10: =AVERAGE(Times!K318:'Times'!K362) -> 53.022222 | F10: =AVERAGE(Times!W318:'Times'!W362) -> 46.444444 | H10: =AVERAGE(Times!AI318:'Times'!AI362) -> 160.59111
B11: 100 x 5 | D11: =AVERAGE(Times!K363:'Times'!K407) -> 136.08 | F11: =AVERAGE(Times!W363:'Times'!W407) -> 51.337778 | H11: =AVERAGE(Times!AI363:'Times'!AI407) -> 415.68889
B12: 100 x 8 | D12: =AVERAGE(Times!K408:'Times'!K452) -> 114.50222 | F12: =AVERAGE(Times!W408:'Times'!W452) -> 61.28 | H12: =AVERAGE(Times!AI408:'Times'!AI452) -> 357.94222
B13: 100 x 10 | D13: =AVERAGE(Times!K453:'Times'!K497) -> 103.8 | F13: =AVERAGE(Times!W453:'Times'!W497) -> 68.826667 | H13: =AVERAGE(Times!AI453:'Times'!AI497) -> 340.52444
B14: 100 x 12 | D14: =AVERAGE(Times!K498:'Times'!K542) -> 97.804444 | F14: =AVERAGE(Times!W498:'Times'!W542) -> 77.044444 | H14: =AVERAGE(Times!AI498:'Times'!AI542) -> 343.73778
B15: Average: | D15: =AVERAGE(D3:D14) -> 62.866667 | F15: =AVERAGE(F3:F14) -> 38.418889 | H15: =AVERAGE(H3:H14) -> 188.66704

Sheet Complete Table
B1: N x K | C1: ILS_RVND_1 | G1: ILS_RVND_2 | K1: GA_LS
C2: Best | D2: Avg. | E2: Time | G2: Best | H2: Avg. | I2: Time | K2: Best | L2: Avg. | M2: Time
B3: 50 x 5 | C3: =AVERAGE(Average_RPD!H3:'Average_RPD'!H47) -> 0.41024817 | D3: =AVERAGE(Average_RPD!C3:'Average_RPD'!C47) -> 0.88568521 | E3: =AVERAGE(Times!K3:'Times'!K47) -> 17.568889 | G3: =AVERAGE(Average_RPD!I3:'Average_RPD'!I47) -> 12.017002 | H3: =AVERAGE(Average_RPD!D3:'Average_RPD'!D47) -> 13.909949 | I3: =AVERAGE(Times!W3:'Times'!W47) -> 8.4844444 | K3: =AVERAGE(Average_RPD!J3:'Average_RPD'!J47) -> 0.20668207 | L3: =AVERAGE(Average_RPD!E3:'Average_RPD'!E47) -> 1.4770178 | M3: =AVERAGE(Times!AI3:'Times'!AI47) -> 35.408889
B4: 50 x 8 | C4: =AVERAGE(Average_RPD!H48:'Average_RPD'!H92) -> 0.0035064719 | D4: =AVERAGE(Average_RPD!C48:'Average_RPD'!C92) -> 0.41051413 | E4: =AVERAGE(Times!K48:'Times'!K92) -> 16.933333 | G4: =AVERAGE(Average_RPD!I48:'Average_RPD'!I92) -> 10.8966 | H4: =AVERAGE(Average_RPD!D48:'Average_RPD'!D92) -> 13.13828 | I4: =AVERAGE(Times!W48:'Times'!W92) -> 11.902222 | K4: =AVERAGE(Average_RPD!J48:'Average_RPD'!J92) -> 0.93402566 | L4: =AVERAGE(Average_RPD!E48:'Average_RPD'!E92) -> 2.2188944 | M4: =AVERAGE(Times!AI48:'Times'!AI92) -> 36.595556
B5: 50 x 10 | C5: =AVERAGE(Average_RPD!H93:'Average_RPD'!H137) -> 0.0026781386 | D5: =AVERAGE(Average_RPD!C93:'Average_RPD'!C137) -> 0.31409562 | E5: =AVERAGE(Times!K93:'Times'!K137) -> 16.315556 | G5: =AVERAGE(Average_RPD!I93:'Average_RPD'!I137) -> 10.114924 | H5: =AVERAGE(Average_RPD!D93:'Average_RPD'!D137) -> 11.861908 | I5: =AVERAGE(Times!W93:'Times'!W137) -> 14.444444 | K5: =AVERAGE(Average_RPD!J93:'Average_RPD'!J137) -> 1.1490278 | L5: =AVERAGE(Average_RPD!E93:'Average_RPD'!E137) -> 2.3781975 | M5: =AVERAGE(Times!AI93:'Times'!AI137) -> 36.551111
B6: 50 x 12 | C6: =AVERAGE(Average_RPD!H138:'Average_RPD'!H182) -> 0 | D6: =AVERAGE(Average_RPD!C138:'Average_RPD'!C182) -> 0.30652691 | E6: =AVERAGE(Times!K138:'Times'!K182) -> 16.457778 | G6: =AVERAGE(Average_RPD!I138:'Average_RPD'!I182) -> 9.0471635 | H6: =AVERAGE(Average_RPD!D138:'Average_RPD'!D182) -> 10.753524 | I6: =AVERAGE(Times!W138:'Times'!W182) -> 17.217778 | K6: =AVERAGE(Average_RPD!J138:'Average_RPD'!J182) -> 1.4000492 | L6: =AVERAGE(Average_RPD!E138:'Average_RPD'!E182) -> 2.4305874 | M6: =AVERAGE(Times!AI138:'Times'!AI182) -> 38.866667
B7: 80 x 5 | C7: =AVERAGE(Average_RPD!H183:'Average_RPD'!H227) -> 0.70938336 | D7: =AVERAGE(Average_RPD!C183:'Average_RPD'!C227) -> 1.6297445 | E7: =AVERAGE(Times!K183:'Times'!K227) -> 68.031111 | G7: =AVERAGE(Average_RPD!I183:'Average_RPD'!I227) -> 14.517142 | H7: =AVERAGE(Average_RPD!D183:'Average_RPD'!D227) -> 15.801959 | I7: =AVERAGE(Times!W183:'Times'!W227) -> 28.368889 | K7: =AVERAGE(Average_RPD!J183:'Average_RPD'!J227) -> 0.88510202 | L7: =AVERAGE(Average_RPD!E183:'Average_RPD'!E227) -> 2.4042726 | M7: =AVERAGE(Times!AI183:'Times'!AI227) -> 180.42222
B8: 80 x 8 | C8: =AVERAGE(Average_RPD!H228:'Average_RPD'!H272) -> 0.052055933 | D8: =AVERAGE(Average_RPD!C228:'Average_RPD'!C272) -> 0.6457383 | E8: =AVERAGE(Times!K228:'Times'!K272) -> 58.884444 | G8: =AVERAGE(Average_RPD!I228:'Average_RPD'!I272) -> 16.528288 | H8: =AVERAGE(Average_RPD!D228:'Average_RPD'!D272) -> 18.050627 | I8: =AVERAGE(Times!W228:'Times'!W272) -> 35.36 | K8: =AVERAGE(Average_RPD!J228:'Average_RPD'!J272) -> 1.7646962 | L8: =AVERAGE(Average_RPD!E228:'Average_RPD'!E272) -> 3.3776883 | M8: =AVERAGE(Times!AI228:'Times'!AI272) -> 162.78222
B9: 80 x 10 | C9: =AVERAGE(Average_RPD!H273:'Average_RPD'!H317) -> 0 | D9: =AVERAGE(Average_RPD!C273:'Average_RPD'!C317) -> 0.59481265 | E9: =AVERAGE(Times!K273:'Times'!K317) -> 55 | G9: =AVERAGE(Average_RPD!I273:'Average_RPD'!I317) -> 16.134503 | H9: =AVERAGE(Average_RPD!D273:'Average_RPD'!D317) -> 17.627744 | I9: =AVERAGE(Times!W273:'Times'!W317) -> 40.315556 | K9: =AVERAGE(Average_RPD!J273:'Average_RPD'!J317) -> 2.1940083 | L9: =AVERAGE(Average_RPD!E273:'Average_RPD'!E317) -> 3.4300882 | M9: =AVERAGE(Times!AI273:'Times'!AI317) -> 154.89333
B10: 80 x 12 | C10: =AVERAGE(Average_RPD!H318:'Average_RPD'!H362) -> 0 | D10: =AVERAGE(Average_RPD!C318:'Average_RPD'!C362) -> 0.39739083 | E10: =AVERAGE(Times!K318:'Times'!K362) -> 53.022222 | G10: =AVERAGE(Average_RPD!I318:'Average_RPD'!I362) -> 14.558057 | H10: =AVERAGE(Average_RPD!D318:'Average_RPD'!D362) -> 16.188208 | I10: =AVERAGE(Times!W318:'Times'!W362) -> 46.444444 | K10: =AVERAGE(Average_RPD!J318:'Average_RPD'!J362) -> 2.1132942 | L10: =AVERAGE(Average_RPD!E318:'Average_RPD'!E362) -> 3.2931745 | M10: =AVERAGE(Times!AI318:'Times'!AI362) -> 160.59111
B11: 100 x 5 | C11: =AVERAGE(Average_RPD!H363:'Average_RPD'!H407) -> 0.60894639 | D11: =AVERAGE(Average_RPD!C363:'Average_RPD'!C407) -> 1.238408 | E11: =AVERAGE(Times!K363:'Times'!K407) -> 136.08 | G11: =AVERAGE(Average_RPD!I363:'Average_RPD'!I407) -> 14.625087 | H11: =AVERAGE(Average_RPD!D363:'Average_RPD'!D407) -> 15.954126 | I11: =AVERAGE(Times!W363:'Times'!W407) -> 51.337778 | K11: =AVERAGE(Average_RPD!J363:'Average_RPD'!J407) -> 0.9096072 | L11: =AVERAGE(Average_RPD!E363:'Average_RPD'!E407) -> 2.439316 | M11: =AVERAGE(Times!AI363:'Times'!AI407) -> 415.68889
B12: 100 x 8 | C12: =AVERAGE(Average_RPD!H408:'Average_RPD'!H452) -> 0.002410891 | D12: =AVERAGE(Average_RPD!C408:'Average_RPD'!C452) -> 0.68875319 | E12: =AVERAGE(Times!K408:'Times'!K452) -> 114.50222 | G12: =AVERAGE(Average_RPD!I408:'Average_RPD'!I452) -> 17.124101 | H12: =AVERAGE(Average_RPD!D408:'Average_RPD'!D452) -> 18.902365 | I12: =AVERAGE(Times!W408:'Times'!W452) -> 61.28 | K12: =AVERAGE(Average_RPD!J408:'Average_RPD'!J452) -> 2.0323187 | L12: =AVERAGE(Average_RPD!E408:'Average_RPD'!E452) -> 3.4035538 | M12: =AVERAGE(Times!AI408:'Times'!AI452) -> 357.94222
B13: 100 x 10 | C13: =AVERAGE(Average_RPD!H453:'Average_RPD'!H497) -> 0.0075864301 | D13: =AVERAGE(Average_RPD!C453:'Average_RPD'!C497) -> 0.46377115 | E13: =AVERAGE(Times!K453:'Times'!K497) -> 103.8 | G13: =AVERAGE(Average_RPD!I453:'Average_RPD'!I497) -> 16.857375 | H13: =AVERAGE(Average_RPD!D453:'Average_RPD'!D497) -> 18.557768 | I13: =AVERAGE(Times!W453:'Times'!W497) -> 68.826667 | K13: =AVERAGE(Average_RPD!J453:'Average_RPD'!J497) -> 2.2354285 | L13: =AVERAGE(Average_RPD!E453:'Average_RPD'!E497) -> 3.571065 | M13: =AVERAGE(Times!AI453:'Times'!AI497) -> 340.52444
B14: 100 x 12 | C14: =AVERAGE(Average_RPD!H498:'Average_RPD'!H542) -> 0 | D14: =AVERAGE(Average_RPD!C498:'Average_RPD'!C542) -> 0.44944227 | E14: =AVERAGE(Times!K498:'Times'!K542) -> 97.804444 | G14: =AVERAGE(Average_RPD!I498:'Average_RPD'!I542) -> 16.643965 | H14: =AVERAGE(Average_RPD!D498:'Average_RPD'!D542) -> 18.171412 | I14: =AVERAGE(Times!W498:'Times'!W542) -> 77.044444 | K14: =AVERAGE(Average_RPD!J498:'Average_RPD'!J542) -> 2.3712295 | L14: =AVERAGE(Average_RPD!E498:'Average_RPD'!E542) -> 3.4810958 | M14: =AVERAGE(Times!AI498:'Times'!AI542) -> 343.73778
B15: Average: | C15: =AVERAGE(C3:C14) -> 0.14973465 | D15: =AVERAGE(D3:D14) -> 0.66874023 | E15: =AVERAGE(E3:E14) -> 62.866667 | G15: =AVERAGE(G3:G14) -> 14.088684 | H15: =AVERAGE(H3:H14) -> 15.743156 | I15: =AVERAGE(I3:I14) -> 38.418889 | K15: =AVERAGE(K3:K14) -> 1.5162891 | L15: =AVERAGE(L3:L14) -> 2.8254126 | M15: =AVERAGE(M3:M14) -> 188.66704
