Workbook
Name _1_FINAL_ILS_PROP_OBJ_F_8jobs: GA_LS!$A$2:$B$301
Name _1_FINAL_ILS_PROP_OBJ_F_8jobs: GA_LS_Time!$A$3:$B$302
Name _1_FINAL_ILS_PROP_OBJ_F_8jobs: ILS_RVND_1!$A$2:$B$301
Name _1_FINAL_ILS_PROP_OBJ_F_8jobs: ILS_RVND_1_Time!$A$3:$B$302
Name _1_FINAL_ILS_PROP_OBJ_F_8jobs: ILS_RVND_2!$A$2:$B$301
Name _1_FINAL_ILS_PROP_OBJ_F_8jobs: ILS_RVND_2_Time!$A$3:$B$302
Name _1_FINAL_ILS_PROP_OBJ_F_8jobs_1: GA_LS!$A$302:$B$601
Name _1_FINAL_ILS_PROP_OBJ_F_8jobs_1: GA_LS_Time!$A$303:$B$602
Name _1_FINAL_ILS_PROP_OBJ_F_8jobs_1: ILS_RVND_1!$A$302:$B$601
Name _1_FINAL_ILS_PROP_OBJ_F_8jobs_1: ILS_RVND_1_Time!$A$303:$B$602
Name _1_FINAL_ILS_PROP_OBJ_F_8jobs_1: ILS_RVND_2!$A$302:$B$601
Name _1_FINAL_ILS_PROP_OBJ_F_8jobs_1: ILS_RVND_2_Time!$A$303:$B$602
Name _1_FINAL_ILS_PROP_OBJ_F_8jobs_2: GA_LS!$A$602:$B$901
Name _1_FINAL_ILS_PROP_OBJ_F_8jobs_2: GA_LS_Time!$A$603:$B$902
Name _1_FINAL_ILS_PROP_OBJ_F_8jobs_2: ILS_RVND_1!$A$602:$B$901
Name _1_FINAL_ILS_PROP_OBJ_F_8jobs_2: ILS_RVND_1_Time!$A$603:$B$902
Name _1_FINAL_ILS_PROP_OBJ_F_8jobs_2: ILS_RVND_2!$A$602:$B$901
Name _1_FINAL_ILS_PROP_OBJ_F_8jobs_2: ILS_RVND_2_Time!$A$603:$B$902
Name _2_FINAL_ILS_PROP_OBJ_F_10jobs: GA_LS!$C$2:$D$301
Name _2_FINAL_ILS_PROP_OBJ_F_10jobs: GA_LS_Time!$C$3:$D$302
Name _2_FINAL_ILS_PROP_OBJ_F_10jobs: ILS_RVND_1!$C$2:$D$301
Name _2_FINAL_ILS_PROP_OBJ_F_10jobs: ILS_RVND_1_Time!$C$3:$D$302
Name _2_FINAL_ILS_PROP_OBJ_F_10jobs: ILS_RVND_2!$C$2:$D$301
Name _2_FINAL_ILS_PROP_OBJ_F_10jobs: ILS_RVND_2_Time!$C$3:$D$302
Name _2_FINAL_ILS_PROP_OBJ_F_10jobs_1: GA_LS!$C$302:$D$601
Name _2_FINAL_ILS_PROP_OBJ_F_10jobs_1: GA_LS_Time!$C$303:$D$602
Name _2_FINAL_ILS_PROP_OBJ_F_10jobs_1: ILS_RVND_1!$C$302:$D$601
Name _2_FINAL_ILS_PROP_OBJ_F_10jobs_1: ILS_RVND_1_Time!$C$303:$D$602
Name _2_FINAL_ILS_PROP_OBJ_F_10jobs_1: ILS_RVND_2!$C$302:$D$601
Name _2_FINAL_ILS_PROP_OBJ_F_10jobs_1: ILS_RVND_2_Time!$C$303:$D$602
Name _2_FINAL_ILS_PROP_OBJ_F_10jobs_2: GA_LS!$C$602:$D$901
Name _2_FINAL_ILS_PROP_OBJ_F_10jobs_2: GA_LS_Time!$C$603:$D$902
Name _2_FINAL_ILS_PROP_OBJ_F_10jobs_2: ILS_RVND_1!$C$602:$D$901
Name _2_FINAL_ILS_PROP_OBJ_F_10jobs_2: ILS_RVND_1_Time!$C$603:$D$902
Name _2_FINAL_ILS_PROP_OBJ_F_10jobs_2: ILS_RVND_2!$C$602:$D$901
Name _2_FINAL_ILS_PROP_OBJ_F_10jobs_2: ILS_RVND_2_Time!$C$603:$D$902
Name _3_FINAL_ILS_PROP_OBJ_F_10jobs: GA_LS!$E$2:$F$301
Name _3_FINAL_ILS_PROP_OBJ_F_10jobs: GA_LS_Time!$E$3:$F$302
Name _3_FINAL_ILS_PROP_OBJ_F_10jobs: ILS_RVND_1!$E$2:$F$301
Name _3_FINAL_ILS_PROP_OBJ_F_10jobs: ILS_RVND_1_Time!$E$3:$F$302
Name _3_FINAL_ILS_PROP_OBJ_F_10jobs: ILS_RVND_2!$E$2:$F$301
Name _3_FINAL_ILS_PROP_OBJ_F_10jobs: ILS_RVND_2_Time!$E$3:$F$302
Name _3_FINAL_ILS_PROP_OBJ_F_10jobs_1: GA_LS!$E$302:$F$601
Name _3_FINAL_ILS_PROP_OBJ_F_10jobs_1: GA_LS_Time!$E$303:$F$602
Name _3_FINAL_ILS_PROP_OBJ_F_10jobs_1: ILS_RVND_1!$E$302:$F$601
Name _3_FINAL_ILS_PROP_OBJ_F_10jobs_1: ILS_RVND_1_Time!$E$303:$F$602
Name _3_FINAL_ILS_PROP_OBJ_F_10jobs_1: ILS_RVND_2!$E$302:$F$601
Name _3_FINAL_ILS_PROP_OBJ_F_10jobs_1: ILS_RVND_2_Time!$E$303:$F$602
Name _3_FINAL_ILS_PROP_OBJ_F_10jobs_2: GA_LS!$E$602:$F$901
Name _3_FINAL_ILS_PROP_OBJ_F_10jobs_2: GA_LS_Time!$E$603:$F$902
Name _3_FINAL_ILS_PROP_OBJ_F_10jobs_2: ILS_RVND_1!$E$602:$F$901
Name _3_FINAL_ILS_PROP_OBJ_F_10jobs_2: ILS_RVND_1_Time!$E$603:$F$902
Name _3_FINAL_ILS_PROP_OBJ_F_10jobs_2: ILS_RVND_2!$E$602:$F$901
Name _3_FINAL_ILS_PROP_OBJ_F_10jobs_2: ILS_RVND_2_Time!$E$603:$F$902
Name _4_FINAL_ILS_PROP_OBJ_F_10jobs: GA_LS!$G$2:$H$301
Name _4_FINAL_ILS_PROP_OBJ_F_10jobs: GA_LS_Time!$G$3:$H$302
Name _4_FINAL_ILS_PROP_OBJ_F_10jobs: ILS_RVND_1!$G$2:$H$301
Name _4_FINAL_ILS_PROP_OBJ_F_10jobs: ILS_RVND_1_Time!$G$3:$H$302
Name _4_FINAL_ILS_PROP_OBJ_F_10jobs: ILS_RVND_2!$G$2:$H$301
Name _4_FINAL_ILS_PROP_OBJ_F_10jobs: ILS_RVND_2_Time!$G$3:$H$302

Sheet ILS_RVND_1
A1: Data Result Obj Function (5 rounds) | L1: Average: | M1: Best:
A2: 1 | B2: 12238.1 | C2: 1 | D2: 12238.1 | E2: 1 | F2: 12238.1 | G2: 1 | H2: 12238.1 | I2: 1 | J2: 12238.1 | L2: =(SUM(B2,D2,F2,H2,J2 )/5) -> 12238.1 | M2: =MIN(B2,D2,F2,H2,J2) -> 12238.1
A3: 2 | B3: 11473.8 | C3: 2 | D3: 11473.8 | E3: 2 | F3: 11473.8 | G3: 2 | H3: 11473.8 | I3: 2 | J3: 11473.8 | L3: =(SUM(B3,D3,F3,H3,J3 )/5) -> 11473.8 | M3: =MIN(B3,D3,F3,H3,J3) -> 11473.8
A4: 3 | B4: 13295.8 | C4: 3 | D4: 13295.8 | E4: 3 | F4: 13295.8 | G4: 3 | H4: 13295.8 | I4: 3 | J4: 13295.8 | L4: =(SUM(B4,D4,F4,H4,J4 )/5) -> 13295.8 | M4: =MIN(B4,D4,F4,H4,J4) -> 13295.8
A5: 4 | B5: 13691 | C5: 4 | D5: 13691 | E5: 4 | F5: 13691 | G5: 4 | H5: 13691 | I5: 4 | J5: 13691 | L5: =(SUM(B5,D5,F5,H5,J5 )/5) -> 13691 | M5: =MIN(B5,D5,F5,H5,J5) -> 13691
A6: 5 | B6: 17309.1 | C6: 5 | D6: 17309.1 | E6: 5 | F6: 17309.1 | G6: 5 | H6: 17309.1 | I6: 5 | J6: 17309.1 | L6: =(SUM(B6,D6,F6,H6,J6 )/5) -> 17309.1 | M6: =MIN(B6,D6,F6,H6,J6) -> 17309.1
A7: 6 | B7: 12707.1 | C7: 6 | D7: 12707.1 | E7: 6 | F7: 12707.1 | G7: 6 | H7: 12707.1 | I7: 6 | J7: 12707.1 | L7: =(SUM(B7,D7,F7,H7,J7 )/5) -> 12707.1 | M7: =MIN(B7,D7,F7,H7,J7) -> 12707.1
A8: 7 | B8: 9572.5 | C8: 7 | D8: 9572.5 | E8: 7 | F8: 9572.5 | G8: 7 | H8: 9572.5 | I8: 7 | J8: 9572.5 | L8: =(SUM(B8,D8,F8,H8,J8 )/5) -> 9572.5 | M8: =MIN(B8,D8,F8,H8,J8) -> 9572.5
A9: 8 | B9: 9831.8 | C9: 8 | D9: 9831.8 | E9: 8 | F9: 9831.8 | G9: 8 | H9: 9831.8 | I9: 8 | J9: 9831.8 | L9: =(SUM(B9,D9,F9,H9,J9 )/5) -> 9831.8 | M9: =MIN(B9,D9,F9,H9,J9) -> 9831.8
A10: 9 | B10: 13540 | C10: 9 | D10: 13540 | E10: 9 | F10: 13540 | G10: 9 | H10: 13540 | I10: 9 | J10: 13540 | L10: =(SUM(B10,D10,F10,H10,J10 )/5) -> 13540 | M10: =MIN(B10,D10,F10,H10,J10) -> 13540
A11: 10 | B11: 9455 | C11: 10 | D11: 9455 | E11: 10 | F11: 9455 | G11: 10 | H11: 9455 | I11: 10 | J11: 9455 | L11: =(SUM(B11,D11,F11,H11,J11 )/5) -> 9455 | M11: =MIN(B11,D11,F11,H11,J11) -> 9455
A12: 11 | B12: 11684.3 | C12: 11 | D12: 11684.3 | E12: 11 | F12: 11684.3 | G12: 11 | H12: 11684.3 | I12: 11 | J12: 11684.3 | L12: =(SUM(B12,D12,F12,H12,J12 )/5) -> 11684.3 | M12: =MIN(B12,D12,F12,H12,J12) -> 11684.3
A13: 12 | B13: 12347.8 | C13: 12 | D13: 12347.8 | E13: 12 | F13: 12347.8 | G13: 12 | H13: 12347.8 | I13: 12 | J13: 12347.8 | L13: =(SUM(B13,D13,F13,H13,J13 )/5) -> 12347.8 | M13: =MIN(B13,D13,F13,H13,J13) -> 12347.8
... A901: 300 | B901: 36204.7 | C901: 300 | D901: 36204.7 | E901: 300 | F901: 36204.7 | G901: 300 | H901: 36204.7 | I901: 300 | J901: 36204.7 | L901: =(SUM(B901,D901,F901,H901,J901 )/5) -> 36204.7 | M901: =MIN(B901,D901,F901,H901,J901) -> 36204.7

Sheet ILS_RVND_2
A1: Data Result Obj Function (5 rounds) | L1: Average: | M1: Best:
A2: 1 | B2: 12238.1 | C2: 1 | D2: 12238.1 | E2: 1 | F2: 12238.1 | G2: 1 | H2: 12238.1 | I2: 1 | J2: 12238.1 | L2: =(SUM(B2,D2,F2,H2,J2 )/5) -> 12238.1 | M2: =MIN(B2,D2,F2,H2,J2) -> 12238.1
A3: 2 | B3: 11473.8 | C3: 2 | D3: 11473.8 | E3: 2 | F3: 11473.8 | G3: 2 | H3: 11473.8 | I3: 2 | J3: 11473.8 | L3: =(SUM(B3,D3,F3,H3,J3 )/5) -> 11473.8 | M3: =MIN(B3,D3,F3,H3,J3) -> 11473.8
A4: 3 | B4: 13295.8 | C4: 3 | D4: 13295.8 | E4: 3 | F4: 13295.8 | G4: 3 | H4: 13295.8 | I4: 3 | J4: 13295.8 | L4: =(SUM(B4,D4,F4,H4,J4 )/5) -> 13295.8 | M4: =MIN(B4,D4,F4,H4,J4) -> 13295.8
A5: 4 | B5: 13691 | C5: 4 | D5: 13691 | E5: 4 | F5: 13691 | G5: 4 | H5: 13691 | I5: 4 | J5: 13691 | L5: =(SUM(B5,D5,F5,H5,J5 )/5) -> 13691 | M5: =MIN(B5,D5,F5,H5,J5) -> 13691
A6: 5 | B6: 17309.1 | C6: 5 | D6: 17309.1 | E6: 5 | F6: 17309.1 | G6: 5 | H6: 17309.1 | I6: 5 | J6: 17309.1 | L6: =(SUM(B6,D6,F6,H6,J6 )/5) -> 17309.1 | M6: =MIN(B6,D6,F6,H6,J6) -> 17309.1
A7: 6 | B7: 12707.1 | C7: 6 | D7: 12707.1 | E7: 6 | F7: 12707.1 | G7: 6 | H7: 12707.1 | I7: 6 | J7: 12707.1 | L7: =(SUM(B7,D7,F7,H7,J7 )/5) -> 12707.1 | M7: =MIN(B7,D7,F7,H7,J7) -> 12707.1
A8: 7 | B8: 9572.5 | C8: 7 | D8: 9572.5 | E8: 7 | F8: 9572.5 | G8: 7 | H8: 9572.5 | I8: 7 | J8: 9572.5 | L8: =(SUM(B8,D8,F8,H8,J8 )/5) -> 9572.5 | M8: =MIN(B8,D8,F8,H8,J8) -> 9572.5
A9: 8 | B9: 9831.8 | C9: 8 | D9: 9831.8 | E9: 8 | F9: 9831.8 | G9: 8 | H9: 9831.8 | I9: 8 | J9: 9831.8 | L9: =(SUM(B9,D9,F9,H9,J9 )/5) -> 9831.8 | M9: =MIN(B9,D9,F9,H9,J9) -> 9831.8
A10: 9 | B10: 13540 | C10: 9 | D10: 13540 | E10: 9 | F10: 13540 | G10: 9 | H10: 13540 | I10: 9 | J10: 13540 | L10: =(SUM(B10,D10,F10,H10,J10 )/5) -> 13540 | M10: =MIN(B10,D10,F10,H10,J10) -> 13540
A11: 10 | B11: 9455 | C11: 10 | D11: 9455 | E11: 10 | F11: 9455 | G11: 10 | H11: 9455 | I11: 10 | J11: 9455 | L11: =(SUM(B11,D11,F11,H11,J11 )/5) -> 9455 | M11: =MIN(B11,D11,F11,H11,J11) -> 9455
A12: 11 | B12: 11684.3 | C12: 11 | D12: 11684.3 | E12: 11 | F12: 11684.3 | G12: 11 | H12: 11684.3 | I12: 11 | J12: 11684.3 | L12: =(SUM(B12,D12,F12,H12,J12 )/5) -> 11684.3 | M12: =MIN(B12,D12,F12,H12,J12) -> 11684.3
A13: 12 | B13: 12347.8 | C13: 12 | D13: 12347.8 | E13: 12 | F13: 12347.8 | G13: 12 | H13: 12347.8 | I13: 12 | J13: 12347.8 | L13: =(SUM(B13,D13,F13,H13,J13 )/5) -> 12347.8 | M13: =MIN(B13,D13,F13,H13,J13) -> 12347.8
... A901: 300 | B901: 36734.5 | C901: 300 | D901: 37120.2 | E901: 300 | F901: 36950.6 | G901: 300 | H901: 37070.4 | I901: 300 | J901: 36758.5 | L901: =(SUM(B901,D901,F901,H901,J901 )/5) -> 36926.84 | M901: =MIN(B901,D901,F901,H901,J901) -> 36734.5

Sheet GA_LS
A1: Data Result Obj Function (5 rounds) | L1: Average: | M1: Best:
A2: 1 | B2: 12238.1 | C2: 1 | D2: 12238.1 | E2: 1 | F2: 12238.1 | G2: 1 | H2: 12238.1 | I2: 1 | J2: 12238.1 | L2: =(SUM(B2,D2,F2,H2,J2 )/5) -> 12238.1 | M2: =MIN(B2,D2,F2,H2,J2) -> 12238.1
A3: 2 | B3: 11473.8 | C3: 2 | D3: 11473.8 | E3: 2 | F3: 11473.8 | G3: 2 | H3: 11473.8 | I3: 2 | J3: 11473.8 | L3: =(SUM(B3,D3,F3,H3,J3 )/5) -> 11473.8 | M3: =MIN(B3,D3,F3,H3,J3) -> 11473.8
A4: 3 | B4: 13295.8 | C4: 3 | D4: 13295.8 | E4: 3 | F4: 13295.8 | G4: 3 | H4: 13295.8 | I4: 3 | J4: 13295.8 | L4: =(SUM(B4,D4,F4,H4,J4 )/5) -> 13295.8 | M4: =MIN(B4,D4,F4,H4,J4) -> 13295.8
A5: 4 | B5: 13691 | C5: 4 | D5: 13691 | E5: 4 | F5: 13691 | G5: 4 | H5: 13691 | I5: 4 | J5: 13691 | L5: =(SUM(B5,D5,F5,H5,J5 )/5) -> 13691 | M5: =MIN(B5,D5,F5,H5,J5) -> 13691
A6: 5 | B6: 17309.1 | C6: 5 | D6: 17309.1 | E6: 5 | F6: 17309.1 | G6: 5 | H6: 17309.1 | I6: 5 | J6: 17309.1 | L6: =(SUM(B6,D6,F6,H6,J6 )/5) -> 17309.1 | M6: =MIN(B6,D6,F6,H6,J6) -> 17309.1
A7: 6 | B7: 12707.1 | C7: 6 | D7: 12707.1 | E7: 6 | F7: 12707.1 | G7: 6 | H7: 12707.1 | I7: 6 | J7: 12707.1 | L7: =(SUM(B7,D7,F7,H7,J7 )/5) -> 12707.1 | M7: =MIN(B7,D7,F7,H7,J7) -> 12707.1
A8: 7 | B8: 9572.5 | C8: 7 | D8: 9572.5 | E8: 7 | F8: 9572.5 | G8: 7 | H8: 9572.5 | I8: 7 | J8: 9572.5 | L8: =(SUM(B8,D8,F8,H8,J8 )/5) -> 9572.5 | M8: =MIN(B8,D8,F8,H8,J8) -> 9572.5
A9: 8 | B9: 9831.8 | C9: 8 | D9: 9831.8 | E9: 8 | F9: 9831.8 | G9: 8 | H9: 9831.8 | I9: 8 | J9: 9831.8 | L9: =(SUM(B9,D9,F9,H9,J9 )/5) -> 9831.8 | M9: =MIN(B9,D9,F9,H9,J9) -> 9831.8
A10: 9 | B10: 13540 | C10: 9 | D10: 13540 | E10: 9 | F10: 13540 | G10: 9 | H10: 13540 | I10: 9 | J10: 13540 | L10: =(SUM(B10,D10,F10,H10,J10 )/5) -> 13540 | M10: =MIN(B10,D10,F10,H10,J10) -> 13540
A11: 10 | B11: 9455 | C11: 10 | D11: 9455 | E11: 10 | F11: 9455 | G11: 10 | H11: 9455 | I11: 10 | J11: 9455 | L11: =(SUM(B11,D11,F11,H11,J11 )/5) -> 9455 | M11: =MIN(B11,D11,F11,H11,J11) -> 9455
A12: 11 | B12: 11684.3 | C12: 11 | D12: 11684.3 | E12: 11 | F12: 11684.3 | G12: 11 | H12: 11684.3 | I12: 11 | J12: 11684.3 | L12: =(SUM(B12,D12,F12,H12,J12 )/5) -> 11684.3 | M12: =MIN(B12,D12,F12,H12,J12) -> 11684.3
A13: 12 | B13: 12347.8 | C13: 12 | D13: 12347.8 | E13: 12 | F13: 12347.8 | G13: 12 | H13: 12347.8 | I13: 12 | J13: 12347.8 | L13: =(SUM(B13,D13,F13,H13,J13 )/5) -> 12347.8 | M13: =MIN(B13,D13,F13,H13,J13) -> 12347.8
... A901: 300 | B901: 36204.7 | C901: 300 | D901: 36204.7 | E901: 300 | F901: 36204.7 | G901: 300 | H901: 35704.8 | I901: 300 | J901: 36604.9 | L901: =(SUM(B901,D901,F901,H901,J901 )/5) -> 36184.76 | M901: =MIN(B901,D901,F901,H901,J901) -> 35704.8

Sheet AVG_RPD_ALL
E1: Average RPD (%) | L1: Best RPD (%)
A2: CPLEX Results | E2: ILS_RVND_1 | F2: ILS_RVND_2 | G2: GA_LS | H2: CPLEX | J2: Min Best(1,2,3,4) | L2: ILS_RVND_1 | M2: ILS_RVND_2 | N2: GA_LS | O2: CPLEX
A3: 12238.1 | E3: =100*( ILS_RVND_1!L2-J3)/J3 -> 0 | F3: =100*( ILS_RVND_2!L2-J3)/J3 -> 0 | G3: =100*(GA_LS!L2-J3)/J3 -> 0 | H3: =100*(A3-J3)/J3 -> 0 | J3: =MIN(ILS_RVND_1!M2, ILS_RVND_2!M2, GA_LS!M2, A3) -> 12238.1 | L3: =100*( ILS_RVND_1!M2-J3)/J3 -> 0 | M3: =100*( ILS_RVND_2!M2-J3)/J3 -> 0 | N3: =100*( GA_LS!M2-J3)/J3 -> 0 | O3: =100*(A3-J3)/J3 -> 0
A4: 11476.8 | E4: =100*( ILS_RVND_1!L3-J4)/J4 -> 0 | F4: =100*( ILS_RVND_2!L3-J4)/J4 -> 0 | G4: =100*(GA_LS!L3-J4)/J4 -> 0 | H4: =100*(A4-J4)/J4 -> 0.026146525 | J4: =MIN(ILS_RVND_1!M3, ILS_RVND_2!M3, GA_LS!M3, A4) -> 11473.8 | L4: =100*( ILS_RVND_1!M3-J4)/J4 -> 0 | M4: =100*( ILS_RVND_2!M3-J4)/J4 -> 0 | N4: =100*( GA_LS!M3-J4)/J4 -> 0 | O4: =100*(A4-J4)/J4 -> 0.026146525
A5: 13295.8 | E5: =100*( ILS_RVND_1!L4-J5)/J5 -> 0 | F5: =100*( ILS_RVND_2!L4-J5)/J5 -> 0 | G5: =100*(GA_LS!L4-J5)/J5 -> 0 | H5: =100*(A5-J5)/J5 -> 0 | J5: =MIN(ILS_RVND_1!M4, ILS_RVND_2!M4, GA_LS!M4, A5) -> 13295.8 | L5: =100*( ILS_RVND_1!M4-J5)/J5 -> 0 | M5: =100*( ILS_RVND_2!M4-J5)/J5 -> 0 | N5: =100*( GA_LS!M4-J5)/J5 -> 0 | O5: =100*(A5-J5)/J5 -> 0
A6: 13691 | E6: =100*( ILS_RVND_1!L5-J6)/J6 -> 0 | F6: =100*( ILS_RVND_2!L5-J6)/J6 -> 0 | G6: =100*(GA_LS!L5-J6)/J6 -> 0 | H6: =100*(A6-J6)/J6 -> 0 | J6: =MIN(ILS_RVND_1!M5, ILS_RVND_2!M5, GA_LS!M5, A6) -> 13691 | L6: =100*( ILS_RVND_1!M5-J6)/J6 -> 0 | M6: =100*( ILS_RVND_2!M5-J6)/J6 -> 0 | N6: =100*( GA_LS!M5-J6)/J6 -> 0 | O6: =100*(A6-J6)/J6 -> 0
A7: 17813.4 | E7: =100*( ILS_RVND_1!L6-J7)/J7 -> 0 | F7: =100*( ILS_RVND_2!L6-J7)/J7 -> 0 | G7: =100*(GA_LS!L6-J7)/J7 -> 0 | H7: =100*(A7-J7)/J7 -> 2.9134964 | J7: =MIN(ILS_RVND_1!M6, ILS_RVND_2!M6, GA_LS!M6, A7) -> 17309.1 | L7: =100*( ILS_RVND_1!M6-J7)/J7 -> 0 | M7: =100*( ILS_RVND_2!M6-J7)/J7 -> 0 | N7: =100*( GA_LS!M6-J7)/J7 -> 0 | O7: =100*(A7-J7)/J7 -> 2.9134964
A8: 12707.1 | E8: =100*( ILS_RVND_1!L7-J8)/J8 -> 0 | F8: =100*( ILS_RVND_2!L7-J8)/J8 -> 0 | G8: =100*(GA_LS!L7-J8)/J8 -> 0 | H8: =100*(A8-J8)/J8 -> 0 | J8: =MIN(ILS_RVND_1!M7, ILS_RVND_2!M7, GA_LS!M7, A8) -> 12707.1 | L8: =100*( ILS_RVND_1!M7-J8)/J8 -> 0 | M8: =100*( ILS_RVND_2!M7-J8)/J8 -> 0 | N8: =100*( GA_LS!M7-J8)/J8 -> 0 | O8: =100*(A8-J8)/J8 -> 0
A9: 9572.5 | E9: =100*( ILS_RVND_1!L8-J9)/J9 -> 0 | F9: =100*( ILS_RVND_2!L8-J9)/J9 -> 0 | G9: =100*(GA_LS!L8-J9)/J9 -> 0 | H9: =100*(A9-J9)/J9 -> 0 | J9: =MIN(ILS_RVND_1!M8, ILS_RVND_2!M8, GA_LS!M8, A9) -> 9572.5 | L9: =100*( ILS_RVND_1!M8-J9)/J9 -> 0 | M9: =100*( ILS_RVND_2!M8-J9)/J9 -> 0 | N9: =100*( GA_LS!M8-J9)/J9 -> 0 | O9: =100*(A9-J9)/J9 -> 0
A10: 9831.8 | E10: =100*( ILS_RVND_1!L9-J10)/J10 -> 0 | F10: =100*( ILS_RVND_2!L9-J10)/J10 -> 0 | G10: =100*(GA_LS!L9-J10)/J10 -> 0 | H10: =100*(A10-J10)/J10 -> 0 | J10: =MIN(ILS_RVND_1!M9, ILS_RVND_2!M9, GA_LS!M9, A10) -> 9831.8 | L10: =100*( ILS_RVND_1!M9-J10)/J10 -> 0 | M10: =100*( ILS_RVND_2!M9-J10)/J10 -> 0 | N10: =100*( GA_LS!M9-J10)/J10 -> 0 | O10: =100*(A10-J10)/J10 -> 0
A11: 13540 | E11: =100*( ILS_RVND_1!L10-J11)/J11 -> 0 | F11: =100*( ILS_RVND_2!L10-J11)/J11 -> 0 | G11: =100*(GA_LS!L10-J11)/J11 -> 0 | H11: =100*(A11-J11)/J11 -> 0 | J11: =MIN(ILS_RVND_1!M10, ILS_RVND_2!M10, GA_LS!M10, A11) -> 13540 | L11: =100*( ILS_RVND_1!M10-J11)/J11 -> 0 | M11: =100*( ILS_RVND_2!M10-J11)/J11 -> 0 | N11: =100*( GA_LS!M10-J11)/J11 -> 0 | O11: =100*(A11-J11)/J11 -> 0
A12: 9455 | E12: =100*( ILS_RVND_1!L11-J12)/J12 -> 0 | F12: =100*( ILS_RVND_2!L11-J12)/J12 -> 0 | G12: =100*(GA_LS!L11-J12)/J12 -> 0 | H12: =100*(A12-J12)/J12 -> 0 | J12: =MIN(ILS_RVND_1!M11, ILS_RVND_2!M11, GA_LS!M11, A12) -> 9455 | L12: =100*( ILS_RVND_1!M11-J12)/J12 -> 0 | M12: =100*( ILS_RVND_2!M11-J12)/J12 -> 0 | N12: =100*( GA_LS!M11-J12)/J12 -> 0 | O12: =100*(A12-J12)/J12 -> 0
A13: 11684.3 | E13: =100*( ILS_RVND_1!L12-J13)/J13 -> 0 | F13: =100*( ILS_RVND_2!L12-J13)/J13 -> 0 | G13: =100*(GA_LS!L12-J13)/J13 -> 0 | H13: =100*(A13-J13)/J13 -> 0 | J13: =MIN(ILS_RVND_1!M12, ILS_RVND_2!M12, GA_LS!M12, A13) -> 11684.3 | L13: =100*( ILS_RVND_1!M12-J13)/J13 -> 0 | M13: =100*( ILS_RVND_2!M12-J13)/J13 -> 0 | N13: =100*( GA_LS!M12-J13)/J13 -> 0 | O13: =100*(A13-J13)/J13 -> 0
A14: 12347.8 | E14: =100*( ILS_RVND_1!L13-J14)/J14 -> 0 | F14: =100*( ILS_RVND_2!L13-J14)/J14 -> 0 | G14: =100*(GA_LS!L13-J14)/J14 -> 0 | H14: =100*(A14-J14)/J14 -> 0 | J14: =MIN(ILS_RVND_1!M13, ILS_RVND_2!M13, GA_LS!M13, A14) -> 12347.8 | L14: =100*( ILS_RVND_1!M13-J14)/J14 -> 0 | M14: =100*( ILS_RVND_2!M13-J14)/J14 -> 0 | N14: =100*( GA_LS!M13-J14)/J14 -> 0 | O14: =100*(A14-J14)/J14 -> 0
... A902: 41422.8 | E902: =100*( ILS_RVND_1!L901-J902)/J902 -> 1.4000919 | F902: =100*( ILS_RVND_2!L901-J902)/J902 -> 3.422621 | G902: =100*(GA_LS!L901-J902)/J902 -> 1.344245 | H902: =100*(A902-J902)/J902 -> 16.014653 | J902: =MIN(ILS_RVND_1!M901, ILS_RVND_2!M901, GA_LS!M901, A902) -> 35704.8 | L902: =100*( ILS_RVND_1!M901-J902)/J902 -> 1.4000919 | M902: =100*( ILS_RVND_2!M901-J902)/J902 -> 2.883926 | N902: =100*( GA_LS!M901-J902)/J902 -> 0 | O902: =100*(A902-J902)/J902 -> 16.014653

Sheet Complete Table
B1: N x K | C1: ILS_RVND_1 | G1: ILS_RVND_2 | K1: GA_LS | O1: CPLEX
C2: Best | D2: Avg. | E2: Time | G2: Best | H2: Avg. | I2: Time | K2: Best | L2: Avg. | M2: Time | O2: Best | P2: Time
B3: 10 x 3 | C3: =AVERAGE(AVG_RPD_ALL!L3:'AVG_RPD_ALL'!L77) -> 0 | D3: =AVERAGE(AVG_RPD_ALL!E3:'AVG_RPD_ALL'!E77) -> 0.0050367074 | E3: =AVERAGE(ILS_RVND_1_Time!L3:'ILS_RVND_1_Time'!L77) -> 0.11466667 | G3: =AVERAGE(AVG_RPD_ALL!M3:'AVG_RPD_ALL'!M77) -> 0.0016236283 | H3: =AVERAGE(AVG_RPD_ALL!F3:'AVG_RPD_ALL'!F77) -> 0.037129236 | I3: =AVERAGE(ILS_RVND_2_Time!L3:'ILS_RVND_2_Time'!L77) -> 0.15733333 | K3: =AVERAGE(AVG_RPD_ALL!N3:'AVG_RPD_ALL'!N77) -> 0 | L3: =AVERAGE(AVG_RPD_ALL!G3:'AVG_RPD_ALL'!G77) -> 0 | M3: =AVERAGE(GA_LS_Time!L3:'GA_LS_Time'!L77) -> 0.168 | O3: =AVERAGE(AVG_RPD_ALL!O3:'AVG_RPD_ALL'!O77) -> 0.44599525 | P3: =AVERAGE(CPLEX_Time!A3:'CPLEX_Time'!A77) -> 3575.0994
B4: 10 x 4 | C4: =AVERAGE(AVG_RPD_ALL!L78:'AVG_RPD_ALL'!L152) -> 0 | D4: =AVERAGE(AVG_RPD_ALL!E78:'AVG_RPD_ALL'!E152) -> 0 | E4: =AVERAGE(ILS_RVND_1_Time!L78:'ILS_RVND_1_Time'!L152) -> 0.14133333 | G4: =AVERAGE(AVG_RPD_ALL!M78:'AVG_RPD_ALL'!M152) -> 0.017465978 | H4: =AVERAGE(AVG_RPD_ALL!F78:'AVG_RPD_ALL'!F152) -> 0.035513065 | I4: =AVERAGE(ILS_RVND_2_Time!L78:'ILS_RVND_2_Time'!L152) -> 0.25066667 | K4: =AVERAGE(AVG_RPD_ALL!N78:'AVG_RPD_ALL'!N152) -> 0 | L4: =AVERAGE(AVG_RPD_ALL!G78:'AVG_RPD_ALL'!G152) -> 0.00054167962 | M4: =AVERAGE(GA_LS_Time!L78:'GA_LS_Time'!L152) -> 0.21866667 | O4: =AVERAGE(AVG_RPD_ALL!O78:'AVG_RPD_ALL'!O152) -> 0.36390333 | P4: =AVERAGE(CPLEX_Time!A78:'CPLEX_Time'!A152) -> 3620.6188
B5: 10 x 5 | C5: =AVERAGE(AVG_RPD_ALL!L153:'AVG_RPD_ALL'!L227) -> 0 | D5: =AVERAGE(AVG_RPD_ALL!E153:'AVG_RPD_ALL'!E227) -> 0.0016016428 | E5: =AVERAGE(ILS_RVND_1_Time!L153:'ILS_RVND_1_Time'!L227) -> 0.17066667 | G5: =AVERAGE(AVG_RPD_ALL!M153:'AVG_RPD_ALL'!M227) -> 0 | H5: =AVERAGE(AVG_RPD_ALL!F153:'AVG_RPD_ALL'!F227) -> 0.047786044 | I5: =AVERAGE(ILS_RVND_2_Time!L153:'ILS_RVND_2_Time'!L227) -> 0.36533333 | K5: =AVERAGE(AVG_RPD_ALL!N153:'AVG_RPD_ALL'!N227) -> 0 | L5: =AVERAGE(AVG_RPD_ALL!G153:'AVG_RPD_ALL'!G227) -> 0.0048758249 | M5: =AVERAGE(GA_LS_Time!L153:'GA_LS_Time'!L227) -> 0.272 | O5: =AVERAGE(AVG_RPD_ALL!O153:'AVG_RPD_ALL'!O227) -> 0.38043303 | P5: =AVERAGE(CPLEX_Time!A153:'CPLEX_Time'!A227) -> 3629.818
B6: 10 x 6 | C6: =AVERAGE(AVG_RPD_ALL!L228:'AVG_RPD_ALL'!L302) -> 0 | D6: =AVERAGE(AVG_RPD_ALL!E228:'AVG_RPD_ALL'!E302) -> 0.00016872084 | E6: =AVERAGE(ILS_RVND_1_Time!L228:'ILS_RVND_1_Time'!L302) -> 0.2 | G6: =AVERAGE(AVG_RPD_ALL!M228:'AVG_RPD_ALL'!M302) -> 0.014583611 | H6: =AVERAGE(AVG_RPD_ALL!F228:'AVG_RPD_ALL'!F302) -> 0.047002603 | I6: =AVERAGE(ILS_RVND_2_Time!L228:'ILS_RVND_2_Time'!L302) -> 0.45333333 | K6: =AVERAGE(AVG_RPD_ALL!N228:'AVG_RPD_ALL'!N302) -> 0 | L6: =AVERAGE(AVG_RPD_ALL!G228:'AVG_RPD_ALL'!G302) -> 0 | M6: =AVERAGE(GA_LS_Time!L228:'GA_LS_Time'!L302) -> 0.32533333 | O6: =AVERAGE(AVG_RPD_ALL!O228:'AVG_RPD_ALL'!O302) -> 0.34574281 | P6: =AVERAGE(CPLEX_Time!A228:'CPLEX_Time'!A302) -> 3634.8487
B7: 15 x 3 | C7: =AVERAGE(AVG_RPD_ALL!L303:'AVG_RPD_ALL'!L377) -> 0 | D7: =AVERAGE(AVG_RPD_ALL!E303:'AVG_RPD_ALL'!E377) -> 0.0022177593 | E7: =AVERAGE(ILS_RVND_1_Time!L303:'ILS_RVND_1_Time'!L377) -> 0.33333333 | G7: =AVERAGE(AVG_RPD_ALL!M303:'AVG_RPD_ALL'!M377) -> 0.70354462 | H7: =AVERAGE(AVG_RPD_ALL!F303:'AVG_RPD_ALL'!F377) -> 1.9593844 | I7: =AVERAGE(ILS_RVND_2_Time!L303:'ILS_RVND_2_Time'!L377) -> 0.29866667 | K7: =AVERAGE(AVG_RPD_ALL!N303:'AVG_RPD_ALL'!N377) -> 0 | L7: =AVERAGE(AVG_RPD_ALL!G303:'AVG_RPD_ALL'!G377) -> 0.050446301 | M7: =AVERAGE(GA_LS_Time!L303:'GA_LS_Time'!L377) -> 0.52533333 | O7: =AVERAGE(AVG_RPD_ALL!O303:'AVG_RPD_ALL'!O377) -> 5.9816371 | P7: =AVERAGE(CPLEX_Time!A303:'CPLEX_Time'!A377) -> 3614.8323
B8: 15 x 4 | C8: =AVERAGE(AVG_RPD_ALL!L378:'AVG_RPD_ALL'!L452) -> 0 | D8: =AVERAGE(AVG_RPD_ALL!E378:'AVG_RPD_ALL'!E452) -> 0.0055824468 | E8: =AVERAGE(ILS_RVND_1_Time!L378:'ILS_RVND_1_Time'!L452) -> 0.38933333 | G8: =AVERAGE(AVG_RPD_ALL!M378:'AVG_RPD_ALL'!M452) -> 0.20741972 | H8: =AVERAGE(AVG_RPD_ALL!F378:'AVG_RPD_ALL'!F452) -> 0.77316273 | I8: =AVERAGE(ILS_RVND_2_Time!L378:'ILS_RVND_2_Time'!L452) -> 0.45866667 | K8: =AVERAGE(AVG_RPD_ALL!N378:'AVG_RPD_ALL'!N452) -> 0 | L8: =AVERAGE(AVG_RPD_ALL!G378:'AVG_RPD_ALL'!G452) -> 0.038579843 | M8: =AVERAGE(GA_LS_Time!L378:'GA_LS_Time'!L452) -> 0.624 | O8: =AVERAGE(AVG_RPD_ALL!O378:'AVG_RPD_ALL'!O452) -> 5.0695076 | P8: =AVERAGE(CPLEX_Time!A378:'CPLEX_Time'!A452) -> 3632.2111
B9: 15 x 5 | C9: =AVERAGE(AVG_RPD_ALL!L453:'AVG_RPD_ALL'!L527) -> 0 | D9: =AVERAGE(AVG_RPD_ALL!E453:'AVG_RPD_ALL'!E527) -> 0.015697485 | E9: =AVERAGE(ILS_RVND_1_Time!L453:'ILS_RVND_1_Time'!L527) -> 0.472 | G9: =AVERAGE(AVG_RPD_ALL!M453:'AVG_RPD_ALL'!M527) -> 0.40698204 | H9: =AVERAGE(AVG_RPD_ALL!F453:'AVG_RPD_ALL'!F527) -> 0.90361804 | I9: =AVERAGE(ILS_RVND_2_Time!L453:'ILS_RVND_2_Time'!L527) -> 0.70666667 | K9: =AVERAGE(AVG_RPD_ALL!N453:'AVG_RPD_ALL'!N527) -> 0.034686619 | L9: =AVERAGE(AVG_RPD_ALL!G453:'AVG_RPD_ALL'!G527) -> 0.058877401 | M9: =AVERAGE(GA_LS_Time!L453:'GA_LS_Time'!L527) -> 0.744 | O9: =AVERAGE(AVG_RPD_ALL!O453:'AVG_RPD_ALL'!O527) -> 3.644498 | P9: =AVERAGE(CPLEX_Time!A453:'CPLEX_Time'!A527) -> 3647.3619
B10: 15 x 6 | C10: =AVERAGE(AVG_RPD_ALL!L528:'AVG_RPD_ALL'!L602) -> 0 | D10: =AVERAGE(AVG_RPD_ALL!E528:'AVG_RPD_ALL'!E602) -> 0.004548876 | E10: =AVERAGE(ILS_RVND_1_Time!L528:'ILS_RVND_1_Time'!L602) -> 0.544 | G10: =AVERAGE(AVG_RPD_ALL!M528:'AVG_RPD_ALL'!M602) -> 0.27209938 | H10: =AVERAGE(AVG_RPD_ALL!F528:'AVG_RPD_ALL'!F602) -> 0.60413476 | I10: =AVERAGE(ILS_RVND_2_Time!L528:'ILS_RVND_2_Time'!L602) -> 0.912 | K10: =AVERAGE(AVG_RPD_ALL!N528:'AVG_RPD_ALL'!N602) -> 0.0010006464 | L10: =AVERAGE(AVG_RPD_ALL!G528:'AVG_RPD_ALL'!G602) -> 0.028930401 | M10: =AVERAGE(GA_LS_Time!L528:'GA_LS_Time'!L602) -> 0.85866667 | O10: =AVERAGE(AVG_RPD_ALL!O528:'AVG_RPD_ALL'!O602) -> 3.7469826 | P10: =AVERAGE(CPLEX_Time!A528:'CPLEX_Time'!A602) -> 3649.9195
B11: 20 x 3 | C11: =AVERAGE(AVG_RPD_ALL!L603:'AVG_RPD_ALL'!L677) -> 0.0044139158 | D11: =AVERAGE(AVG_RPD_ALL!E603:'AVG_RPD_ALL'!E677) -> 0.062906697 | E11: =AVERAGE(ILS_RVND_1_Time!L603:'ILS_RVND_1_Time'!L677) -> 0.79466667 | G11: =AVERAGE(AVG_RPD_ALL!M603:'AVG_RPD_ALL'!M677) -> 3.7633533 | H11: =AVERAGE(AVG_RPD_ALL!F603:'AVG_RPD_ALL'!F677) -> 5.8586753 | I11: =AVERAGE(ILS_RVND_2_Time!L603:'ILS_RVND_2_Time'!L677) -> 0.50933333 | K11: =AVERAGE(AVG_RPD_ALL!N603:'AVG_RPD_ALL'!N677) -> 0.065650066 | L11: =AVERAGE(AVG_RPD_ALL!G603:'AVG_RPD_ALL'!G677) -> 0.28589289 | M11: =AVERAGE(GA_LS_Time!L603:'GA_LS_Time'!L677) -> 1.2533333 | O11: =AVERAGE(AVG_RPD_ALL!O603:'AVG_RPD_ALL'!O677) -> 21.278611 | P11: =AVERAGE(CPLEX_Time!A603:'CPLEX_Time'!A677) -> 3612.7279
B12: 20 x 4 | C12: =AVERAGE(AVG_RPD_ALL!L678:'AVG_RPD_ALL'!L752) -> 0 | D12: =AVERAGE(AVG_RPD_ALL!E678:'AVG_RPD_ALL'!E752) -> 0.052171411 | E12: =AVERAGE(ILS_RVND_1_Time!L678:'ILS_RVND_1_Time'!L752) -> 0.82666667 | G12: =AVERAGE(AVG_RPD_ALL!M678:'AVG_RPD_ALL'!M752) -> 2.680674 | H12: =AVERAGE(AVG_RPD_ALL!F678:'AVG_RPD_ALL'!F752) -> 4.5020616 | I12: =AVERAGE(ILS_RVND_2_Time!L678:'ILS_RVND_2_Time'!L752) -> 0.75733333 | K12: =AVERAGE(AVG_RPD_ALL!N678:'AVG_RPD_ALL'!N752) -> 0.093349507 | L12: =AVERAGE(AVG_RPD_ALL!G678:'AVG_RPD_ALL'!G752) -> 0.34911576 | M12: =AVERAGE(GA_LS_Time!L678:'GA_LS_Time'!L752) -> 1.3386667 | O12: =AVERAGE(AVG_RPD_ALL!O678:'AVG_RPD_ALL'!O752) -> 21.280448 | P12: =AVERAGE(CPLEX_Time!A678:'CPLEX_Time'!A752) -> 3615.7005
B13: 20 x 5 | C13: =AVERAGE(AVG_RPD_ALL!L753:'AVG_RPD_ALL'!L827) -> 0 | D13: =AVERAGE(AVG_RPD_ALL!E753:'AVG_RPD_ALL'!E827) -> 0.010711384 | E13: =AVERAGE(ILS_RVND_1_Time!L753:'ILS_RVND_1_Time'!L827) -> 0.99466667 | G13: =AVERAGE(AVG_RPD_ALL!M753:'AVG_RPD_ALL'!M827) -> 1.1427298 | H13: =AVERAGE(AVG_RPD_ALL!F753:'AVG_RPD_ALL'!F827) -> 2.2130092 | I13: =AVERAGE(ILS_RVND_2_Time!L753:'ILS_RVND_2_Time'!L827) -> 1.1093333 | K13: =AVERAGE(AVG_RPD_ALL!N753:'AVG_RPD_ALL'!N827) -> 0.0029304602 | L13: =AVERAGE(AVG_RPD_ALL!G753:'AVG_RPD_ALL'!G827) -> 0.11636491 | M13: =AVERAGE(GA_LS_Time!L753:'GA_LS_Time'!L827) -> 1.6053333 | O13: =AVERAGE(AVG_RPD_ALL!O753:'AVG_RPD_ALL'!O827) -> 18.532522 | P13: =AVERAGE(CPLEX_Time!A753:'CPLEX_Time'!A827) -> 3618.9804
B14: 20 x 6 | C14: =AVERAGE(AVG_RPD_ALL!L828:'AVG_RPD_ALL'!L902) -> 0.029109758 | D14: =AVERAGE(AVG_RPD_ALL!E828:'AVG_RPD_ALL'!E902) -> 0.10725632 | E14: =AVERAGE(ILS_RVND_1_Time!L828:'ILS_RVND_1_Time'!L902) -> 1.0933333 | G14: =AVERAGE(AVG_RPD_ALL!M828:'AVG_RPD_ALL'!M902) -> 1.0546612 | H14: =AVERAGE(AVG_RPD_ALL!F828:'AVG_RPD_ALL'!F902) -> 1.9207285 | I14: =AVERAGE(ILS_RVND_2_Time!L828:'ILS_RVND_2_Time'!L902) -> 1.5226667 | K14: =AVERAGE(AVG_RPD_ALL!N828:'AVG_RPD_ALL'!N902) -> 0.013363196 | L14: =AVERAGE(AVG_RPD_ALL!G828:'AVG_RPD_ALL'!G902) -> 0.23788766 | M14: =AVERAGE(GA_LS_Time!L828:'GA_LS_Time'!L902) -> 1.736 | O14: =AVERAGE(AVG_RPD_ALL!O828:'AVG_RPD_ALL'!O902) -> 15.631352 | P14: =AVERAGE(CPLEX_Time!A828:'CPLEX_Time'!A902) -> 3621.3832
B15: Average: | C15: =AVERAGE(C3:C14) -> 0.0027936395 | D15: =AVERAGE(D3:D14) -> 0.022324954 | E15: =AVERAGE(E3:E14) -> 0.50622222 | G15: =AVERAGE(G3:G14) -> 0.8554281 | H15: =AVERAGE(H3:H14) -> 1.5751838 | I15: =AVERAGE(I3:I14) -> 0.62511111 | K15: =AVERAGE(K3:K14) -> 0.017581708 | L15: =AVERAGE(L3:L14) -> 0.097626056 | M15: =AVERAGE(M3:M14) -> 0.80577778 | O15: =AVERAGE(O3:O14) -> 8.0584694 | P15: =AVERAGE(P3:P14) -> 3622.7918

Sheet Time Table
B1: N x K | C1: ILS_RVND_1 | E1: ILS_RVND_2 | G1: GA_LS | I1: CPLEX
D2: Avg. | F2: Avg. | H2: Avg. | J2: Avg.
B3: 10 x 3 | D3: =AVERAGE(ILS_RVND_1_Time!L3:'ILS_RVND_1_Time'!L77) -> 0.11466667 | F3: =AVERAGE(ILS_RVND_2_Time!L3:'ILS_RVND_2_Time'!L77) -> 0.15733333 | H3: =AVERAGE(GA_LS_Time!L3:'GA_LS_Time'!L77) -> 0.168 | J3: =AVERAGE(CPLEX_Time!A3:'CPLEX_Time'!A77) -> 3575.0994
B4: 10 x 4 | D4: =AVERAGE(ILS_RVND_1_Time!L78:'ILS_RVND_1_Time'!L152) -> 0.14133333 | F4: =AVERAGE(ILS_RVND_2_Time!L78:'ILS_RVND_2_Time'!L152) -> 0.25066667 | H4: =AVERAGE(GA_LS_Time!L78:'GA_LS_Time'!L152) -> 0.21866667 | J4: =AVERAGE(CPLEX_Time!A78:'CPLEX_Time'!A152) -> 3620.6188
B5: 10 x 5 | D5: =AVERAGE(ILS_RVND_1_Time!L153:'ILS_RVND_1_Time'!L227) -> 0.17066667 | F5: =AVERAGE(ILS_RVND_2_Time!L153:'ILS_RVND_2_Time'!L227) -> 0.36533333 | H5: =AVERAGE(GA_LS_Time!L153:'GA_LS_Time'!L227) -> 0.272 | J5: =AVERAGE(CPLEX_Time!A153:'CPLEX_Time'!A227) -> 3629.818
B6: 10 x 6 | D6: =AVERAGE(ILS_RVND_1_Time!L228:'ILS_RVND_1_Time'!L302) -> 0.2 | F6: =AVERAGE(ILS_RVND_2_Time!L228:'ILS_RVND_2_Time'!L302) -> 0.45333333 | H6: =AVERAGE(GA_LS_Time!L228:'GA_LS_Time'!L302) -> 0.32533333 | J6: =AVERAGE(CPLEX_Time!A228:'CPLEX_Time'!A302) -> 3634.8487
B7: 15 x 3 | D7: =AVERAGE(ILS_RVND_1_Time!L303:'ILS_RVND_1_Time'!L377) -> 0.33333333 | F7: =AVERAGE(ILS_RVND_2_Time!L303:'ILS_RVND_2_Time'!L377) -> 0.29866667 | H7: =AVERAGE(GA_LS_Time!L303:'GA_LS_Time'!L377) -> 0.52533333 | J7: =AVERAGE(CPLEX_Time!A303:'CPLEX_Time'!A377) -> 3614.8323
B8: 15 x 4 | D8: =AVERAGE(ILS_RVND_1_Time!L378:'ILS_RVND_1_Time'!L452) -> 0.38933333 | F8: =AVERAGE(ILS_RVND_2_Time!L378:'ILS_RVND_2_Time'!L452) -> 0.45866667 | H8: =AVERAGE(GA_LS_Time!L378:'GA_LS_Time'!L452) -> 0.624 | J8: =AVERAGE(CPLEX_Time!A378:'CPLEX_Time'!A452) -> 3632.2111
B9: 15 x 5 | D9: =AVERAGE(ILS_RVND_1_Time!L453:'ILS_RVND_1_Time'!L527) -> 0.472 | F9: =AVERAGE(ILS_RVND_2_Time!L453:'ILS_RVND_2_Time'!L527) -> 0.70666667 | H9: =AVERAGE(GA_LS_Time!L453:'GA_LS_Time'!L527) -> 0.744 | J9: =AVERAGE(CPLEX_Time!A453:'CPLEX_Time'!A527) -> 3647.3619
B10: 15 x 6 | D10: =AVERAGE(ILS_RVND_1_Time!L528:'ILS_RVND_1_Time'!L602) -> 0.544 | F10: =AVERAGE(ILS_RVND_2_Time!L528:'ILS_RVND_2_Time'!L602) -> 0.912 | H10: =AVERAGE(GA_LS_Time!L528:'GA_LS_Time'!L602) -> 0.85866667 | J10: =AVERAGE(CPLEX_Time!A528:'CPLEX_Time'!A602) -> 3649.9195
B11: 20 x 3 | D11: =AVERAGE(ILS_RVND_1_Time!L603:'ILS_RVND_1_Time'!L677) -> 0.79466667 | F11: =AVERAGE(ILS_RVND_2_Time!L603:'ILS_RVND_2_Time'!L677) -> 0.50933333 | H11: =AVERAGE(GA_LS_Time!L603:'GA_LS_Time'!L677) -> 1.2533333 | J11: =AVERAGE(CPLEX_Time!A603:'CPLEX_Time'!A677) -> 3612.7279
B12: 20 x 4 | D12: =AVERAGE(ILS_RVND_1_Time!L678:'ILS_RVND_1_Time'!L752) -> 0.82666667 | F12: =AVERAGE(ILS_RVND_2_Time!L678:'ILS_RVND_2_Time'!L752) -> 0.75733333 | H12: =AVERAGE(GA_LS_Time!L678:'GA_LS_Time'!L752) -> 1.3386667 | J12: =AVERAGE(CPLEX_Time!A678:'CPLEX_Time'!A752) -> 3615.7005
B13: 20 x 5 | D13: =AVERAGE(ILS_RVND_1_Time!L753:'ILS_RVND_1_Time'!L827) -> 0.99466667 | F13: =AVERAGE(ILS_RVND_2_Time!L753:'ILS_RVND_2_Time'!L827) -> 1.1093333 | H13: =AVERAGE(GA_LS_Time!L753:'GA_LS_Time'!L827) -> 1.6053333 | J13: =AVERAGE(CPLEX_Time!A753:'CPLEX_Time'!A827) -> 3618.9804
B14: 20 x 6 | D14: =AVERAGE(ILS_RVND_1_Time!L828:'ILS_RVND_1_Time'!L902) -> 1.0933333 | F14: =AVERAGE(ILS_RVND_2_Time!L828:'ILS_RVND_2_Time'!L902) -> 1.5226667 | H14: =AVERAGE(GA_LS_Time!L828:'GA_LS_Time'!L902) -> 1.736 | J14: =AVERAGE(CPLEX_Time!A828:'CPLEX_Time'!A902) -> 3621.3832
B15: Average: | D15: =AVERAGE(D3:D14) -> 0.50622222 | F15: =AVERAGE(F3:F14) -> 0.62511111 | H15: =AVERAGE(H3:H14) -> 0.80577778 | J15: =AVERAGE(J3:J14) -> 3622.7918

Sheet ILS_RVND_1_Time
A2: Data Result Obj Function (5 rounds) | L2: Average: | M2: Best: | O2: Total Avg:
A3: 1 | B3: 0 | C3: 1 | D3: 0 | E3: 1 | F3: 0 | G3: 1 | H3: 0 | I3: 1 | J3: 0 | L3: =(SUM(B3,D3,F3,H3,J3 )/5) -> 0 | M3: =MIN(B3,D3,F3,H3,J3) -> 0 | O3: =SUM(L3:L302)/300 -> 0.15666667
A4: 2 | B4: 0 | C4: 2 | D4: 0 | E4: 2 | F4: 0 | G4: 2 | H4: 0 | I4: 2 | J4: 0 | L4: =(SUM(B4,D4,F4,H4,J4 )/5) -> 0 | M4: =MIN(B4,D4,F4,H4,J4) -> 0 | O4: =SUM(L303:L602)/300 -> 0.43466667
A5: 3 | B5: 0 | C5: 3 | D5: 0 | E5: 3 | F5: 0 | G5: 3 | H5: 0 | I5: 3 | J5: 1 | L5: =(SUM(B5,D5,F5,H5,J5 )/5) -> 0.2 | M5: =MIN(B5,D5,F5,H5,J5) -> 0 | O5: =SUM(L604:L903)/300 -> 0.92666667
A6: 4 | B6: 0 | C6: 4 | D6: 0 | E6: 4 | F6: 0 | G6: 4 | H6: 1 | I6: 4 | J6: 0 | L6: =(SUM(B6,D6,F6,H6,J6 )/5) -> 0.2 | M6: =MIN(B6,D6,F6,H6,J6) -> 0
A7: 5 | B7: 1 | C7: 5 | D7: 1 | E7: 5 | F7: 1 | G7: 5 | H7: 0 | I7: 5 | J7: 0 | L7: =(SUM(B7,D7,F7,H7,J7 )/5) -> 0.6 | M7: =MIN(B7,D7,F7,H7,J7) -> 0
A8: 6 | B8: 0 | C8: 6 | D8: 0 | E8: 6 | F8: 0 | G8: 6 | H8: 0 | I8: 6 | J8: 0 | L8: =(SUM(B8,D8,F8,H8,J8 )/5) -> 0 | M8: =MIN(B8,D8,F8,H8,J8) -> 0
A9: 7 | B9: 0 | C9: 7 | D9: 0 | E9: 7 | F9: 0 | G9: 7 | H9: 0 | I9: 7 | J9: 0 | L9: =(SUM(B9,D9,F9,H9,J9 )/5) -> 0 | M9: =MIN(B9,D9,F9,H9,J9) -> 0
A10: 8 | B10: 0 | C10: 8 | D10: 0 | E10: 8 | F10: 0 | G10: 8 | H10: 0 | I10: 8 | J10: 0 | L10: =(SUM(B10,D10,F10,H10,J10 )/5) -> 0 | M10: =MIN(B10,D10,F10,H10,J10) -> 0
A11: 9 | B11: 0 | C11: 9 | D11: 0 | E11: 9 | F11: 0 | G11: 9 | H11: 0 | I11: 9 | J11: 0 | L11: =(SUM(B11,D11,F11,H11,J11 )/5) -> 0 | M11: =MIN(B11,D11,F11,H11,J11) -> 0
A12: 10 | B12: 0 | C12: 10 | D12: 0 | E12: 10 | F12: 0 | G12: 10 | H12: 0 | I12: 10 | J12: 0 | L12: =(SUM(B12,D12,F12,H12,J12 )/5) -> 0 | M12: =MIN(B12,D12,F12,H12,J12) -> 0
A13: 11 | B13: 0 | C13: 11 | D13: 0 | E13: 11 | F13: 0 | G13: 11 | H13: 0 | I13: 11 | J13: 0 | L13: =(SUM(B13,D13,F13,H13,J13 )/5) -> 0 | M13: =MIN(B13,D13,F13,H13,J13) -> 0
A14: 12 | B14: 0 | C14: 12 | D14: 0 | E14: 12 | F14: 0 | G14: 12 | H14: 0 | I14: 12 | J14: 0 | L14: =(SUM(B14,D14,F14,H14,J14 )/5) -> 0 | M14: =MIN(B14,D14,F14,H14,J14) -> 0
A15: 13 | B15: 0 | C15: 13 | D15: 0 | E15: 13 | F15: 0 | G15: 13 | H15: 0 | I15: 13 | J15: 1 | L15: =(SUM(B15,D15,F15,H15,J15 )/5) -> 0.2 | M15: =MIN(B15,D15,F15,H15,J15) -> 0
A16: 14 | B16: 0 | C16: 14 | D16: 0 | E16: 14 | F16: 0 | G16: 14 | H16: 1 | I16: 14 | J16: 0 | L16: =(SUM(B16,D16,F16,H16,J16 )/5) -> 0.2 | M16: =MIN(B16,D16,F16,H16,J16) -> 0
A17: 15 | B17: 1 | C17: 15 | D17: 1 | E17: 15 | F17: 1 | G17: 15 | H17: 0 | I17: 15 | J17: 0 | L17: =(SUM(B17,D17,F17,H17,J17 )/5) -> 0.6 | M17: =MIN(B17,D17,F17,H17,J17) -> 0
... A902: 300 | B902: 1 | C902: 300 | D902: 1 | E902: 300 | F902: 1 | G902: 300 | H902: 1 | I902: 300 | J902: 1 | L902: =(SUM(B902,D902,F902,H902,J902 )/5) -> 1 | M902: =MIN(B902,D902,F902,H902,J902) -> 1

Sheet ILS_RVND_2_Time
A2: Data Result Obj Function (5 rounds) | L2: Average: | M2: Best: | O2: Total Avg:
A3: 1 | B3: 1 | C3: 1 | D3: 0 | E3: 1 | F3: 0 | G3: 1 | H3: 0 | I3: 1 | J3: 1 | L3: =(SUM(B3,D3,F3,H3,J3 )/5) -> 0.4 | M3: =MIN(B3,D3,F3,H3,J3) -> 0 | O3: =SUM(L3:L302)/300 -> 0.30666667
A4: 2 | B4: 0 | C4: 2 | D4: 0 | E4: 2 | F4: 0 | G4: 2 | H4: 0 | I4: 2 | J4: 0 | L4: =(SUM(B4,D4,F4,H4,J4 )/5) -> 0 | M4: =MIN(B4,D4,F4,H4,J4) -> 0 | O4: =SUM(L303:L602)/300 -> 0.594
A5: 3 | B5: 0 | C5: 3 | D5: 1 | E5: 3 | F5: 0 | G5: 3 | H5: 0 | I5: 3 | J5: 0 | L5: =(SUM(B5,D5,F5,H5,J5 )/5) -> 0.2 | M5: =MIN(B5,D5,F5,H5,J5) -> 0 | O5: =SUM(L604:L903)/300 -> 0.97333333
A6: 4 | B6: 0 | C6: 4 | D6: 0 | E6: 4 | F6: 1 | G6: 4 | H6: 0 | I6: 4 | J6: 0 | L6: =(SUM(B6,D6,F6,H6,J6 )/5) -> 0.2 | M6: =MIN(B6,D6,F6,H6,J6) -> 0
A7: 5 | B7: 0 | C7: 5 | D7: 0 | E7: 5 | F7: 0 | G7: 5 | H7: 0 | I7: 5 | J7: 0 | L7: =(SUM(B7,D7,F7,H7,J7 )/5) -> 0 | M7: =MIN(B7,D7,F7,H7,J7) -> 0
A8: 6 | B8: 0 | C8: 6 | D8: 0 | E8: 6 | F8: 0 | G8: 6 | H8: 0 | I8: 6 | J8: 0 | L8: =(SUM(B8,D8,F8,H8,J8 )/5) -> 0 | M8: =MIN(B8,D8,F8,H8,J8) -> 0
A9: 7 | B9: 0 | C9: 7 | D9: 0 | E9: 7 | F9: 0 | G9: 7 | H9: 1 | I9: 7 | J9: 1 | L9: =(SUM(B9,D9,F9,H9,J9 )/5) -> 0.4 | M9: =MIN(B9,D9,F9,H9,J9) -> 0
A10: 8 | B10: 1 | C10: 8 | D10: 0 | E10: 8 | F10: 0 | G10: 8 | H10: 0 | I10: 8 | J10: 0 | L10: =(SUM(B10,D10,F10,H10,J10 )/5) -> 0.2 | M10: =MIN(B10,D10,F10,H10,J10) -> 0
A11: 9 | B11: 0 | C11: 9 | D11: 0 | E11: 9 | F11: 0 | G11: 9 | H11: 0 | I11: 9 | J11: 0 | L11: =(SUM(B11,D11,F11,H11,J11 )/5) -> 0 | M11: =MIN(B11,D11,F11,H11,J11) -> 0
A12: 10 | B12: 0 | C12: 10 | D12: 1 | E12: 10 | F12: 0 | G12: 10 | H12: 0 | I12: 10 | J12: 0 | L12: =(SUM(B12,D12,F12,H12,J12 )/5) -> 0.2 | M12: =MIN(B12,D12,F12,H12,J12) -> 0
A13: 11 | B13: 0 | C13: 11 | D13: 0 | E13: 11 | F13: 0 | G13: 11 | H13: 0 | I13: 11 | J13: 0 | L13: =(SUM(B13,D13,F13,H13,J13 )/5) -> 0 | M13: =MIN(B13,D13,F13,H13,J13) -> 0
A14: 12 | B14: 0 | C14: 12 | D14: 0 | E14: 12 | F14: 1 | G14: 12 | H14: 0 | I14: 12 | J14: 0 | L14: =(SUM(B14,D14,F14,H14,J14 )/5) -> 0.2 | M14: =MIN(B14,D14,F14,H14,J14) -> 0
A15: 13 | B15: 0 | C15: 13 | D15: 0 | E15: 13 | F15: 0 | G15: 13 | H15: 1 | I15: 13 | J15: 0 | L15: =(SUM(B15,D15,F15,H15,J15 )/5) -> 0.2 | M15: =MIN(B15,D15,F15,H15,J15) -> 0
A16: 14 | B16: 0 | C16: 14 | D16: 0 | E16: 14 | F16: 0 | G16: 14 | H16: 0 | I16: 14 | J16: 0 | L16: =(SUM(B16,D16,F16,H16,J16 )/5) -> 0 | M16: =MIN(B16,D16,F16,H16,J16) -> 0
A17: 15 | B17: 1 | C17: 15 | D17: 0 | E17: 15 | F17: 0 | G17: 15 | H17: 0 | I17: 15 | J17: 1 | L17: =(SUM(B17,D17,F17,H17,J17 )/5) -> 0.4 | M17: =MIN(B17,D17,F17,H17,J17) -> 0
... A902: 300 | B902: 1 | C902: 300 | D902: 1 | E902: 300 | F902: 1 | G902: 300 | H902: 2 | I902: 300 | J902: 2 | L902: =(SUM(B902,D902,F902,H902,J902 )/5) -> 1.4 | M902: =MIN(B902,D902,F902,H902,J902) -> 1

Sheet GA_LS_Time
A2: Data Result Obj Function (5 rounds) | L2: Average: | M2: Best: | O2: Total Avg:
A3: 1 | B3: 1 | C3: 1 | D3: 0 | E3: 1 | F3: 0 | G3: 1 | H3: 0 | I3: 1 | J3: 0 | L3: =(SUM(B3,D3,F3,H3,J3 )/5) -> 0.2 | M3: =MIN(B3,D3,F3,H3,J3) -> 0 | O3: =SUM(L3:L302)/300 -> 0.246
A4: 2 | B4: 0 | C4: 2 | D4: 0 | E4: 2 | F4: 0 | G4: 2 | H4: 0 | I4: 2 | J4: 0 | L4: =(SUM(B4,D4,F4,H4,J4 )/5) -> 0 | M4: =MIN(B4,D4,F4,H4,J4) -> 0 | O4: =SUM(L303:L602)/300 -> 0.688
A5: 3 | B5: 0 | C5: 3 | D5: 0 | E5: 3 | F5: 0 | G5: 3 | H5: 0 | I5: 3 | J5: 1 | L5: =(SUM(B5,D5,F5,H5,J5 )/5) -> 0.2 | M5: =MIN(B5,D5,F5,H5,J5) -> 0 | O5: =SUM(L604:L903)/300 -> 1.482
A6: 4 | B6: 0 | C6: 4 | D6: 0 | E6: 4 | F6: 0 | G6: 4 | H6: 0 | I6: 4 | J6: 0 | L6: =(SUM(B6,D6,F6,H6,J6 )/5) -> 0 | M6: =MIN(B6,D6,F6,H6,J6) -> 0
A7: 5 | B7: 0 | C7: 5 | D7: 1 | E7: 5 | F7: 1 | G7: 5 | H7: 1 | I7: 5 | J7: 0 | L7: =(SUM(B7,D7,F7,H7,J7 )/5) -> 0.6 | M7: =MIN(B7,D7,F7,H7,J7) -> 0
A8: 6 | B8: 0 | C8: 6 | D8: 0 | E8: 6 | F8: 0 | G8: 6 | H8: 0 | I8: 6 | J8: 0 | L8: =(SUM(B8,D8,F8,H8,J8 )/5) -> 0 | M8: =MIN(B8,D8,F8,H8,J8) -> 0
A9: 7 | B9: 1 | C9: 7 | D9: 0 | E9: 7 | F9: 0 | G9: 7 | H9: 0 | I9: 7 | J9: 0 | L9: =(SUM(B9,D9,F9,H9,J9 )/5) -> 0.2 | M9: =MIN(B9,D9,F9,H9,J9) -> 0
A10: 8 | B10: 0 | C10: 8 | D10: 0 | E10: 8 | F10: 0 | G10: 8 | H10: 0 | I10: 8 | J10: 0 | L10: =(SUM(B10,D10,F10,H10,J10 )/5) -> 0 | M10: =MIN(B10,D10,F10,H10,J10) -> 0
A11: 9 | B11: 0 | C11: 9 | D11: 0 | E11: 9 | F11: 0 | G11: 9 | H11: 0 | I11: 9 | J11: 0 | L11: =(SUM(B11,D11,F11,H11,J11 )/5) -> 0 | M11: =MIN(B11,D11,F11,H11,J11) -> 0
A12: 10 | B12: 0 | C12: 10 | D12: 0 | E12: 10 | F12: 0 | G12: 10 | H12: 0 | I12: 10 | J12: 1 | L12: =(SUM(B12,D12,F12,H12,J12 )/5) -> 0.2 | M12: =MIN(B12,D12,F12,H12,J12) -> 0
A13: 11 | B13: 0 | C13: 11 | D13: 0 | E13: 11 | F13: 0 | G13: 11 | H13: 1 | I13: 11 | J13: 0 | L13: =(SUM(B13,D13,F13,H13,J13 )/5) -> 0.2 | M13: =MIN(B13,D13,F13,H13,J13) -> 0
A14: 12 | B14: 0 | C14: 12 | D14: 1 | E14: 12 | F14: 1 | G14: 12 | H14: 0 | I14: 12 | J14: 0 | L14: =(SUM(B14,D14,F14,H14,J14 )/5) -> 0.4 | M14: =MIN(B14,D14,F14,H14,J14) -> 0
A15: 13 | B15: 0 | C15: 13 | D15: 0 | E15: 13 | F15: 0 | G15: 13 | H15: 0 | I15: 13 | J15: 0 | L15: =(SUM(B15,D15,F15,H15,J15 )/5) -> 0 | M15: =MIN(B15,D15,F15,H15,J15) -> 0
A16: 14 | B16: 1 | C16: 14 | D16: 0 | E16: 14 | F16: 0 | G16: 14 | H16: 0 | I16: 14 | J16: 0 | L16: =(SUM(B16,D16,F16,H16,J16 )/5) -> 0.2 | M16: =MIN(B16,D16,F16,H16,J16) -> 0
A17: 15 | B17: 0 | C17: 15 | D17: 0 | E17: 15 | F17: 0 | G17: 15 | H17: 0 | I17: 15 | J17: 0 | L17: =(SUM(B17,D17,F17,H17,J17 )/5) -> 0 | M17: =MIN(B17,D17,F17,H17,J17) -> 0
... A902: 300 | B902: 2 | C902: 300 | D902: 2 | E902: 300 | F902: 2 | G902: 300 | H902: 1 | I902: 300 | J902: 2 | L902: =(SUM(B902,D902,F902,H902,J902 )/5) -> 1.8 | M902: =MIN(B902,D902,F902,H902,J902) -> 1

Sheet CPLEX_Time
A2: CPUtime CPLEX | J2: Averages: | K2: ILS-RVND-1 | L2: ILS-RVND-2 | M2: G.A. | O2: 10 Jobs | P2: 15 Jobs | Q2: 20 Jobs
A3: 3610.61 | N3: ILS-RVND-1 | O3: 0.15666667 | P3: 0.43466667 | Q3: 0.92666667
A4: 3624.18 | N4: ILS-RVND-2 | O4: 0.30666667 | P4: 0.594 | Q4: 0.97333333
A5: 3616.23 | N5: G.A. | O5: 0.246 | P5: 0.688 | Q5: 1.482
A6: 3609.99
A7: 3624.01
A8: 3626.69
A9: 3609.46
A10: 3609.27
A11: 3608.86
A12: 3609.65
A13: 3613.85
A14: 3612.67
A15: 3609.54
A16: 3608.85
A17: 3609.29
... A902: 3610.21
