Workbook
Name _1_ILS2_OBJ_FUNCTION_new50jobs: Planilha1!$A$1:$J$60
Name _2_ILS2_OBJ_FUNCTION_new50jobs: Planilha2!$A$1:$J$60
Name _2_ILS2_OBJ_FUNCTION_new50jobs: Planilha3!$A$1:$J$60
Name out: Planilha12!$B$1:$Y$1

Sheet Planilha1
A1: 1 | B1: 679529 | C1: 686623 | D1: 678061 | E1: 686724 | F1: 674519 | G1: 687131 | H1: 680892 | I1: 672257 | J1: 677966
A2: 2 | B2: 723798 | C2: 716068 | D2: 718216 | E2: 733757 | F2: 717672 | G2: 719376 | H2: 715544 | I2: 722771 | J2: 707125
A3: 3 | B3: 750449 | C3: 765362 | D3: 762400 | E3: 767433 | F3: 748939 | G3: 758844 | H3: 733150 | I3: 742508 | J3: 746304
A4: 4 | B4: 711536 | C4: 703703 | D4: 696309 | E4: 715196 | F4: 716724 | G4: 704928 | H4: 712257 | I4: 709148 | J4: 704429
A5: 5 | B5: 701748 | C5: 702022 | D5: 706734 | E5: 692935 | F5: 676791 | G5: 701154 | H5: 707134 | I5: 692523 | J5: 680568
A6: 6 | B6: 789217 | C6: 785253 | D6: 782028 | E6: 771813 | F6: 772794 | G6: 775255 | H6: 769774 | I6: 765144 | J6: 778115
A7: 7 | B7: 781482 | C7: 777445 | D7: 761882 | E7: 773073 | F7: 779096 | G7: 749701 | H7: 768284 | I7: 760530 | J7: 766431
A8: 8 | B8: 659364 | C8: 670816 | D8: 649536 | E8: 661046 | F8: 664129 | G8: 653495 | H8: 655198 | I8: 653909 | J8: 646916
A9: 9 | B9: 605243 | C9: 619749 | D9: 614181 | E9: 598580 | F9: 598034 | G9: 602579 | H9: 590139 | I9: 606680 | J9: 593881
A10: 10 | B10: 599483 | C10: 607061 | D10: 604678 | E10: 595550 | F10: 606536 | G10: 593203 | H10: 589589 | I10: 587112 | J10: 599977
A11: 11 | B11: 873970 | C11: 862608 | D11: 866683 | E11: 845815 | F11: 845059 | G11: 867515 | H11: 865304 | I11: 852543 | J11: 846038
A12: 12 | B12: 732703 | C12: 727689 | D12: 745825 | E12: 711920 | F12: 716312 | G12: 707372 | H12: 705324 | I12: 713397 | J12: 722877
... A60: 60 | B60: 667772 | C60: 664366 | D60: 672702 | E60: 676616 | F60: 676805 | G60: 660797 | H60: 669348 | I60: 673588 | J60: 665156

Sheet Planilha2
A1: 1 | B1: 689159 | C1: 685027 | D1: 690521 | E1: 682343 | F1: 680278 | G1: 680423 | H1: 676425 | I1: 677797 | J1: 678687
A2: 2 | B2: 719071 | C2: 724992 | D2: 734069 | E2: 726749 | F2: 710439 | G2: 722693 | H2: 709743 | I2: 711772 | J2: 719392
A3: 3 | B3: 765963 | C3: 751233 | D3: 763323 | E3: 751495 | F3: 744716 | G3: 731367 | H3: 750598 | I3: 723027 | J3: 730879
A4: 4 | B4: 714941 | C4: 704963 | D4: 704628 | E4: 709210 | F4: 705314 | G4: 701710 | H4: 708003 | I4: 704166 | J4: 699550
A5: 5 | B5: 701652 | C5: 707928 | D5: 700877 | E5: 674184 | F5: 702002 | G5: 698115 | H5: 686778 | I5: 692112 | J5: 705635
A6: 6 | B6: 779382 | C6: 759271 | D6: 776528 | E6: 773015 | F6: 774277 | G6: 759831 | H6: 766079 | I6: 769708 | J6: 770515
A7: 7 | B7: 783508 | C7: 785821 | D7: 778230 | E7: 755388 | F7: 765670 | G7: 750999 | H7: 766324 | I7: 760506 | J7: 771731
A8: 8 | B8: 668727 | C8: 650153 | D8: 662934 | E8: 644495 | F8: 662410 | G8: 678319 | H8: 663453 | I8: 665646 | J8: 645910
A9: 9 | B9: 585579 | C9: 585946 | D9: 609735 | E9: 586730 | F9: 591571 | G9: 614806 | H9: 602812 | I9: 603735 | J9: 593109
A10: 10 | B10: 604838 | C10: 613844 | D10: 599006 | E10: 580325 | F10: 598749 | G10: 582012 | H10: 593312 | I10: 595919 | J10: 596050
A11: 11 | B11: 877369 | C11: 864114 | D11: 881540 | E11: 862719 | F11: 852664 | G11: 859342 | H11: 853169 | I11: 855140 | J11: 860012
A12: 12 | B12: 722072 | C12: 710506 | D12: 702520 | E12: 726250 | F12: 717916 | G12: 713798 | H12: 715892 | I12: 707201 | J12: 709347
... A60: 60 | B60: 672522 | C60: 677153 | D60: 666504 | E60: 663349 | F60: 675691 | G60: 675366 | H60: 674405 | I60: 667129 | J60: 664048

Sheet Planilha3
A1: 1 | B1: 692163 | C1: 695020 | D1: 677863 | E1: 684714 | F1: 688756 | G1: 679341 | H1: 679202 | I1: 681131 | J1: 671270
A2: 2 | B2: 726354 | C2: 728995 | D2: 734299 | E2: 727490 | F2: 727721 | G2: 724540 | H2: 717289 | I2: 723886 | J2: 725269
A3: 3 | B3: 764107 | C3: 754685 | D3: 763762 | E3: 746298 | F3: 743951 | G3: 760615 | H3: 750697 | I3: 742284 | J3: 724301
A4: 4 | B4: 712007 | C4: 716018 | D4: 708306 | E4: 713968 | F4: 717948 | G4: 707911 | H4: 711484 | I4: 688585 | J4: 717132
A5: 5 | B5: 699178 | C5: 708041 | D5: 698837 | E5: 698307 | F5: 697703 | G5: 697418 | H5: 689736 | I5: 695243 | J5: 684873
A6: 6 | B6: 773784 | C6: 773181 | D6: 786744 | E6: 771463 | F6: 762033 | G6: 782091 | H6: 766108 | I6: 776509 | J6: 768797
A7: 7 | B7: 783665 | C7: 782161 | D7: 769281 | E7: 755920 | F7: 764293 | G7: 785140 | H7: 753544 | I7: 762421 | J7: 771431
A8: 8 | B8: 655420 | C8: 665164 | D8: 673284 | E8: 673169 | F8: 660212 | G8: 650989 | H8: 649833 | I8: 660215 | J8: 654564
A9: 9 | B9: 614571 | C9: 599066 | D9: 611444 | E9: 610307 | F9: 600679 | G9: 600209 | H9: 605618 | I9: 599070 | J9: 592679
A10: 10 | B10: 586560 | C10: 587611 | D10: 612114 | E10: 578333 | F10: 590111 | G10: 582339 | H10: 612908 | I10: 594947 | J10: 592990
A11: 11 | B11: 850547 | C11: 903408 | D11: 862177 | E11: 858913 | F11: 865573 | G11: 856932 | H11: 870577 | I11: 863291 | J11: 852862
A12: 12 | B12: 715441 | C12: 733779 | D12: 720461 | E12: 714036 | F12: 712660 | G12: 702183 | H12: 714755 | I12: 701420 | J12: 713906
... A60: 60 | B60: 659691 | C60: 670704 | D60: 670225 | E60: 659492 | F60: 677491 | G60: 664282 | H60: 658231 | I60: 670784 | J60: 650812

Sheet Planilha11
B1: =(Planilha1!B1+Planilha2!B1+Planilha3!B1)/3 -> 686950.33 | C1: =(Planilha1!C1+Planilha2!C1+Planilha3!C1)/3 -> 688890 | D1: =(Planilha1!D1+Planilha2!D1+Planilha3!D1)/3 -> 682148.33 | E1: =(Planilha1!E1+Planilha2!E1+Planilha3!E1)/3 -> 684593.67 | F1: =(Planilha1!F1+Planilha2!F1+Planilha3!F1)/3 -> 681184.33 | G1: =(Planilha1!G1+Planilha2!G1+Planilha3!G1)/3 -> 682298.33 | H1: =(Planilha1!H1+Planilha2!H1+Planilha3!H1)/3 -> 678839.67 | I1: =(Planilha1!I1+Planilha2!I1+Planilha3!I1)/3 -> 677061.67 | J1: =(Planilha1!J1+Planilha2!J1+Planilha3!J1)/3 -> 675974.33
B2: =(Planilha1!B2+Planilha2!B2+Planilha3!B2)/3 -> 723074.33 | C2: =(Planilha1!C2+Planilha2!C2+Planilha3!C2)/3 -> 723351.67 | D2: =(Planilha1!D2+Planilha2!D2+Planilha3!D2)/3 -> 728861.33 | E2: =(Planilha1!E2+Planilha2!E2+Planilha3!E2)/3 -> 729332 | F2: =(Planilha1!F2+Planilha2!F2+Planilha3!F2)/3 -> 718610.67 | G2: =(Planilha1!G2+Planilha2!G2+Planilha3!G2)/3 -> 722203 | H2: =(Planilha1!H2+Planilha2!H2+Planilha3!H2)/3 -> 714192 | I2: =(Planilha1!I2+Planilha2!I2+Planilha3!I2)/3 -> 719476.33 | J2: =(Planilha1!J2+Planilha2!J2+Planilha3!J2)/3 -> 717262
B3: =(Planilha1!B3+Planilha2!B3+Planilha3!B3)/3 -> 760173 | C3: =(Planilha1!C3+Planilha2!C3+Planilha3!C3)/3 -> 757093.33 | D3: =(Planilha1!D3+Planilha2!D3+Planilha3!D3)/3 -> 763161.67 | E3: =(Planilha1!E3+Planilha2!E3+Planilha3!E3)/3 -> 755075.33 | F3: =(Planilha1!F3+Planilha2!F3+Planilha3!F3)/3 -> 745868.67 | G3: =(Planilha1!G3+Planilha2!G3+Planilha3!G3)/3 -> 750275.33 | H3: =(Planilha1!H3+Planilha2!H3+Planilha3!H3)/3 -> 744815 | I3: =(Planilha1!I3+Planilha2!I3+Planilha3!I3)/3 -> 735939.67 | J3: =(Planilha1!J3+Planilha2!J3+Planilha3!J3)/3 -> 733828
B4: =(Planilha1!B4+Planilha2!B4+Planilha3!B4)/3 -> 712828 | C4: =(Planilha1!C4+Planilha2!C4+Planilha3!C4)/3 -> 708228 | D4: =(Planilha1!D4+Planilha2!D4+Planilha3!D4)/3 -> 703081 | E4: =(Planilha1!E4+Planilha2!E4+Planilha3!E4)/3 -> 712791.33 | F4: =(Planilha1!F4+Planilha2!F4+Planilha3!F4)/3 -> 713328.67 | G4: =(Planilha1!G4+Planilha2!G4+Planilha3!G4)/3 -> 704849.67 | H4: =(Planilha1!H4+Planilha2!H4+Planilha3!H4)/3 -> 710581.33 | I4: =(Planilha1!I4+Planilha2!I4+Planilha3!I4)/3 -> 700633 | J4: =(Planilha1!J4+Planilha2!J4+Planilha3!J4)/3 -> 707037
B5: =(Planilha1!B5+Planilha2!B5+Planilha3!B5)/3 -> 700859.33 | C5: =(Planilha1!C5+Planilha2!C5+Planilha3!C5)/3 -> 705997 | D5: =(Planilha1!D5+Planilha2!D5+Planilha3!D5)/3 -> 702149.33 | E5: =(Planilha1!E5+Planilha2!E5+Planilha3!E5)/3 -> 688475.33 | F5: =(Planilha1!F5+Planilha2!F5+Planilha3!F5)/3 -> 692165.33 | G5: =(Planilha1!G5+Planilha2!G5+Planilha3!G5)/3 -> 698895.67 | H5: =(Planilha1!H5+Planilha2!H5+Planilha3!H5)/3 -> 694549.33 | I5: =(Planilha1!I5+Planilha2!I5+Planilha3!I5)/3 -> 693292.67 | J5: =(Planilha1!J5+Planilha2!J5+Planilha3!J5)/3 -> 690358.67
B6: =(Planilha1!B6+Planilha2!B6+Planilha3!B6)/3 -> 780794.33 | C6: =(Planilha1!C6+Planilha2!C6+Planilha3!C6)/3 -> 772568.33 | D6: =(Planilha1!D6+Planilha2!D6+Planilha3!D6)/3 -> 781766.67 | E6: =(Planilha1!E6+Planilha2!E6+Planilha3!E6)/3 -> 772097 | F6: =(Planilha1!F6+Planilha2!F6+Planilha3!F6)/3 -> 769701.33 | G6: =(Planilha1!G6+Planilha2!G6+Planilha3!G6)/3 -> 772392.33 | H6: =(Planilha1!H6+Planilha2!H6+Planilha3!H6)/3 -> 767320.33 | I6: =(Planilha1!I6+Planilha2!I6+Planilha3!I6)/3 -> 770453.67 | J6: =(Planilha1!J6+Planilha2!J6+Planilha3!J6)/3 -> 772475.67
B7: =(Planilha1!B7+Planilha2!B7+Planilha3!B7)/3 -> 782885 | C7: =(Planilha1!C7+Planilha2!C7+Planilha3!C7)/3 -> 781809 | D7: =(Planilha1!D7+Planilha2!D7+Planilha3!D7)/3 -> 769797.67 | E7: =(Planilha1!E7+Planilha2!E7+Planilha3!E7)/3 -> 761460.33 | F7: =(Planilha1!F7+Planilha2!F7+Planilha3!F7)/3 -> 769686.33 | G7: =(Planilha1!G7+Planilha2!G7+Planilha3!G7)/3 -> 761946.67 | H7: =(Planilha1!H7+Planilha2!H7+Planilha3!H7)/3 -> 762717.33 | I7: =(Planilha1!I7+Planilha2!I7+Planilha3!I7)/3 -> 761152.33 | J7: =(Planilha1!J7+Planilha2!J7+Planilha3!J7)/3 -> 769864.33
B8: =(Planilha1!B8+Planilha2!B8+Planilha3!B8)/3 -> 661170.33 | C8: =(Planilha1!C8+Planilha2!C8+Planilha3!C8)/3 -> 662044.33 | D8: =(Planilha1!D8+Planilha2!D8+Planilha3!D8)/3 -> 661918 | E8: =(Planilha1!E8+Planilha2!E8+Planilha3!E8)/3 -> 659570 | F8: =(Planilha1!F8+Planilha2!F8+Planilha3!F8)/3 -> 662250.33 | G8: =(Planilha1!G8+Planilha2!G8+Planilha3!G8)/3 -> 660934.33 | H8: =(Planilha1!H8+Planilha2!H8+Planilha3!H8)/3 -> 656161.33 | I8: =(Planilha1!I8+Planilha2!I8+Planilha3!I8)/3 -> 659923.33 | J8: =(Planilha1!J8+Planilha2!J8+Planilha3!J8)/3 -> 649130
B9: =(Planilha1!B9+Planilha2!B9+Planilha3!B9)/3 -> 601797.67 | C9: =(Planilha1!C9+Planilha2!C9+Planilha3!C9)/3 -> 601587 | D9: =(Planilha1!D9+Planilha2!D9+Planilha3!D9)/3 -> 611786.67 | E9: =(Planilha1!E9+Planilha2!E9+Planilha3!E9)/3 -> 598539 | F9: =(Planilha1!F9+Planilha2!F9+Planilha3!F9)/3 -> 596761.33 | G9: =(Planilha1!G9+Planilha2!G9+Planilha3!G9)/3 -> 605864.67 | H9: =(Planilha1!H9+Planilha2!H9+Planilha3!H9)/3 -> 599523 | I9: =(Planilha1!I9+Planilha2!I9+Planilha3!I9)/3 -> 603161.67 | J9: =(Planilha1!J9+Planilha2!J9+Planilha3!J9)/3 -> 593223
B10: =(Planilha1!B10+Planilha2!B10+Planilha3!B10)/3 -> 596960.33 | C10: =(Planilha1!C10+Planilha2!C10+Planilha3!C10)/3 -> 602838.67 | D10: =(Planilha1!D10+Planilha2!D10+Planilha3!D10)/3 -> 605266 | E10: =(Planilha1!E10+Planilha2!E10+Planilha3!E10)/3 -> 584736 | F10: =(Planilha1!F10+Planilha2!F10+Planilha3!F10)/3 -> 598465.33 | G10: =(Planilha1!G10+Planilha2!G10+Planilha3!G10)/3 -> 585851.33 | H10: =(Planilha1!H10+Planilha2!H10+Planilha3!H10)/3 -> 598603 | I10: =(Planilha1!I10+Planilha2!I10+Planilha3!I10)/3 -> 592659.33 | J10: =(Planilha1!J10+Planilha2!J10+Planilha3!J10)/3 -> 596339
B11: =(Planilha1!B11+Planilha2!B11+Planilha3!B11)/3 -> 867295.33 | C11: =(Planilha1!C11+Planilha2!C11+Planilha3!C11)/3 -> 876710 | D11: =(Planilha1!D11+Planilha2!D11+Planilha3!D11)/3 -> 870133.33 | E11: =(Planilha1!E11+Planilha2!E11+Planilha3!E11)/3 -> 855815.67 | F11: =(Planilha1!F11+Planilha2!F11+Planilha3!F11)/3 -> 854432 | G11: =(Planilha1!G11+Planilha2!G11+Planilha3!G11)/3 -> 861263 | H11: =(Planilha1!H11+Planilha2!H11+Planilha3!H11)/3 -> 863016.67 | I11: =(Planilha1!I11+Planilha2!I11+Planilha3!I11)/3 -> 856991.33 | J11: =(Planilha1!J11+Planilha2!J11+Planilha3!J11)/3 -> 852970.67
B12: =(Planilha1!B12+Planilha2!B12+Planilha3!B12)/3 -> 723405.33 | C12: =(Planilha1!C12+Planilha2!C12+Planilha3!C12)/3 -> 723991.33 | D12: =(Planilha1!D12+Planilha2!D12+Planilha3!D12)/3 -> 722935.33 | E12: =(Planilha1!E12+Planilha2!E12+Planilha3!E12)/3 -> 717402 | F12: =(Planilha1!F12+Planilha2!F12+Planilha3!F12)/3 -> 715629.33 | G12: =(Planilha1!G12+Planilha2!G12+Planilha3!G12)/3 -> 707784.33 | H12: =(Planilha1!H12+Planilha2!H12+Planilha3!H12)/3 -> 711990.33 | I12: =(Planilha1!I12+Planilha2!I12+Planilha3!I12)/3 -> 707339.33 | J12: =(Planilha1!J12+Planilha2!J12+Planilha3!J12)/3 -> 715376.67
... B60: =(Planilha1!B60+Planilha2!B60+Planilha3!B60)/3 -> 666661.67 | C60: =(Planilha1!C60+Planilha2!C60+Planilha3!C60)/3 -> 670741 | D60: =(Planilha1!D60+Planilha2!D60+Planilha3!D60)/3 -> 669810.33 | E60: =(Planilha1!E60+Planilha2!E60+Planilha3!E60)/3 -> 666485.67 | F60: =(Planilha1!F60+Planilha2!F60+Planilha3!F60)/3 -> 676662.33 | G60: =(Planilha1!G60+Planilha2!G60+Planilha3!G60)/3 -> 666815 | H60: =(Planilha1!H60+Planilha2!H60+Planilha3!H60)/3 -> 667328 | I60: =(Planilha1!I60+Planilha2!I60+Planilha3!I60)/3 -> 670500.33 | J60: =(Planilha1!J60+Planilha2!J60+Planilha3!J60)/3 -> 660005.33

Sheet Planilha12
A1: Minimum: | B1: 30-5 | C1: 30-8 | D1: 30-10 | E1: 50-5 | F1: 50-8 | G1: 50-10 | H1: 70-5 | I1: 70-8 | J1: 70-10
A2: =MIN(Planilha11!B1:J1) -> 675974.33 | B2: =100*( Planilha11!B1-Planilha12!$A2)/Planilha12!$A2 -> 1.6237303 | C2: =100*( Planilha11!C1-Planilha12!$A2)/Planilha12!$A2 -> 1.9106741 | D2: =100*( Planilha11!D1-Planilha12!$A2)/Planilha12!$A2 -> 0.91334829 | E2: =100*( Planilha11!E1-Planilha12!$A2)/Planilha12!$A2 -> 1.2750977 | F2: =100*( Planilha11!F1-Planilha12!$A2)/Planilha12!$A2 -> 0.77073932 | G2: =100*( Planilha11!G1-Planilha12!$A2)/Planilha12!$A2 -> 0.93553848 | H2: =100*( Planilha11!H1-Planilha12!$A2)/Planilha12!$A2 -> 0.42388197 | I2: =100*( Planilha11!I1-Planilha12!$A2)/Planilha12!$A2 -> 0.16085423 | J2: =100*( Planilha11!J1-Planilha12!$A2)/Planilha12!$A2 -> 0
A3: =MIN(Planilha11!B2:J2) -> 714192 | B3: =100*( Planilha11!B2-Planilha12!$A3)/Planilha12!$A3 -> 1.2436898 | C3: =100*( Planilha11!C2-Planilha12!$A3)/Planilha12!$A3 -> 1.2825216 | D3: =100*( Planilha11!D2-Planilha12!$A3)/Planilha12!$A3 -> 2.0539761 | E3: =100*( Planilha11!E2-Planilha12!$A3)/Planilha12!$A3 -> 2.1198781 | F3: =100*( Planilha11!F2-Planilha12!$A3)/Planilha12!$A3 -> 0.61869451 | G3: =100*( Planilha11!G2-Planilha12!$A3)/Planilha12!$A3 -> 1.1216872 | H3: =100*( Planilha11!H2-Planilha12!$A3)/Planilha12!$A3 -> 0 | I3: =100*( Planilha11!I2-Planilha12!$A3)/Planilha12!$A3 -> 0.73990374 | J3: =100*( Planilha11!J2-Planilha12!$A3)/Planilha12!$A3 -> 0.4298564
A4: =MIN(Planilha11!B3:J3) -> 733828 | B4: =100*( Planilha11!B3-Planilha12!$A4)/Planilha12!$A4 -> 3.5900783 | C4: =100*( Planilha11!C3-Planilha12!$A4)/Planilha12!$A4 -> 3.1704069 | D4: =100*( Planilha11!D3-Planilha12!$A4)/Planilha12!$A4 -> 3.9973491 | E4: =100*( Planilha11!E3-Planilha12!$A4)/Planilha12!$A4 -> 2.8954106 | F4: =100*( Planilha11!F3-Planilha12!$A4)/Planilha12!$A4 -> 1.6408023 | G4: =100*( Planilha11!G3-Planilha12!$A4)/Planilha12!$A4 -> 2.2413063 | H4: =100*( Planilha11!H3-Planilha12!$A4)/Planilha12!$A4 -> 1.4972173 | I4: =100*( Planilha11!I3-Planilha12!$A4)/Planilha12!$A4 -> 0.28776044 | J4: =100*( Planilha11!J3-Planilha12!$A4)/Planilha12!$A4 -> 0
A5: =MIN(Planilha11!B4:J4) -> 700633 | B5: =100*( Planilha11!B4-Planilha12!$A5)/Planilha12!$A5 -> 1.7405689 | C5: =100*( Planilha11!C4-Planilha12!$A5)/Planilha12!$A5 -> 1.0840197 | D5: =100*( Planilha11!D4-Planilha12!$A5)/Planilha12!$A5 -> 0.34939833 | E5: =100*( Planilha11!E4-Planilha12!$A5)/Planilha12!$A5 -> 1.7353355 | F5: =100*( Planilha11!F4-Planilha12!$A5)/Planilha12!$A5 -> 1.8120281 | G5: =100*( Planilha11!G4-Planilha12!$A5)/Planilha12!$A5 -> 0.60183672 | H5: =100*( Planilha11!H4-Planilha12!$A5)/Planilha12!$A5 -> 1.4199065 | I5: =100*( Planilha11!I4-Planilha12!$A5)/Planilha12!$A5 -> 0 | J5: =100*( Planilha11!J4-Planilha12!$A5)/Planilha12!$A5 -> 0.9140306
A6: =MIN(Planilha11!B5:J5) -> 688475.33 | B6: =100*( Planilha11!B5-Planilha12!$A6)/Planilha12!$A6 -> 1.7987573 | C6: =100*( Planilha11!C5-Planilha12!$A6)/Planilha12!$A6 -> 2.5449956 | D6: =100*( Planilha11!D5-Planilha12!$A6)/Planilha12!$A6 -> 1.9861278 | E6: =100*( Planilha11!E5-Planilha12!$A6)/Planilha12!$A6 -> 0 | F6: =100*( Planilha11!F5-Planilha12!$A6)/Planilha12!$A6 -> 0.53596691 | G6: =100*( Planilha11!G5-Planilha12!$A6)/Planilha12!$A6 -> 1.5135376 | H6: =100*( Planilha11!H5-Planilha12!$A6)/Planilha12!$A6 -> 0.88223931 | I6: =100*( Planilha11!I5-Planilha12!$A6)/Planilha12!$A6 -> 0.69971037 | J6: =100*( Planilha11!J5-Planilha12!$A6)/Planilha12!$A6 -> 0.27355132
A7: =MIN(Planilha11!B6:J6) -> 767320.33 | B7: =100*( Planilha11!B6-Planilha12!$A7)/Planilha12!$A7 -> 1.7559811 | C7: =100*( Planilha11!C6-Planilha12!$A7)/Planilha12!$A7 -> 0.68393861 | D7: =100*( Planilha11!D6-Planilha12!$A7)/Planilha12!$A7 -> 1.8826991 | E7: =100*( Planilha11!E6-Planilha12!$A7)/Planilha12!$A7 -> 0.62251272 | F7: =100*( Planilha11!F6-Planilha12!$A7)/Planilha12!$A7 -> 0.31030065 | G7: =100*( Planilha11!G6-Planilha12!$A7)/Planilha12!$A7 -> 0.66100164 | H7: =100*( Planilha11!H6-Planilha12!$A7)/Planilha12!$A7 -> 0 | I7: =100*( Planilha11!I6-Planilha12!$A7)/Planilha12!$A7 -> 0.40834749 | J7: =100*( Planilha11!J6-Planilha12!$A7)/Planilha12!$A7 -> 0.67186195
A8: =MIN(Planilha11!B7:J7) -> 761152.33 | B8: =100*( Planilha11!B7-Planilha12!$A8)/Planilha12!$A8 -> 2.8552322 | C8: =100*( Planilha11!C7-Planilha12!$A8)/Planilha12!$A8 -> 2.7138676 | D8: =100*( Planilha11!D7-Planilha12!$A8)/Planilha12!$A8 -> 1.1358217 | E8: =100*( Planilha11!E7-Planilha12!$A8)/Planilha12!$A8 -> 0.040464962 | F8: =100*( Planilha11!F7-Planilha12!$A8)/Planilha12!$A8 -> 1.1211947 | G8: =100*( Planilha11!G7-Planilha12!$A8)/Planilha12!$A8 -> 0.10435931 | H8: =100*( Planilha11!H7-Planilha12!$A8)/Planilha12!$A8 -> 0.2056093 | I8: =100*( Planilha11!I7-Planilha12!$A8)/Planilha12!$A8 -> 0 | J8: =100*( Planilha11!J7-Planilha12!$A8)/Planilha12!$A8 -> 1.1445803
A9: =MIN(Planilha11!B8:J8) -> 649130 | B9: =100*( Planilha11!B8-Planilha12!$A9)/Planilha12!$A9 -> 1.8548416 | C9: =100*( Planilha11!C8-Planilha12!$A9)/Planilha12!$A9 -> 1.9894834 | D9: =100*( Planilha11!D8-Planilha12!$A9)/Planilha12!$A9 -> 1.9700214 | E9: =100*( Planilha11!E8-Planilha12!$A9)/Planilha12!$A9 -> 1.6083065 | F9: =100*( Planilha11!F8-Planilha12!$A9)/Planilha12!$A9 -> 2.0212181 | G9: =100*( Planilha11!G8-Planilha12!$A9)/Planilha12!$A9 -> 1.8184853 | H9: =100*( Planilha11!H8-Planilha12!$A9)/Planilha12!$A9 -> 1.0831934 | I9: =100*( Planilha11!I8-Planilha12!$A9)/Planilha12!$A9 -> 1.6627383 | J9: =100*( Planilha11!J8-Planilha12!$A9)/Planilha12!$A9 -> 0
A10: =MIN(Planilha11!B9:J9) -> 593223 | B10: =100*( Planilha11!B9-Planilha12!$A10)/Planilha12!$A10 -> 1.4454373 | C10: =100*( Planilha11!C9-Planilha12!$A10)/Planilha12!$A10 -> 1.4099251 | D10: =100*( Planilha11!D9-Planilha12!$A10)/Planilha12!$A10 -> 3.1292898 | E10: =100*( Planilha11!E9-Planilha12!$A10)/Planilha12!$A10 -> 0.89612169 | F10: =100*( Planilha11!F9-Planilha12!$A10)/Planilha12!$A10 -> 0.59645923 | G10: =100*( Planilha11!G9-Planilha12!$A10)/Planilha12!$A10 -> 2.1310143 | H10: =100*( Planilha11!H9-Planilha12!$A10)/Planilha12!$A10 -> 1.0619952 | I10: =100*( Planilha11!I9-Planilha12!$A10)/Planilha12!$A10 -> 1.6753677 | J10: =100*( Planilha11!J9-Planilha12!$A10)/Planilha12!$A10 -> 0
A11: =MIN(Planilha11!B10:J10) -> 584736 | B11: =100*( Planilha11!B10-Planilha12!$A11)/Planilha12!$A11 -> 2.0905731 | C11: =100*( Planilha11!C10-Planilha12!$A11)/Planilha12!$A11 -> 3.09587 | D11: =100*( Planilha11!D10-Planilha12!$A11)/Planilha12!$A11 -> 3.5109862 | E11: =100*( Planilha11!E10-Planilha12!$A11)/Planilha12!$A11 -> 0 | F11: =100*( Planilha11!F10-Planilha12!$A11)/Planilha12!$A11 -> 2.3479542 | G11: =100*( Planilha11!G10-Planilha12!$A11)/Planilha12!$A11 -> 0.19074135 | H11: =100*( Planilha11!H10-Planilha12!$A11)/Planilha12!$A11 -> 2.3714976 | I11: =100*( Planilha11!I10-Planilha12!$A11)/Planilha12!$A11 -> 1.3550275 | J11: =100*( Planilha11!J10-Planilha12!$A11)/Planilha12!$A11 -> 1.9843143
A12: =MIN(Planilha11!B11:J11) -> 852970.67 | B12: =100*( Planilha11!B11-Planilha12!$A12)/Planilha12!$A12 -> 1.6793856 | C12: =100*( Planilha11!C11-Planilha12!$A12)/Planilha12!$A12 -> 2.783136 | D12: =100*( Planilha11!D11-Planilha12!$A12)/Planilha12!$A12 -> 2.0121051 | E12: =100*( Planilha11!E11-Planilha12!$A12)/Planilha12!$A12 -> 0.33354019 | F12: =100*( Planilha11!F11-Planilha12!$A12)/Planilha12!$A12 -> 0.17132281 | G12: =100*( Planilha11!G11-Planilha12!$A12)/Planilha12!$A12 -> 0.97217099 | H12: =100*( Planilha11!H11-Planilha12!$A12)/Planilha12!$A12 -> 1.1777662 | I12: =100*( Planilha11!I11-Planilha12!$A12)/Planilha12!$A12 -> 0.47137221 | J12: =100*( Planilha11!J11-Planilha12!$A12)/Planilha12!$A12 -> 0
A13: =MIN(Planilha11!B12:J12) -> 707339.33 | B13: =100*( Planilha11!B12-Planilha12!$A13)/Planilha12!$A13 -> 2.2713285 | C13: =100*( Planilha11!C12-Planilha12!$A13)/Planilha12!$A13 -> 2.3541742 | D13: =100*( Planilha11!D12-Planilha12!$A13)/Planilha12!$A13 -> 2.2048823 | E13: =100*( Planilha11!E12-Planilha12!$A13)/Planilha12!$A13 -> 1.4226081 | F13: =100*( Planilha11!F12-Planilha12!$A13)/Planilha12!$A13 -> 1.1719976 | G13: =100*( Planilha11!G12-Planilha12!$A13)/Planilha12!$A13 -> 0.062911813 | H13: =100*( Planilha11!H12-Planilha12!$A13)/Planilha12!$A13 -> 0.65753448 | I13: =100*( Planilha11!I12-Planilha12!$A13)/Planilha12!$A13 -> 0 | J13: =100*( Planilha11!J12-Planilha12!$A13)/Planilha12!$A13 -> 1.1362769
... A61: =MIN(Planilha11!B60:J60) -> 660005.33 | B61: =100*( Planilha11!B60-Planilha12!$A61)/Planilha12!$A61 -> 1.0085272 | C61: =100*( Planilha11!C60-Planilha12!$A61)/Planilha12!$A61 -> 1.626603 | D61: =100*( Planilha11!D60-Planilha12!$A61)/Planilha12!$A61 -> 1.4855941 | E61: =100*( Planilha11!E60-Planilha12!$A61)/Planilha12!$A61 -> 0.98186075 | F61: =100*( Planilha11!F60-Planilha12!$A61)/Planilha12!$A61 -> 2.5237675 | G61: =100*( Planilha11!G60-Planilha12!$A61)/Planilha12!$A61 -> 1.0317593 | H61: =100*( Planilha11!H60-Planilha12!$A61)/Planilha12!$A61 -> 1.109486 | I61: =100*( Planilha11!I60-Planilha12!$A61)/Planilha12!$A61 -> 1.5901387 | J61: =100*( Planilha11!J60-Planilha12!$A61)/Planilha12!$A61 -> 0
A63: graph - >Interval -> simple -> seleciona tudo > ok
A64: Nao batem horizontalmente/verticalmente -> estatisticamente melhor
